ISO-10303-21;
HEADER;
FILE_DESCRIPTION(('Open CASCADE Model'),'2;1');
FILE_NAME('Open CASCADE Shape Model','2026-06-03T20:59:56',('Author'),(
    'Open CASCADE'),'Open CASCADE STEP processor 7.9','Open CASCADE 7.9'
  ,'Unknown');
FILE_SCHEMA(('AUTOMOTIVE_DESIGN { 1 0 10303 214 1 1 1 1 }'));
ENDSEC;
DATA;
#1 = APPLICATION_PROTOCOL_DEFINITION('international standard',
  'automotive_design',2000,#2);
#2 = APPLICATION_CONTEXT(
  'core data for automotive mechanical design processes');
#3 = SHAPE_DEFINITION_REPRESENTATION(#4,#10);
#4 = PRODUCT_DEFINITION_SHAPE('','',#5);
#5 = PRODUCT_DEFINITION('design','',#6,#9);
#6 = PRODUCT_DEFINITION_FORMATION('','',#7);
#7 = PRODUCT('COMPOUND','COMPOUND','',(#8));
#8 = PRODUCT_CONTEXT('',#2,'mechanical');
#9 = PRODUCT_DEFINITION_CONTEXT('part definition',#2,'design');
#10 = SHAPE_REPRESENTATION('',(#11,#15,#153,#291,#429,#567,#705,#843,
    #981,#1119,#1257,#1395,#1533,#1671,#1809,#1947,#2309,#2507,#3041,
    #3419,#3925,#4383,#4761,#5555,#6355,#6863,#7241,#7747,#8205),#9529);
#11 = AXIS2_PLACEMENT_3D('',#12,#13,#14);
#12 = CARTESIAN_POINT('',(0.,0.,0.));
#13 = DIRECTION('',(0.,0.,1.));
#14 = DIRECTION('',(1.,0.,-0.));
#15 = MANIFOLD_SOLID_BREP('',#16);
#16 = CLOSED_SHELL('',(#17,#53,#81,#109,#129,#141));
#17 = ADVANCED_FACE('',(#18),#48,.F.);
#18 = FACE_BOUND('',#19,.T.);
#19 = EDGE_LOOP('',(#20,#29,#36,#43));
#20 = ORIENTED_EDGE('',*,*,#21,.T.);
#21 = EDGE_CURVE('',#22,#24,#26,.T.);
#22 = VERTEX_POINT('',#23);
#23 = CARTESIAN_POINT('',(0.925,0.625,0.1000001));
#24 = VERTEX_POINT('',#25);
#25 = CARTESIAN_POINT('',(0.925,0.875,0.1000001));
#26 = B_SPLINE_CURVE_WITH_KNOTS('',1,(#27,#28),.UNSPECIFIED.,.F.,.F.,(2,
    2),(-0.25,0.),.PIECEWISE_BEZIER_KNOTS.);
#27 = CARTESIAN_POINT('',(0.925,0.625,0.1000001));
#28 = CARTESIAN_POINT('',(0.925,0.875,0.1000001));
#29 = ORIENTED_EDGE('',*,*,#30,.F.);
#30 = EDGE_CURVE('',#31,#24,#33,.T.);
#31 = VERTEX_POINT('',#32);
#32 = CARTESIAN_POINT('',(0.925,0.875,9.999999994736E-08));
#33 = B_SPLINE_CURVE_WITH_KNOTS('',1,(#34,#35),.UNSPECIFIED.,.F.,.F.,(2,
    2),(0.,0.1),.PIECEWISE_BEZIER_KNOTS.);
#34 = CARTESIAN_POINT('',(0.925,0.875,9.999999994736E-08));
#35 = CARTESIAN_POINT('',(0.925,0.875,0.1000001));
#36 = ORIENTED_EDGE('',*,*,#37,.F.);
#37 = EDGE_CURVE('',#38,#31,#40,.T.);
#38 = VERTEX_POINT('',#39);
#39 = CARTESIAN_POINT('',(0.925,0.625,9.999999994736E-08));
#40 = B_SPLINE_CURVE_WITH_KNOTS('',1,(#41,#42),.UNSPECIFIED.,.F.,.F.,(2,
    2),(-0.25,0.),.PIECEWISE_BEZIER_KNOTS.);
#41 = CARTESIAN_POINT('',(0.925,0.625,9.999999994736E-08));
#42 = CARTESIAN_POINT('',(0.925,0.875,9.999999994736E-08));
#43 = ORIENTED_EDGE('',*,*,#44,.T.);
#44 = EDGE_CURVE('',#38,#22,#45,.T.);
#45 = B_SPLINE_CURVE_WITH_KNOTS('',1,(#46,#47),.UNSPECIFIED.,.F.,.F.,(2,
    2),(0.,0.1),.PIECEWISE_BEZIER_KNOTS.);
#46 = CARTESIAN_POINT('',(0.925,0.625,9.999999994736E-08));
#47 = CARTESIAN_POINT('',(0.925,0.625,0.1000001));
#48 = B_SPLINE_SURFACE_WITH_KNOTS('',1,1,(
    (#49,#50)
    ,(#51,#52
    )),.UNSPECIFIED.,.F.,.F.,.F.,(2,2),(2,2),(-0.25,0.),(0.,0.1),
  .PIECEWISE_BEZIER_KNOTS.);
#49 = CARTESIAN_POINT('',(0.925,0.625,9.999999994736E-08));
#50 = CARTESIAN_POINT('',(0.925,0.625,0.1000001));
#51 = CARTESIAN_POINT('',(0.925,0.875,9.999999994736E-08));
#52 = CARTESIAN_POINT('',(0.925,0.875,0.1000001));
#53 = ADVANCED_FACE('',(#54),#76,.F.);
#54 = FACE_BOUND('',#55,.T.);
#55 = EDGE_LOOP('',(#56,#63,#70,#75));
#56 = ORIENTED_EDGE('',*,*,#57,.T.);
#57 = EDGE_CURVE('',#24,#58,#60,.T.);
#58 = VERTEX_POINT('',#59);
#59 = CARTESIAN_POINT('',(1.4,0.875,0.1000001));
#60 = B_SPLINE_CURVE_WITH_KNOTS('',1,(#61,#62),.UNSPECIFIED.,.F.,.F.,(2,
    2),(-0.475,0.),.PIECEWISE_BEZIER_KNOTS.);
#61 = CARTESIAN_POINT('',(0.925,0.875,0.1000001));
#62 = CARTESIAN_POINT('',(1.4,0.875,0.1000001));
#63 = ORIENTED_EDGE('',*,*,#64,.F.);
#64 = EDGE_CURVE('',#65,#58,#67,.T.);
#65 = VERTEX_POINT('',#66);
#66 = CARTESIAN_POINT('',(1.4,0.875,9.999999994736E-08));
#67 = B_SPLINE_CURVE_WITH_KNOTS('',1,(#68,#69),.UNSPECIFIED.,.F.,.F.,(2,
    2),(0.,0.1),.PIECEWISE_BEZIER_KNOTS.);
#68 = CARTESIAN_POINT('',(1.4,0.875,9.999999994736E-08));
#69 = CARTESIAN_POINT('',(1.4,0.875,0.1000001));
#70 = ORIENTED_EDGE('',*,*,#71,.F.);
#71 = EDGE_CURVE('',#31,#65,#72,.T.);
#72 = B_SPLINE_CURVE_WITH_KNOTS('',1,(#73,#74),.UNSPECIFIED.,.F.,.F.,(2,
    2),(-0.475,0.),.PIECEWISE_BEZIER_KNOTS.);
#73 = CARTESIAN_POINT('',(0.925,0.875,9.999999994736E-08));
#74 = CARTESIAN_POINT('',(1.4,0.875,9.999999994736E-08));
#75 = ORIENTED_EDGE('',*,*,#30,.T.);
#76 = B_SPLINE_SURFACE_WITH_KNOTS('',1,1,(
    (#77,#78)
    ,(#79,#80
    )),.UNSPECIFIED.,.F.,.F.,.F.,(2,2),(2,2),(-0.475,0.),(0.,0.1),
  .PIECEWISE_BEZIER_KNOTS.);
#77 = CARTESIAN_POINT('',(0.925,0.875,9.999999994736E-08));
#78 = CARTESIAN_POINT('',(0.925,0.875,0.1000001));
#79 = CARTESIAN_POINT('',(1.4,0.875,9.999999994736E-08));
#80 = CARTESIAN_POINT('',(1.4,0.875,0.1000001));
#81 = ADVANCED_FACE('',(#82),#104,.F.);
#82 = FACE_BOUND('',#83,.T.);
#83 = EDGE_LOOP('',(#84,#91,#98,#103));
#84 = ORIENTED_EDGE('',*,*,#85,.T.);
#85 = EDGE_CURVE('',#58,#86,#88,.T.);
#86 = VERTEX_POINT('',#87);
#87 = CARTESIAN_POINT('',(1.4,0.625,0.1000001));
#88 = B_SPLINE_CURVE_WITH_KNOTS('',1,(#89,#90),.UNSPECIFIED.,.F.,.F.,(2,
    2),(0.,0.25),.PIECEWISE_BEZIER_KNOTS.);
#89 = CARTESIAN_POINT('',(1.4,0.875,0.1000001));
#90 = CARTESIAN_POINT('',(1.4,0.625,0.1000001));
#91 = ORIENTED_EDGE('',*,*,#92,.F.);
#92 = EDGE_CURVE('',#93,#86,#95,.T.);
#93 = VERTEX_POINT('',#94);
#94 = CARTESIAN_POINT('',(1.4,0.625,9.999999994736E-08));
#95 = B_SPLINE_CURVE_WITH_KNOTS('',1,(#96,#97),.UNSPECIFIED.,.F.,.F.,(2,
    2),(0.,0.1),.PIECEWISE_BEZIER_KNOTS.);
#96 = CARTESIAN_POINT('',(1.4,0.625,9.999999994736E-08));
#97 = CARTESIAN_POINT('',(1.4,0.625,0.1000001));
#98 = ORIENTED_EDGE('',*,*,#99,.F.);
#99 = EDGE_CURVE('',#65,#93,#100,.T.);
#100 = B_SPLINE_CURVE_WITH_KNOTS('',1,(#101,#102),.UNSPECIFIED.,.F.,.F.,
  (2,2),(0.,0.25),.PIECEWISE_BEZIER_KNOTS.);
#101 = CARTESIAN_POINT('',(1.4,0.875,9.999999994736E-08));
#102 = CARTESIAN_POINT('',(1.4,0.625,9.999999994736E-08));
#103 = ORIENTED_EDGE('',*,*,#64,.T.);
#104 = B_SPLINE_SURFACE_WITH_KNOTS('',1,1,(
    (#105,#106)
    ,(#107,#108
    )),.UNSPECIFIED.,.F.,.F.,.F.,(2,2),(2,2),(0.,0.1),(-0.25,0.),
  .PIECEWISE_BEZIER_KNOTS.);
#105 = CARTESIAN_POINT('',(1.4,0.625,9.999999994736E-08));
#106 = CARTESIAN_POINT('',(1.4,0.875,9.999999994736E-08));
#107 = CARTESIAN_POINT('',(1.4,0.625,0.1000001));
#108 = CARTESIAN_POINT('',(1.4,0.875,0.1000001));
#109 = ADVANCED_FACE('',(#110),#124,.F.);
#110 = FACE_BOUND('',#111,.T.);
#111 = EDGE_LOOP('',(#112,#117,#118,#123));
#112 = ORIENTED_EDGE('',*,*,#113,.T.);
#113 = EDGE_CURVE('',#86,#22,#114,.T.);
#114 = B_SPLINE_CURVE_WITH_KNOTS('',1,(#115,#116),.UNSPECIFIED.,.F.,.F.,
  (2,2),(0.,0.475),.PIECEWISE_BEZIER_KNOTS.);
#115 = CARTESIAN_POINT('',(1.4,0.625,0.1000001));
#116 = CARTESIAN_POINT('',(0.925,0.625,0.1000001));
#117 = ORIENTED_EDGE('',*,*,#44,.F.);
#118 = ORIENTED_EDGE('',*,*,#119,.F.);
#119 = EDGE_CURVE('',#93,#38,#120,.T.);
#120 = B_SPLINE_CURVE_WITH_KNOTS('',1,(#121,#122),.UNSPECIFIED.,.F.,.F.,
  (2,2),(0.,0.475),.PIECEWISE_BEZIER_KNOTS.);
#121 = CARTESIAN_POINT('',(1.4,0.625,9.999999994736E-08));
#122 = CARTESIAN_POINT('',(0.925,0.625,9.999999994736E-08));
#123 = ORIENTED_EDGE('',*,*,#92,.T.);
#124 = B_SPLINE_SURFACE_WITH_KNOTS('',1,1,(
    (#125,#126)
    ,(#127,#128
    )),.UNSPECIFIED.,.F.,.F.,.F.,(2,2),(2,2),(0.,0.1),(-0.475,0.),
  .PIECEWISE_BEZIER_KNOTS.);
#125 = CARTESIAN_POINT('',(0.925,0.625,9.999999994736E-08));
#126 = CARTESIAN_POINT('',(1.4,0.625,9.999999994736E-08));
#127 = CARTESIAN_POINT('',(0.925,0.625,0.1000001));
#128 = CARTESIAN_POINT('',(1.4,0.625,0.1000001));
#129 = ADVANCED_FACE('',(#130),#136,.T.);
#130 = FACE_BOUND('',#131,.T.);
#131 = EDGE_LOOP('',(#132,#133,#134,#135));
#132 = ORIENTED_EDGE('',*,*,#37,.T.);
#133 = ORIENTED_EDGE('',*,*,#71,.T.);
#134 = ORIENTED_EDGE('',*,*,#99,.T.);
#135 = ORIENTED_EDGE('',*,*,#119,.T.);
#136 = B_SPLINE_SURFACE_WITH_KNOTS('',1,1,(
    (#137,#138)
    ,(#139,#140
    )),.UNSPECIFIED.,.F.,.F.,.F.,(2,2),(2,2),(-1.4,-0.925),(0.625,0.875)
  ,.PIECEWISE_BEZIER_KNOTS.);
#137 = CARTESIAN_POINT('',(1.4,0.625,9.999999994736E-08));
#138 = CARTESIAN_POINT('',(1.4,0.875,9.999999994736E-08));
#139 = CARTESIAN_POINT('',(0.925,0.625,9.999999994736E-08));
#140 = CARTESIAN_POINT('',(0.925,0.875,9.999999994736E-08));
#141 = ADVANCED_FACE('',(#142),#148,.F.);
#142 = FACE_BOUND('',#143,.T.);
#143 = EDGE_LOOP('',(#144,#145,#146,#147));
#144 = ORIENTED_EDGE('',*,*,#21,.F.);
#145 = ORIENTED_EDGE('',*,*,#113,.F.);
#146 = ORIENTED_EDGE('',*,*,#85,.F.);
#147 = ORIENTED_EDGE('',*,*,#57,.F.);
#148 = B_SPLINE_SURFACE_WITH_KNOTS('',1,1,(
    (#149,#150)
    ,(#151,#152
    )),.UNSPECIFIED.,.F.,.F.,.F.,(2,2),(2,2),(-1.4,-0.925),(0.625,0.875)
  ,.PIECEWISE_BEZIER_KNOTS.);
#149 = CARTESIAN_POINT('',(1.4,0.625,0.1000001));
#150 = CARTESIAN_POINT('',(1.4,0.875,0.1000001));
#151 = CARTESIAN_POINT('',(0.925,0.625,0.1000001));
#152 = CARTESIAN_POINT('',(0.925,0.875,0.1000001));
#153 = MANIFOLD_SOLID_BREP('',#154);
#154 = CLOSED_SHELL('',(#155,#191,#219,#247,#267,#279));
#155 = ADVANCED_FACE('',(#156),#186,.F.);
#156 = FACE_BOUND('',#157,.T.);
#157 = EDGE_LOOP('',(#158,#167,#174,#181));
#158 = ORIENTED_EDGE('',*,*,#159,.T.);
#159 = EDGE_CURVE('',#160,#162,#164,.T.);
#160 = VERTEX_POINT('',#161);
#161 = CARTESIAN_POINT('',(0.375,0.675,0.1000001));
#162 = VERTEX_POINT('',#163);
#163 = CARTESIAN_POINT('',(0.375,1.15,0.1000001));
#164 = B_SPLINE_CURVE_WITH_KNOTS('',1,(#165,#166),.UNSPECIFIED.,.F.,.F.,
  (2,2),(-0.475,0.),.PIECEWISE_BEZIER_KNOTS.);
#165 = CARTESIAN_POINT('',(0.375,0.675,0.1000001));
#166 = CARTESIAN_POINT('',(0.375,1.15,0.1000001));
#167 = ORIENTED_EDGE('',*,*,#168,.F.);
#168 = EDGE_CURVE('',#169,#162,#171,.T.);
#169 = VERTEX_POINT('',#170);
#170 = CARTESIAN_POINT('',(0.375,1.15,9.999999994736E-08));
#171 = B_SPLINE_CURVE_WITH_KNOTS('',1,(#172,#173),.UNSPECIFIED.,.F.,.F.,
  (2,2),(0.,0.1),.PIECEWISE_BEZIER_KNOTS.);
#172 = CARTESIAN_POINT('',(0.375,1.15,9.999999994736E-08));
#173 = CARTESIAN_POINT('',(0.375,1.15,0.1000001));
#174 = ORIENTED_EDGE('',*,*,#175,.F.);
#175 = EDGE_CURVE('',#176,#169,#178,.T.);
#176 = VERTEX_POINT('',#177);
#177 = CARTESIAN_POINT('',(0.375,0.675,9.999999994736E-08));
#178 = B_SPLINE_CURVE_WITH_KNOTS('',1,(#179,#180),.UNSPECIFIED.,.F.,.F.,
  (2,2),(-0.475,0.),.PIECEWISE_BEZIER_KNOTS.);
#179 = CARTESIAN_POINT('',(0.375,0.675,9.999999994736E-08));
#180 = CARTESIAN_POINT('',(0.375,1.15,9.999999994736E-08));
#181 = ORIENTED_EDGE('',*,*,#182,.T.);
#182 = EDGE_CURVE('',#176,#160,#183,.T.);
#183 = B_SPLINE_CURVE_WITH_KNOTS('',1,(#184,#185),.UNSPECIFIED.,.F.,.F.,
  (2,2),(0.,0.1),.PIECEWISE_BEZIER_KNOTS.);
#184 = CARTESIAN_POINT('',(0.375,0.675,9.999999994736E-08));
#185 = CARTESIAN_POINT('',(0.375,0.675,0.1000001));
#186 = B_SPLINE_SURFACE_WITH_KNOTS('',1,1,(
    (#187,#188)
    ,(#189,#190
    )),.UNSPECIFIED.,.F.,.F.,.F.,(2,2),(2,2),(-0.475,0.),(0.,0.1),
  .PIECEWISE_BEZIER_KNOTS.);
#187 = CARTESIAN_POINT('',(0.375,0.675,9.999999994736E-08));
#188 = CARTESIAN_POINT('',(0.375,0.675,0.1000001));
#189 = CARTESIAN_POINT('',(0.375,1.15,9.999999994736E-08));
#190 = CARTESIAN_POINT('',(0.375,1.15,0.1000001));
#191 = ADVANCED_FACE('',(#192),#214,.F.);
#192 = FACE_BOUND('',#193,.T.);
#193 = EDGE_LOOP('',(#194,#201,#208,#213));
#194 = ORIENTED_EDGE('',*,*,#195,.T.);
#195 = EDGE_CURVE('',#162,#196,#198,.T.);
#196 = VERTEX_POINT('',#197);
#197 = CARTESIAN_POINT('',(0.625,1.15,0.1000001));
#198 = B_SPLINE_CURVE_WITH_KNOTS('',1,(#199,#200),.UNSPECIFIED.,.F.,.F.,
  (2,2),(-0.25,0.),.PIECEWISE_BEZIER_KNOTS.);
#199 = CARTESIAN_POINT('',(0.375,1.15,0.1000001));
#200 = CARTESIAN_POINT('',(0.625,1.15,0.1000001));
#201 = ORIENTED_EDGE('',*,*,#202,.F.);
#202 = EDGE_CURVE('',#203,#196,#205,.T.);
#203 = VERTEX_POINT('',#204);
#204 = CARTESIAN_POINT('',(0.625,1.15,9.999999994736E-08));
#205 = B_SPLINE_CURVE_WITH_KNOTS('',1,(#206,#207),.UNSPECIFIED.,.F.,.F.,
  (2,2),(0.,0.1),.PIECEWISE_BEZIER_KNOTS.);
#206 = CARTESIAN_POINT('',(0.625,1.15,9.999999994736E-08));
#207 = CARTESIAN_POINT('',(0.625,1.15,0.1000001));
#208 = ORIENTED_EDGE('',*,*,#209,.F.);
#209 = EDGE_CURVE('',#169,#203,#210,.T.);
#210 = B_SPLINE_CURVE_WITH_KNOTS('',1,(#211,#212),.UNSPECIFIED.,.F.,.F.,
  (2,2),(-0.25,0.),.PIECEWISE_BEZIER_KNOTS.);
#211 = CARTESIAN_POINT('',(0.375,1.15,9.999999994736E-08));
#212 = CARTESIAN_POINT('',(0.625,1.15,9.999999994736E-08));
#213 = ORIENTED_EDGE('',*,*,#168,.T.);
#214 = B_SPLINE_SURFACE_WITH_KNOTS('',1,1,(
    (#215,#216)
    ,(#217,#218
    )),.UNSPECIFIED.,.F.,.F.,.F.,(2,2),(2,2),(-0.1,0.),(-0.25,0.),
  .PIECEWISE_BEZIER_KNOTS.);
#215 = CARTESIAN_POINT('',(0.375,1.15,0.1000001));
#216 = CARTESIAN_POINT('',(0.625,1.15,0.1000001));
#217 = CARTESIAN_POINT('',(0.375,1.15,9.999999994736E-08));
#218 = CARTESIAN_POINT('',(0.625,1.15,9.999999994736E-08));
#219 = ADVANCED_FACE('',(#220),#242,.F.);
#220 = FACE_BOUND('',#221,.T.);
#221 = EDGE_LOOP('',(#222,#229,#236,#241));
#222 = ORIENTED_EDGE('',*,*,#223,.T.);
#223 = EDGE_CURVE('',#196,#224,#226,.T.);
#224 = VERTEX_POINT('',#225);
#225 = CARTESIAN_POINT('',(0.625,0.675,0.1000001));
#226 = B_SPLINE_CURVE_WITH_KNOTS('',1,(#227,#228),.UNSPECIFIED.,.F.,.F.,
  (2,2),(0.,0.475),.PIECEWISE_BEZIER_KNOTS.);
#227 = CARTESIAN_POINT('',(0.625,1.15,0.1000001));
#228 = CARTESIAN_POINT('',(0.625,0.675,0.1000001));
#229 = ORIENTED_EDGE('',*,*,#230,.F.);
#230 = EDGE_CURVE('',#231,#224,#233,.T.);
#231 = VERTEX_POINT('',#232);
#232 = CARTESIAN_POINT('',(0.625,0.675,9.999999994736E-08));
#233 = B_SPLINE_CURVE_WITH_KNOTS('',1,(#234,#235),.UNSPECIFIED.,.F.,.F.,
  (2,2),(0.,0.1),.PIECEWISE_BEZIER_KNOTS.);
#234 = CARTESIAN_POINT('',(0.625,0.675,9.999999994736E-08));
#235 = CARTESIAN_POINT('',(0.625,0.675,0.1000001));
#236 = ORIENTED_EDGE('',*,*,#237,.F.);
#237 = EDGE_CURVE('',#203,#231,#238,.T.);
#238 = B_SPLINE_CURVE_WITH_KNOTS('',1,(#239,#240),.UNSPECIFIED.,.F.,.F.,
  (2,2),(0.,0.475),.PIECEWISE_BEZIER_KNOTS.);
#239 = CARTESIAN_POINT('',(0.625,1.15,9.999999994736E-08));
#240 = CARTESIAN_POINT('',(0.625,0.675,9.999999994736E-08));
#241 = ORIENTED_EDGE('',*,*,#202,.T.);
#242 = B_SPLINE_SURFACE_WITH_KNOTS('',1,1,(
    (#243,#244)
    ,(#245,#246
    )),.UNSPECIFIED.,.F.,.F.,.F.,(2,2),(2,2),(0.,0.475),(0.,0.1),
  .PIECEWISE_BEZIER_KNOTS.);
#243 = CARTESIAN_POINT('',(0.625,1.15,9.999999994736E-08));
#244 = CARTESIAN_POINT('',(0.625,1.15,0.1000001));
#245 = CARTESIAN_POINT('',(0.625,0.675,9.999999994736E-08));
#246 = CARTESIAN_POINT('',(0.625,0.675,0.1000001));
#247 = ADVANCED_FACE('',(#248),#262,.F.);
#248 = FACE_BOUND('',#249,.T.);
#249 = EDGE_LOOP('',(#250,#255,#256,#261));
#250 = ORIENTED_EDGE('',*,*,#251,.T.);
#251 = EDGE_CURVE('',#224,#160,#252,.T.);
#252 = B_SPLINE_CURVE_WITH_KNOTS('',1,(#253,#254),.UNSPECIFIED.,.F.,.F.,
  (2,2),(0.,0.25),.PIECEWISE_BEZIER_KNOTS.);
#253 = CARTESIAN_POINT('',(0.625,0.675,0.1000001));
#254 = CARTESIAN_POINT('',(0.375,0.675,0.1000001));
#255 = ORIENTED_EDGE('',*,*,#182,.F.);
#256 = ORIENTED_EDGE('',*,*,#257,.F.);
#257 = EDGE_CURVE('',#231,#176,#258,.T.);
#258 = B_SPLINE_CURVE_WITH_KNOTS('',1,(#259,#260),.UNSPECIFIED.,.F.,.F.,
  (2,2),(0.,0.25),.PIECEWISE_BEZIER_KNOTS.);
#259 = CARTESIAN_POINT('',(0.625,0.675,9.999999994736E-08));
#260 = CARTESIAN_POINT('',(0.375,0.675,9.999999994736E-08));
#261 = ORIENTED_EDGE('',*,*,#230,.T.);
#262 = B_SPLINE_SURFACE_WITH_KNOTS('',1,1,(
    (#263,#264)
    ,(#265,#266
    )),.UNSPECIFIED.,.F.,.F.,.F.,(2,2),(2,2),(0.,0.1),(-0.25,0.),
  .PIECEWISE_BEZIER_KNOTS.);
#263 = CARTESIAN_POINT('',(0.375,0.675,9.999999994736E-08));
#264 = CARTESIAN_POINT('',(0.625,0.675,9.999999994736E-08));
#265 = CARTESIAN_POINT('',(0.375,0.675,0.1000001));
#266 = CARTESIAN_POINT('',(0.625,0.675,0.1000001));
#267 = ADVANCED_FACE('',(#268),#274,.T.);
#268 = FACE_BOUND('',#269,.T.);
#269 = EDGE_LOOP('',(#270,#271,#272,#273));
#270 = ORIENTED_EDGE('',*,*,#175,.T.);
#271 = ORIENTED_EDGE('',*,*,#209,.T.);
#272 = ORIENTED_EDGE('',*,*,#237,.T.);
#273 = ORIENTED_EDGE('',*,*,#257,.T.);
#274 = B_SPLINE_SURFACE_WITH_KNOTS('',1,1,(
    (#275,#276)
    ,(#277,#278
  )),.UNSPECIFIED.,.F.,.F.,.F.,(2,2),(2,2),(-0.625,-0.375),(0.675,1.15),
  .PIECEWISE_BEZIER_KNOTS.);
#275 = CARTESIAN_POINT('',(0.625,0.675,9.999999994736E-08));
#276 = CARTESIAN_POINT('',(0.625,1.15,9.999999994736E-08));
#277 = CARTESIAN_POINT('',(0.375,0.675,9.999999994736E-08));
#278 = CARTESIAN_POINT('',(0.375,1.15,9.999999994736E-08));
#279 = ADVANCED_FACE('',(#280),#286,.F.);
#280 = FACE_BOUND('',#281,.T.);
#281 = EDGE_LOOP('',(#282,#283,#284,#285));
#282 = ORIENTED_EDGE('',*,*,#159,.F.);
#283 = ORIENTED_EDGE('',*,*,#251,.F.);
#284 = ORIENTED_EDGE('',*,*,#223,.F.);
#285 = ORIENTED_EDGE('',*,*,#195,.F.);
#286 = B_SPLINE_SURFACE_WITH_KNOTS('',1,1,(
    (#287,#288)
    ,(#289,#290
  )),.UNSPECIFIED.,.F.,.F.,.F.,(2,2),(2,2),(-0.625,-0.375),(0.675,1.15),
  .PIECEWISE_BEZIER_KNOTS.);
#287 = CARTESIAN_POINT('',(0.625,0.675,0.1000001));
#288 = CARTESIAN_POINT('',(0.625,1.15,0.1000001));
#289 = CARTESIAN_POINT('',(0.375,0.675,0.1000001));
#290 = CARTESIAN_POINT('',(0.375,1.15,0.1000001));
#291 = MANIFOLD_SOLID_BREP('',#292);
#292 = CLOSED_SHELL('',(#293,#329,#357,#385,#405,#417));
#293 = ADVANCED_FACE('',(#294),#324,.F.);
#294 = FACE_BOUND('',#295,.T.);
#295 = EDGE_LOOP('',(#296,#305,#312,#319));
#296 = ORIENTED_EDGE('',*,*,#297,.T.);
#297 = EDGE_CURVE('',#298,#300,#302,.T.);
#298 = VERTEX_POINT('',#299);
#299 = CARTESIAN_POINT('',(-0.625,0.675,0.1000001));
#300 = VERTEX_POINT('',#301);
#301 = CARTESIAN_POINT('',(-0.625,1.15,0.1000001));
#302 = B_SPLINE_CURVE_WITH_KNOTS('',1,(#303,#304),.UNSPECIFIED.,.F.,.F.,
  (2,2),(-0.475,0.),.PIECEWISE_BEZIER_KNOTS.);
#303 = CARTESIAN_POINT('',(-0.625,0.675,0.1000001));
#304 = CARTESIAN_POINT('',(-0.625,1.15,0.1000001));
#305 = ORIENTED_EDGE('',*,*,#306,.F.);
#306 = EDGE_CURVE('',#307,#300,#309,.T.);
#307 = VERTEX_POINT('',#308);
#308 = CARTESIAN_POINT('',(-0.625,1.15,9.999999994736E-08));
#309 = B_SPLINE_CURVE_WITH_KNOTS('',1,(#310,#311),.UNSPECIFIED.,.F.,.F.,
  (2,2),(0.,0.1),.PIECEWISE_BEZIER_KNOTS.);
#310 = CARTESIAN_POINT('',(-0.625,1.15,9.999999994736E-08));
#311 = CARTESIAN_POINT('',(-0.625,1.15,0.1000001));
#312 = ORIENTED_EDGE('',*,*,#313,.F.);
#313 = EDGE_CURVE('',#314,#307,#316,.T.);
#314 = VERTEX_POINT('',#315);
#315 = CARTESIAN_POINT('',(-0.625,0.675,9.999999994736E-08));
#316 = B_SPLINE_CURVE_WITH_KNOTS('',1,(#317,#318),.UNSPECIFIED.,.F.,.F.,
  (2,2),(-0.475,0.),.PIECEWISE_BEZIER_KNOTS.);
#317 = CARTESIAN_POINT('',(-0.625,0.675,9.999999994736E-08));
#318 = CARTESIAN_POINT('',(-0.625,1.15,9.999999994736E-08));
#319 = ORIENTED_EDGE('',*,*,#320,.T.);
#320 = EDGE_CURVE('',#314,#298,#321,.T.);
#321 = B_SPLINE_CURVE_WITH_KNOTS('',1,(#322,#323),.UNSPECIFIED.,.F.,.F.,
  (2,2),(0.,0.1),.PIECEWISE_BEZIER_KNOTS.);
#322 = CARTESIAN_POINT('',(-0.625,0.675,9.999999994736E-08));
#323 = CARTESIAN_POINT('',(-0.625,0.675,0.1000001));
#324 = B_SPLINE_SURFACE_WITH_KNOTS('',1,1,(
    (#325,#326)
    ,(#327,#328
    )),.UNSPECIFIED.,.F.,.F.,.F.,(2,2),(2,2),(-0.475,0.),(0.,0.1),
  .PIECEWISE_BEZIER_KNOTS.);
#325 = CARTESIAN_POINT('',(-0.625,0.675,9.999999994736E-08));
#326 = CARTESIAN_POINT('',(-0.625,0.675,0.1000001));
#327 = CARTESIAN_POINT('',(-0.625,1.15,9.999999994736E-08));
#328 = CARTESIAN_POINT('',(-0.625,1.15,0.1000001));
#329 = ADVANCED_FACE('',(#330),#352,.F.);
#330 = FACE_BOUND('',#331,.T.);
#331 = EDGE_LOOP('',(#332,#339,#346,#351));
#332 = ORIENTED_EDGE('',*,*,#333,.T.);
#333 = EDGE_CURVE('',#300,#334,#336,.T.);
#334 = VERTEX_POINT('',#335);
#335 = CARTESIAN_POINT('',(-0.375,1.15,0.1000001));
#336 = B_SPLINE_CURVE_WITH_KNOTS('',1,(#337,#338),.UNSPECIFIED.,.F.,.F.,
  (2,2),(-0.25,0.),.PIECEWISE_BEZIER_KNOTS.);
#337 = CARTESIAN_POINT('',(-0.625,1.15,0.1000001));
#338 = CARTESIAN_POINT('',(-0.375,1.15,0.1000001));
#339 = ORIENTED_EDGE('',*,*,#340,.F.);
#340 = EDGE_CURVE('',#341,#334,#343,.T.);
#341 = VERTEX_POINT('',#342);
#342 = CARTESIAN_POINT('',(-0.375,1.15,9.999999994736E-08));
#343 = B_SPLINE_CURVE_WITH_KNOTS('',1,(#344,#345),.UNSPECIFIED.,.F.,.F.,
  (2,2),(0.,0.1),.PIECEWISE_BEZIER_KNOTS.);
#344 = CARTESIAN_POINT('',(-0.375,1.15,9.999999994736E-08));
#345 = CARTESIAN_POINT('',(-0.375,1.15,0.1000001));
#346 = ORIENTED_EDGE('',*,*,#347,.F.);
#347 = EDGE_CURVE('',#307,#341,#348,.T.);
#348 = B_SPLINE_CURVE_WITH_KNOTS('',1,(#349,#350),.UNSPECIFIED.,.F.,.F.,
  (2,2),(-0.25,0.),.PIECEWISE_BEZIER_KNOTS.);
#349 = CARTESIAN_POINT('',(-0.625,1.15,9.999999994736E-08));
#350 = CARTESIAN_POINT('',(-0.375,1.15,9.999999994736E-08));
#351 = ORIENTED_EDGE('',*,*,#306,.T.);
#352 = B_SPLINE_SURFACE_WITH_KNOTS('',1,1,(
    (#353,#354)
    ,(#355,#356
    )),.UNSPECIFIED.,.F.,.F.,.F.,(2,2),(2,2),(-0.1,0.),(-0.25,0.),
  .PIECEWISE_BEZIER_KNOTS.);
#353 = CARTESIAN_POINT('',(-0.625,1.15,0.1000001));
#354 = CARTESIAN_POINT('',(-0.375,1.15,0.1000001));
#355 = CARTESIAN_POINT('',(-0.625,1.15,9.999999994736E-08));
#356 = CARTESIAN_POINT('',(-0.375,1.15,9.999999994736E-08));
#357 = ADVANCED_FACE('',(#358),#380,.F.);
#358 = FACE_BOUND('',#359,.T.);
#359 = EDGE_LOOP('',(#360,#367,#374,#379));
#360 = ORIENTED_EDGE('',*,*,#361,.T.);
#361 = EDGE_CURVE('',#334,#362,#364,.T.);
#362 = VERTEX_POINT('',#363);
#363 = CARTESIAN_POINT('',(-0.375,0.675,0.1000001));
#364 = B_SPLINE_CURVE_WITH_KNOTS('',1,(#365,#366),.UNSPECIFIED.,.F.,.F.,
  (2,2),(0.,0.475),.PIECEWISE_BEZIER_KNOTS.);
#365 = CARTESIAN_POINT('',(-0.375,1.15,0.1000001));
#366 = CARTESIAN_POINT('',(-0.375,0.675,0.1000001));
#367 = ORIENTED_EDGE('',*,*,#368,.F.);
#368 = EDGE_CURVE('',#369,#362,#371,.T.);
#369 = VERTEX_POINT('',#370);
#370 = CARTESIAN_POINT('',(-0.375,0.675,9.999999994736E-08));
#371 = B_SPLINE_CURVE_WITH_KNOTS('',1,(#372,#373),.UNSPECIFIED.,.F.,.F.,
  (2,2),(0.,0.1),.PIECEWISE_BEZIER_KNOTS.);
#372 = CARTESIAN_POINT('',(-0.375,0.675,9.999999994736E-08));
#373 = CARTESIAN_POINT('',(-0.375,0.675,0.1000001));
#374 = ORIENTED_EDGE('',*,*,#375,.F.);
#375 = EDGE_CURVE('',#341,#369,#376,.T.);
#376 = B_SPLINE_CURVE_WITH_KNOTS('',1,(#377,#378),.UNSPECIFIED.,.F.,.F.,
  (2,2),(0.,0.475),.PIECEWISE_BEZIER_KNOTS.);
#377 = CARTESIAN_POINT('',(-0.375,1.15,9.999999994736E-08));
#378 = CARTESIAN_POINT('',(-0.375,0.675,9.999999994736E-08));
#379 = ORIENTED_EDGE('',*,*,#340,.T.);
#380 = B_SPLINE_SURFACE_WITH_KNOTS('',1,1,(
    (#381,#382)
    ,(#383,#384
    )),.UNSPECIFIED.,.F.,.F.,.F.,(2,2),(2,2),(0.,0.475),(0.,0.1),
  .PIECEWISE_BEZIER_KNOTS.);
#381 = CARTESIAN_POINT('',(-0.375,1.15,9.999999994736E-08));
#382 = CARTESIAN_POINT('',(-0.375,1.15,0.1000001));
#383 = CARTESIAN_POINT('',(-0.375,0.675,9.999999994736E-08));
#384 = CARTESIAN_POINT('',(-0.375,0.675,0.1000001));
#385 = ADVANCED_FACE('',(#386),#400,.F.);
#386 = FACE_BOUND('',#387,.T.);
#387 = EDGE_LOOP('',(#388,#393,#394,#399));
#388 = ORIENTED_EDGE('',*,*,#389,.T.);
#389 = EDGE_CURVE('',#362,#298,#390,.T.);
#390 = B_SPLINE_CURVE_WITH_KNOTS('',1,(#391,#392),.UNSPECIFIED.,.F.,.F.,
  (2,2),(0.,0.25),.PIECEWISE_BEZIER_KNOTS.);
#391 = CARTESIAN_POINT('',(-0.375,0.675,0.1000001));
#392 = CARTESIAN_POINT('',(-0.625,0.675,0.1000001));
#393 = ORIENTED_EDGE('',*,*,#320,.F.);
#394 = ORIENTED_EDGE('',*,*,#395,.F.);
#395 = EDGE_CURVE('',#369,#314,#396,.T.);
#396 = B_SPLINE_CURVE_WITH_KNOTS('',1,(#397,#398),.UNSPECIFIED.,.F.,.F.,
  (2,2),(0.,0.25),.PIECEWISE_BEZIER_KNOTS.);
#397 = CARTESIAN_POINT('',(-0.375,0.675,9.999999994736E-08));
#398 = CARTESIAN_POINT('',(-0.625,0.675,9.999999994736E-08));
#399 = ORIENTED_EDGE('',*,*,#368,.T.);
#400 = B_SPLINE_SURFACE_WITH_KNOTS('',1,1,(
    (#401,#402)
    ,(#403,#404
    )),.UNSPECIFIED.,.F.,.F.,.F.,(2,2),(2,2),(0.,0.1),(-0.25,0.),
  .PIECEWISE_BEZIER_KNOTS.);
#401 = CARTESIAN_POINT('',(-0.625,0.675,9.999999994736E-08));
#402 = CARTESIAN_POINT('',(-0.375,0.675,9.999999994736E-08));
#403 = CARTESIAN_POINT('',(-0.625,0.675,0.1000001));
#404 = CARTESIAN_POINT('',(-0.375,0.675,0.1000001));
#405 = ADVANCED_FACE('',(#406),#412,.T.);
#406 = FACE_BOUND('',#407,.T.);
#407 = EDGE_LOOP('',(#408,#409,#410,#411));
#408 = ORIENTED_EDGE('',*,*,#313,.T.);
#409 = ORIENTED_EDGE('',*,*,#347,.T.);
#410 = ORIENTED_EDGE('',*,*,#375,.T.);
#411 = ORIENTED_EDGE('',*,*,#395,.T.);
#412 = B_SPLINE_SURFACE_WITH_KNOTS('',1,1,(
    (#413,#414)
    ,(#415,#416
    )),.UNSPECIFIED.,.F.,.F.,.F.,(2,2),(2,2),(0.375,0.625),(0.675,1.15),
  .PIECEWISE_BEZIER_KNOTS.);
#413 = CARTESIAN_POINT('',(-0.375,0.675,9.999999994736E-08));
#414 = CARTESIAN_POINT('',(-0.375,1.15,9.999999994736E-08));
#415 = CARTESIAN_POINT('',(-0.625,0.675,9.999999994736E-08));
#416 = CARTESIAN_POINT('',(-0.625,1.15,9.999999994736E-08));
#417 = ADVANCED_FACE('',(#418),#424,.F.);
#418 = FACE_BOUND('',#419,.T.);
#419 = EDGE_LOOP('',(#420,#421,#422,#423));
#420 = ORIENTED_EDGE('',*,*,#297,.F.);
#421 = ORIENTED_EDGE('',*,*,#389,.F.);
#422 = ORIENTED_EDGE('',*,*,#361,.F.);
#423 = ORIENTED_EDGE('',*,*,#333,.F.);
#424 = B_SPLINE_SURFACE_WITH_KNOTS('',1,1,(
    (#425,#426)
    ,(#427,#428
    )),.UNSPECIFIED.,.F.,.F.,.F.,(2,2),(2,2),(0.375,0.625),(0.675,1.15),
  .PIECEWISE_BEZIER_KNOTS.);
#425 = CARTESIAN_POINT('',(-0.375,0.675,0.1000001));
#426 = CARTESIAN_POINT('',(-0.375,1.15,0.1000001));
#427 = CARTESIAN_POINT('',(-0.625,0.675,0.1000001));
#428 = CARTESIAN_POINT('',(-0.625,1.15,0.1000001));
#429 = MANIFOLD_SOLID_BREP('',#430);
#430 = CLOSED_SHELL('',(#431,#467,#495,#523,#543,#555));
#431 = ADVANCED_FACE('',(#432),#462,.F.);
#432 = FACE_BOUND('',#433,.T.);
#433 = EDGE_LOOP('',(#434,#443,#450,#457));
#434 = ORIENTED_EDGE('',*,*,#435,.T.);
#435 = EDGE_CURVE('',#436,#438,#440,.T.);
#436 = VERTEX_POINT('',#437);
#437 = CARTESIAN_POINT('',(-0.125,0.675,0.1000001));
#438 = VERTEX_POINT('',#439);
#439 = CARTESIAN_POINT('',(-0.125,1.15,0.1000001));
#440 = B_SPLINE_CURVE_WITH_KNOTS('',1,(#441,#442),.UNSPECIFIED.,.F.,.F.,
  (2,2),(-0.475,0.),.PIECEWISE_BEZIER_KNOTS.);
#441 = CARTESIAN_POINT('',(-0.125,0.675,0.1000001));
#442 = CARTESIAN_POINT('',(-0.125,1.15,0.1000001));
#443 = ORIENTED_EDGE('',*,*,#444,.F.);
#444 = EDGE_CURVE('',#445,#438,#447,.T.);
#445 = VERTEX_POINT('',#446);
#446 = CARTESIAN_POINT('',(-0.125,1.15,9.999999994736E-08));
#447 = B_SPLINE_CURVE_WITH_KNOTS('',1,(#448,#449),.UNSPECIFIED.,.F.,.F.,
  (2,2),(0.,0.1),.PIECEWISE_BEZIER_KNOTS.);
#448 = CARTESIAN_POINT('',(-0.125,1.15,9.999999994736E-08));
#449 = CARTESIAN_POINT('',(-0.125,1.15,0.1000001));
#450 = ORIENTED_EDGE('',*,*,#451,.F.);
#451 = EDGE_CURVE('',#452,#445,#454,.T.);
#452 = VERTEX_POINT('',#453);
#453 = CARTESIAN_POINT('',(-0.125,0.675,9.999999994736E-08));
#454 = B_SPLINE_CURVE_WITH_KNOTS('',1,(#455,#456),.UNSPECIFIED.,.F.,.F.,
  (2,2),(-0.475,0.),.PIECEWISE_BEZIER_KNOTS.);
#455 = CARTESIAN_POINT('',(-0.125,0.675,9.999999994736E-08));
#456 = CARTESIAN_POINT('',(-0.125,1.15,9.999999994736E-08));
#457 = ORIENTED_EDGE('',*,*,#458,.T.);
#458 = EDGE_CURVE('',#452,#436,#459,.T.);
#459 = B_SPLINE_CURVE_WITH_KNOTS('',1,(#460,#461),.UNSPECIFIED.,.F.,.F.,
  (2,2),(0.,0.1),.PIECEWISE_BEZIER_KNOTS.);
#460 = CARTESIAN_POINT('',(-0.125,0.675,9.999999994736E-08));
#461 = CARTESIAN_POINT('',(-0.125,0.675,0.1000001));
#462 = B_SPLINE_SURFACE_WITH_KNOTS('',1,1,(
    (#463,#464)
    ,(#465,#466
    )),.UNSPECIFIED.,.F.,.F.,.F.,(2,2),(2,2),(-0.475,0.),(0.,0.1),
  .PIECEWISE_BEZIER_KNOTS.);
#463 = CARTESIAN_POINT('',(-0.125,0.675,9.999999994736E-08));
#464 = CARTESIAN_POINT('',(-0.125,0.675,0.1000001));
#465 = CARTESIAN_POINT('',(-0.125,1.15,9.999999994736E-08));
#466 = CARTESIAN_POINT('',(-0.125,1.15,0.1000001));
#467 = ADVANCED_FACE('',(#468),#490,.F.);
#468 = FACE_BOUND('',#469,.T.);
#469 = EDGE_LOOP('',(#470,#477,#484,#489));
#470 = ORIENTED_EDGE('',*,*,#471,.T.);
#471 = EDGE_CURVE('',#438,#472,#474,.T.);
#472 = VERTEX_POINT('',#473);
#473 = CARTESIAN_POINT('',(0.125,1.15,0.1000001));
#474 = B_SPLINE_CURVE_WITH_KNOTS('',1,(#475,#476),.UNSPECIFIED.,.F.,.F.,
  (2,2),(-0.25,0.),.PIECEWISE_BEZIER_KNOTS.);
#475 = CARTESIAN_POINT('',(-0.125,1.15,0.1000001));
#476 = CARTESIAN_POINT('',(0.125,1.15,0.1000001));
#477 = ORIENTED_EDGE('',*,*,#478,.F.);
#478 = EDGE_CURVE('',#479,#472,#481,.T.);
#479 = VERTEX_POINT('',#480);
#480 = CARTESIAN_POINT('',(0.125,1.15,9.999999994736E-08));
#481 = B_SPLINE_CURVE_WITH_KNOTS('',1,(#482,#483),.UNSPECIFIED.,.F.,.F.,
  (2,2),(0.,0.1),.PIECEWISE_BEZIER_KNOTS.);
#482 = CARTESIAN_POINT('',(0.125,1.15,9.999999994736E-08));
#483 = CARTESIAN_POINT('',(0.125,1.15,0.1000001));
#484 = ORIENTED_EDGE('',*,*,#485,.F.);
#485 = EDGE_CURVE('',#445,#479,#486,.T.);
#486 = B_SPLINE_CURVE_WITH_KNOTS('',1,(#487,#488),.UNSPECIFIED.,.F.,.F.,
  (2,2),(-0.25,0.),.PIECEWISE_BEZIER_KNOTS.);
#487 = CARTESIAN_POINT('',(-0.125,1.15,9.999999994736E-08));
#488 = CARTESIAN_POINT('',(0.125,1.15,9.999999994736E-08));
#489 = ORIENTED_EDGE('',*,*,#444,.T.);
#490 = B_SPLINE_SURFACE_WITH_KNOTS('',1,1,(
    (#491,#492)
    ,(#493,#494
    )),.UNSPECIFIED.,.F.,.F.,.F.,(2,2),(2,2),(-0.1,0.),(-0.25,0.),
  .PIECEWISE_BEZIER_KNOTS.);
#491 = CARTESIAN_POINT('',(-0.125,1.15,0.1000001));
#492 = CARTESIAN_POINT('',(0.125,1.15,0.1000001));
#493 = CARTESIAN_POINT('',(-0.125,1.15,9.999999994736E-08));
#494 = CARTESIAN_POINT('',(0.125,1.15,9.999999994736E-08));
#495 = ADVANCED_FACE('',(#496),#518,.F.);
#496 = FACE_BOUND('',#497,.T.);
#497 = EDGE_LOOP('',(#498,#505,#512,#517));
#498 = ORIENTED_EDGE('',*,*,#499,.T.);
#499 = EDGE_CURVE('',#472,#500,#502,.T.);
#500 = VERTEX_POINT('',#501);
#501 = CARTESIAN_POINT('',(0.125,0.675,0.1000001));
#502 = B_SPLINE_CURVE_WITH_KNOTS('',1,(#503,#504),.UNSPECIFIED.,.F.,.F.,
  (2,2),(0.,0.475),.PIECEWISE_BEZIER_KNOTS.);
#503 = CARTESIAN_POINT('',(0.125,1.15,0.1000001));
#504 = CARTESIAN_POINT('',(0.125,0.675,0.1000001));
#505 = ORIENTED_EDGE('',*,*,#506,.F.);
#506 = EDGE_CURVE('',#507,#500,#509,.T.);
#507 = VERTEX_POINT('',#508);
#508 = CARTESIAN_POINT('',(0.125,0.675,9.999999994736E-08));
#509 = B_SPLINE_CURVE_WITH_KNOTS('',1,(#510,#511),.UNSPECIFIED.,.F.,.F.,
  (2,2),(0.,0.1),.PIECEWISE_BEZIER_KNOTS.);
#510 = CARTESIAN_POINT('',(0.125,0.675,9.999999994736E-08));
#511 = CARTESIAN_POINT('',(0.125,0.675,0.1000001));
#512 = ORIENTED_EDGE('',*,*,#513,.F.);
#513 = EDGE_CURVE('',#479,#507,#514,.T.);
#514 = B_SPLINE_CURVE_WITH_KNOTS('',1,(#515,#516),.UNSPECIFIED.,.F.,.F.,
  (2,2),(0.,0.475),.PIECEWISE_BEZIER_KNOTS.);
#515 = CARTESIAN_POINT('',(0.125,1.15,9.999999994736E-08));
#516 = CARTESIAN_POINT('',(0.125,0.675,9.999999994736E-08));
#517 = ORIENTED_EDGE('',*,*,#478,.T.);
#518 = B_SPLINE_SURFACE_WITH_KNOTS('',1,1,(
    (#519,#520)
    ,(#521,#522
    )),.UNSPECIFIED.,.F.,.F.,.F.,(2,2),(2,2),(0.,0.475),(0.,0.1),
  .PIECEWISE_BEZIER_KNOTS.);
#519 = CARTESIAN_POINT('',(0.125,1.15,9.999999994736E-08));
#520 = CARTESIAN_POINT('',(0.125,1.15,0.1000001));
#521 = CARTESIAN_POINT('',(0.125,0.675,9.999999994736E-08));
#522 = CARTESIAN_POINT('',(0.125,0.675,0.1000001));
#523 = ADVANCED_FACE('',(#524),#538,.F.);
#524 = FACE_BOUND('',#525,.T.);
#525 = EDGE_LOOP('',(#526,#531,#532,#537));
#526 = ORIENTED_EDGE('',*,*,#527,.T.);
#527 = EDGE_CURVE('',#500,#436,#528,.T.);
#528 = B_SPLINE_CURVE_WITH_KNOTS('',1,(#529,#530),.UNSPECIFIED.,.F.,.F.,
  (2,2),(0.,0.25),.PIECEWISE_BEZIER_KNOTS.);
#529 = CARTESIAN_POINT('',(0.125,0.675,0.1000001));
#530 = CARTESIAN_POINT('',(-0.125,0.675,0.1000001));
#531 = ORIENTED_EDGE('',*,*,#458,.F.);
#532 = ORIENTED_EDGE('',*,*,#533,.F.);
#533 = EDGE_CURVE('',#507,#452,#534,.T.);
#534 = B_SPLINE_CURVE_WITH_KNOTS('',1,(#535,#536),.UNSPECIFIED.,.F.,.F.,
  (2,2),(0.,0.25),.PIECEWISE_BEZIER_KNOTS.);
#535 = CARTESIAN_POINT('',(0.125,0.675,9.999999994736E-08));
#536 = CARTESIAN_POINT('',(-0.125,0.675,9.999999994736E-08));
#537 = ORIENTED_EDGE('',*,*,#506,.T.);
#538 = B_SPLINE_SURFACE_WITH_KNOTS('',1,1,(
    (#539,#540)
    ,(#541,#542
    )),.UNSPECIFIED.,.F.,.F.,.F.,(2,2),(2,2),(0.,0.1),(-0.25,0.),
  .PIECEWISE_BEZIER_KNOTS.);
#539 = CARTESIAN_POINT('',(-0.125,0.675,9.999999994736E-08));
#540 = CARTESIAN_POINT('',(0.125,0.675,9.999999994736E-08));
#541 = CARTESIAN_POINT('',(-0.125,0.675,0.1000001));
#542 = CARTESIAN_POINT('',(0.125,0.675,0.1000001));
#543 = ADVANCED_FACE('',(#544),#550,.T.);
#544 = FACE_BOUND('',#545,.T.);
#545 = EDGE_LOOP('',(#546,#547,#548,#549));
#546 = ORIENTED_EDGE('',*,*,#451,.T.);
#547 = ORIENTED_EDGE('',*,*,#485,.T.);
#548 = ORIENTED_EDGE('',*,*,#513,.T.);
#549 = ORIENTED_EDGE('',*,*,#533,.T.);
#550 = B_SPLINE_SURFACE_WITH_KNOTS('',1,1,(
    (#551,#552)
    ,(#553,#554
    )),.UNSPECIFIED.,.F.,.F.,.F.,(2,2),(2,2),(-0.125,0.125),(0.675,1.15)
  ,.PIECEWISE_BEZIER_KNOTS.);
#551 = CARTESIAN_POINT('',(0.125,0.675,9.999999994736E-08));
#552 = CARTESIAN_POINT('',(0.125,1.15,9.999999994736E-08));
#553 = CARTESIAN_POINT('',(-0.125,0.675,9.999999994736E-08));
#554 = CARTESIAN_POINT('',(-0.125,1.15,9.999999994736E-08));
#555 = ADVANCED_FACE('',(#556),#562,.F.);
#556 = FACE_BOUND('',#557,.T.);
#557 = EDGE_LOOP('',(#558,#559,#560,#561));
#558 = ORIENTED_EDGE('',*,*,#435,.F.);
#559 = ORIENTED_EDGE('',*,*,#527,.F.);
#560 = ORIENTED_EDGE('',*,*,#499,.F.);
#561 = ORIENTED_EDGE('',*,*,#471,.F.);
#562 = B_SPLINE_SURFACE_WITH_KNOTS('',1,1,(
    (#563,#564)
    ,(#565,#566
    )),.UNSPECIFIED.,.F.,.F.,.F.,(2,2),(2,2),(-0.125,0.125),(0.675,1.15)
  ,.PIECEWISE_BEZIER_KNOTS.);
#563 = CARTESIAN_POINT('',(0.125,0.675,0.1000001));
#564 = CARTESIAN_POINT('',(0.125,1.15,0.1000001));
#565 = CARTESIAN_POINT('',(-0.125,0.675,0.1000001));
#566 = CARTESIAN_POINT('',(-0.125,1.15,0.1000001));
#567 = MANIFOLD_SOLID_BREP('',#568);
#568 = CLOSED_SHELL('',(#569,#605,#633,#661,#681,#693));
#569 = ADVANCED_FACE('',(#570),#600,.F.);
#570 = FACE_BOUND('',#571,.T.);
#571 = EDGE_LOOP('',(#572,#581,#588,#595));
#572 = ORIENTED_EDGE('',*,*,#573,.T.);
#573 = EDGE_CURVE('',#574,#576,#578,.T.);
#574 = VERTEX_POINT('',#575);
#575 = CARTESIAN_POINT('',(-1.4,-0.625,0.1000001));
#576 = VERTEX_POINT('',#577);
#577 = CARTESIAN_POINT('',(-0.925,-0.625,0.1000001));
#578 = B_SPLINE_CURVE_WITH_KNOTS('',1,(#579,#580),.UNSPECIFIED.,.F.,.F.,
  (2,2),(0.,0.475),.PIECEWISE_BEZIER_KNOTS.);
#579 = CARTESIAN_POINT('',(-1.4,-0.625,0.1000001));
#580 = CARTESIAN_POINT('',(-0.925,-0.625,0.1000001));
#581 = ORIENTED_EDGE('',*,*,#582,.F.);
#582 = EDGE_CURVE('',#583,#576,#585,.T.);
#583 = VERTEX_POINT('',#584);
#584 = CARTESIAN_POINT('',(-0.925,-0.625,9.999999994736E-08));
#585 = B_SPLINE_CURVE_WITH_KNOTS('',1,(#586,#587),.UNSPECIFIED.,.F.,.F.,
  (2,2),(0.,0.1),.PIECEWISE_BEZIER_KNOTS.);
#586 = CARTESIAN_POINT('',(-0.925,-0.625,9.999999994736E-08));
#587 = CARTESIAN_POINT('',(-0.925,-0.625,0.1000001));
#588 = ORIENTED_EDGE('',*,*,#589,.F.);
#589 = EDGE_CURVE('',#590,#583,#592,.T.);
#590 = VERTEX_POINT('',#591);
#591 = CARTESIAN_POINT('',(-1.4,-0.625,9.999999994736E-08));
#592 = B_SPLINE_CURVE_WITH_KNOTS('',1,(#593,#594),.UNSPECIFIED.,.F.,.F.,
  (2,2),(0.,0.475),.PIECEWISE_BEZIER_KNOTS.);
#593 = CARTESIAN_POINT('',(-1.4,-0.625,9.999999994736E-08));
#594 = CARTESIAN_POINT('',(-0.925,-0.625,9.999999994736E-08));
#595 = ORIENTED_EDGE('',*,*,#596,.T.);
#596 = EDGE_CURVE('',#590,#574,#597,.T.);
#597 = B_SPLINE_CURVE_WITH_KNOTS('',1,(#598,#599),.UNSPECIFIED.,.F.,.F.,
  (2,2),(0.,0.1),.PIECEWISE_BEZIER_KNOTS.);
#598 = CARTESIAN_POINT('',(-1.4,-0.625,9.999999994736E-08));
#599 = CARTESIAN_POINT('',(-1.4,-0.625,0.1000001));
#600 = B_SPLINE_SURFACE_WITH_KNOTS('',1,1,(
    (#601,#602)
    ,(#603,#604
    )),.UNSPECIFIED.,.F.,.F.,.F.,(2,2),(2,2),(0.,0.475),(0.,0.1),
  .PIECEWISE_BEZIER_KNOTS.);
#601 = CARTESIAN_POINT('',(-1.4,-0.625,9.999999994736E-08));
#602 = CARTESIAN_POINT('',(-1.4,-0.625,0.1000001));
#603 = CARTESIAN_POINT('',(-0.925,-0.625,9.999999994736E-08));
#604 = CARTESIAN_POINT('',(-0.925,-0.625,0.1000001));
#605 = ADVANCED_FACE('',(#606),#628,.F.);
#606 = FACE_BOUND('',#607,.T.);
#607 = EDGE_LOOP('',(#608,#615,#622,#627));
#608 = ORIENTED_EDGE('',*,*,#609,.T.);
#609 = EDGE_CURVE('',#576,#610,#612,.T.);
#610 = VERTEX_POINT('',#611);
#611 = CARTESIAN_POINT('',(-0.925,-0.875,0.1000001));
#612 = B_SPLINE_CURVE_WITH_KNOTS('',1,(#613,#614),.UNSPECIFIED.,.F.,.F.,
  (2,2),(0.,0.25),.PIECEWISE_BEZIER_KNOTS.);
#613 = CARTESIAN_POINT('',(-0.925,-0.625,0.1000001));
#614 = CARTESIAN_POINT('',(-0.925,-0.875,0.1000001));
#615 = ORIENTED_EDGE('',*,*,#616,.F.);
#616 = EDGE_CURVE('',#617,#610,#619,.T.);
#617 = VERTEX_POINT('',#618);
#618 = CARTESIAN_POINT('',(-0.925,-0.875,9.999999994736E-08));
#619 = B_SPLINE_CURVE_WITH_KNOTS('',1,(#620,#621),.UNSPECIFIED.,.F.,.F.,
  (2,2),(0.,0.1),.PIECEWISE_BEZIER_KNOTS.);
#620 = CARTESIAN_POINT('',(-0.925,-0.875,9.999999994736E-08));
#621 = CARTESIAN_POINT('',(-0.925,-0.875,0.1000001));
#622 = ORIENTED_EDGE('',*,*,#623,.F.);
#623 = EDGE_CURVE('',#583,#617,#624,.T.);
#624 = B_SPLINE_CURVE_WITH_KNOTS('',1,(#625,#626),.UNSPECIFIED.,.F.,.F.,
  (2,2),(0.,0.25),.PIECEWISE_BEZIER_KNOTS.);
#625 = CARTESIAN_POINT('',(-0.925,-0.625,9.999999994736E-08));
#626 = CARTESIAN_POINT('',(-0.925,-0.875,9.999999994736E-08));
#627 = ORIENTED_EDGE('',*,*,#582,.T.);
#628 = B_SPLINE_SURFACE_WITH_KNOTS('',1,1,(
    (#629,#630)
    ,(#631,#632
    )),.UNSPECIFIED.,.F.,.F.,.F.,(2,2),(2,2),(0.,0.25),(0.,0.1),
  .PIECEWISE_BEZIER_KNOTS.);
#629 = CARTESIAN_POINT('',(-0.925,-0.625,9.999999994736E-08));
#630 = CARTESIAN_POINT('',(-0.925,-0.625,0.1000001));
#631 = CARTESIAN_POINT('',(-0.925,-0.875,9.999999994736E-08));
#632 = CARTESIAN_POINT('',(-0.925,-0.875,0.1000001));
#633 = ADVANCED_FACE('',(#634),#656,.F.);
#634 = FACE_BOUND('',#635,.T.);
#635 = EDGE_LOOP('',(#636,#643,#650,#655));
#636 = ORIENTED_EDGE('',*,*,#637,.T.);
#637 = EDGE_CURVE('',#610,#638,#640,.T.);
#638 = VERTEX_POINT('',#639);
#639 = CARTESIAN_POINT('',(-1.4,-0.875,0.1000001));
#640 = B_SPLINE_CURVE_WITH_KNOTS('',1,(#641,#642),.UNSPECIFIED.,.F.,.F.,
  (2,2),(-0.475,-0.),.PIECEWISE_BEZIER_KNOTS.);
#641 = CARTESIAN_POINT('',(-0.925,-0.875,0.1000001));
#642 = CARTESIAN_POINT('',(-1.4,-0.875,0.1000001));
#643 = ORIENTED_EDGE('',*,*,#644,.F.);
#644 = EDGE_CURVE('',#645,#638,#647,.T.);
#645 = VERTEX_POINT('',#646);
#646 = CARTESIAN_POINT('',(-1.4,-0.875,9.999999994736E-08));
#647 = B_SPLINE_CURVE_WITH_KNOTS('',1,(#648,#649),.UNSPECIFIED.,.F.,.F.,
  (2,2),(0.,0.1),.PIECEWISE_BEZIER_KNOTS.);
#648 = CARTESIAN_POINT('',(-1.4,-0.875,9.999999994736E-08));
#649 = CARTESIAN_POINT('',(-1.4,-0.875,0.1000001));
#650 = ORIENTED_EDGE('',*,*,#651,.F.);
#651 = EDGE_CURVE('',#617,#645,#652,.T.);
#652 = B_SPLINE_CURVE_WITH_KNOTS('',1,(#653,#654),.UNSPECIFIED.,.F.,.F.,
  (2,2),(-0.475,-0.),.PIECEWISE_BEZIER_KNOTS.);
#653 = CARTESIAN_POINT('',(-0.925,-0.875,9.999999994736E-08));
#654 = CARTESIAN_POINT('',(-1.4,-0.875,9.999999994736E-08));
#655 = ORIENTED_EDGE('',*,*,#616,.T.);
#656 = B_SPLINE_SURFACE_WITH_KNOTS('',1,1,(
    (#657,#658)
    ,(#659,#660
    )),.UNSPECIFIED.,.F.,.F.,.F.,(2,2),(2,2),(0.,0.1),(0.,0.475),
  .PIECEWISE_BEZIER_KNOTS.);
#657 = CARTESIAN_POINT('',(-1.4,-0.875,9.999999994736E-08));
#658 = CARTESIAN_POINT('',(-0.925,-0.875,9.999999994736E-08));
#659 = CARTESIAN_POINT('',(-1.4,-0.875,0.1000001));
#660 = CARTESIAN_POINT('',(-0.925,-0.875,0.1000001));
#661 = ADVANCED_FACE('',(#662),#676,.F.);
#662 = FACE_BOUND('',#663,.T.);
#663 = EDGE_LOOP('',(#664,#669,#670,#675));
#664 = ORIENTED_EDGE('',*,*,#665,.T.);
#665 = EDGE_CURVE('',#638,#574,#666,.T.);
#666 = B_SPLINE_CURVE_WITH_KNOTS('',1,(#667,#668),.UNSPECIFIED.,.F.,.F.,
  (2,2),(-0.25,0.),.PIECEWISE_BEZIER_KNOTS.);
#667 = CARTESIAN_POINT('',(-1.4,-0.875,0.1000001));
#668 = CARTESIAN_POINT('',(-1.4,-0.625,0.1000001));
#669 = ORIENTED_EDGE('',*,*,#596,.F.);
#670 = ORIENTED_EDGE('',*,*,#671,.F.);
#671 = EDGE_CURVE('',#645,#590,#672,.T.);
#672 = B_SPLINE_CURVE_WITH_KNOTS('',1,(#673,#674),.UNSPECIFIED.,.F.,.F.,
  (2,2),(-0.25,0.),.PIECEWISE_BEZIER_KNOTS.);
#673 = CARTESIAN_POINT('',(-1.4,-0.875,9.999999994736E-08));
#674 = CARTESIAN_POINT('',(-1.4,-0.625,9.999999994736E-08));
#675 = ORIENTED_EDGE('',*,*,#644,.T.);
#676 = B_SPLINE_SURFACE_WITH_KNOTS('',1,1,(
    (#677,#678)
    ,(#679,#680
    )),.UNSPECIFIED.,.F.,.F.,.F.,(2,2),(2,2),(-0.1,0.),(-0.25,0.),
  .PIECEWISE_BEZIER_KNOTS.);
#677 = CARTESIAN_POINT('',(-1.4,-0.875,0.1000001));
#678 = CARTESIAN_POINT('',(-1.4,-0.625,0.1000001));
#679 = CARTESIAN_POINT('',(-1.4,-0.875,9.999999994736E-08));
#680 = CARTESIAN_POINT('',(-1.4,-0.625,9.999999994736E-08));
#681 = ADVANCED_FACE('',(#682),#688,.T.);
#682 = FACE_BOUND('',#683,.T.);
#683 = EDGE_LOOP('',(#684,#685,#686,#687));
#684 = ORIENTED_EDGE('',*,*,#589,.T.);
#685 = ORIENTED_EDGE('',*,*,#623,.T.);
#686 = ORIENTED_EDGE('',*,*,#651,.T.);
#687 = ORIENTED_EDGE('',*,*,#671,.T.);
#688 = B_SPLINE_SURFACE_WITH_KNOTS('',1,1,(
    (#689,#690)
    ,(#691,#692
    )),.UNSPECIFIED.,.F.,.F.,.F.,(2,2),(2,2),(0.925,1.4),(-0.875,-0.625)
  ,.PIECEWISE_BEZIER_KNOTS.);
#689 = CARTESIAN_POINT('',(-0.925,-0.875,9.999999994736E-08));
#690 = CARTESIAN_POINT('',(-0.925,-0.625,9.999999994736E-08));
#691 = CARTESIAN_POINT('',(-1.4,-0.875,9.999999994736E-08));
#692 = CARTESIAN_POINT('',(-1.4,-0.625,9.999999994736E-08));
#693 = ADVANCED_FACE('',(#694),#700,.F.);
#694 = FACE_BOUND('',#695,.T.);
#695 = EDGE_LOOP('',(#696,#697,#698,#699));
#696 = ORIENTED_EDGE('',*,*,#573,.F.);
#697 = ORIENTED_EDGE('',*,*,#665,.F.);
#698 = ORIENTED_EDGE('',*,*,#637,.F.);
#699 = ORIENTED_EDGE('',*,*,#609,.F.);
#700 = B_SPLINE_SURFACE_WITH_KNOTS('',1,1,(
    (#701,#702)
    ,(#703,#704
    )),.UNSPECIFIED.,.F.,.F.,.F.,(2,2),(2,2),(0.925,1.4),(-0.875,-0.625)
  ,.PIECEWISE_BEZIER_KNOTS.);
#701 = CARTESIAN_POINT('',(-0.925,-0.875,0.1000001));
#702 = CARTESIAN_POINT('',(-0.925,-0.625,0.1000001));
#703 = CARTESIAN_POINT('',(-1.4,-0.875,0.1000001));
#704 = CARTESIAN_POINT('',(-1.4,-0.625,0.1000001));
#705 = MANIFOLD_SOLID_BREP('',#706);
#706 = CLOSED_SHELL('',(#707,#743,#771,#799,#819,#831));
#707 = ADVANCED_FACE('',(#708),#738,.F.);
#708 = FACE_BOUND('',#709,.T.);
#709 = EDGE_LOOP('',(#710,#719,#726,#733));
#710 = ORIENTED_EDGE('',*,*,#711,.T.);
#711 = EDGE_CURVE('',#712,#714,#716,.T.);
#712 = VERTEX_POINT('',#713);
#713 = CARTESIAN_POINT('',(0.925,0.125,0.1000001));
#714 = VERTEX_POINT('',#715);
#715 = CARTESIAN_POINT('',(0.925,0.375,0.1000001));
#716 = B_SPLINE_CURVE_WITH_KNOTS('',1,(#717,#718),.UNSPECIFIED.,.F.,.F.,
  (2,2),(-0.25,0.),.PIECEWISE_BEZIER_KNOTS.);
#717 = CARTESIAN_POINT('',(0.925,0.125,0.1000001));
#718 = CARTESIAN_POINT('',(0.925,0.375,0.1000001));
#719 = ORIENTED_EDGE('',*,*,#720,.F.);
#720 = EDGE_CURVE('',#721,#714,#723,.T.);
#721 = VERTEX_POINT('',#722);
#722 = CARTESIAN_POINT('',(0.925,0.375,9.999999994736E-08));
#723 = B_SPLINE_CURVE_WITH_KNOTS('',1,(#724,#725),.UNSPECIFIED.,.F.,.F.,
  (2,2),(0.,0.1),.PIECEWISE_BEZIER_KNOTS.);
#724 = CARTESIAN_POINT('',(0.925,0.375,9.999999994736E-08));
#725 = CARTESIAN_POINT('',(0.925,0.375,0.1000001));
#726 = ORIENTED_EDGE('',*,*,#727,.F.);
#727 = EDGE_CURVE('',#728,#721,#730,.T.);
#728 = VERTEX_POINT('',#729);
#729 = CARTESIAN_POINT('',(0.925,0.125,9.999999994736E-08));
#730 = B_SPLINE_CURVE_WITH_KNOTS('',1,(#731,#732),.UNSPECIFIED.,.F.,.F.,
  (2,2),(-0.25,0.),.PIECEWISE_BEZIER_KNOTS.);
#731 = CARTESIAN_POINT('',(0.925,0.125,9.999999994736E-08));
#732 = CARTESIAN_POINT('',(0.925,0.375,9.999999994736E-08));
#733 = ORIENTED_EDGE('',*,*,#734,.T.);
#734 = EDGE_CURVE('',#728,#712,#735,.T.);
#735 = B_SPLINE_CURVE_WITH_KNOTS('',1,(#736,#737),.UNSPECIFIED.,.F.,.F.,
  (2,2),(0.,0.1),.PIECEWISE_BEZIER_KNOTS.);
#736 = CARTESIAN_POINT('',(0.925,0.125,9.999999994736E-08));
#737 = CARTESIAN_POINT('',(0.925,0.125,0.1000001));
#738 = B_SPLINE_SURFACE_WITH_KNOTS('',1,1,(
    (#739,#740)
    ,(#741,#742
    )),.UNSPECIFIED.,.F.,.F.,.F.,(2,2),(2,2),(-0.25,0.),(0.,0.1),
  .PIECEWISE_BEZIER_KNOTS.);
#739 = CARTESIAN_POINT('',(0.925,0.125,9.999999994736E-08));
#740 = CARTESIAN_POINT('',(0.925,0.125,0.1000001));
#741 = CARTESIAN_POINT('',(0.925,0.375,9.999999994736E-08));
#742 = CARTESIAN_POINT('',(0.925,0.375,0.1000001));
#743 = ADVANCED_FACE('',(#744),#766,.F.);
#744 = FACE_BOUND('',#745,.T.);
#745 = EDGE_LOOP('',(#746,#753,#760,#765));
#746 = ORIENTED_EDGE('',*,*,#747,.T.);
#747 = EDGE_CURVE('',#714,#748,#750,.T.);
#748 = VERTEX_POINT('',#749);
#749 = CARTESIAN_POINT('',(1.4,0.375,0.1000001));
#750 = B_SPLINE_CURVE_WITH_KNOTS('',1,(#751,#752),.UNSPECIFIED.,.F.,.F.,
  (2,2),(-0.475,0.),.PIECEWISE_BEZIER_KNOTS.);
#751 = CARTESIAN_POINT('',(0.925,0.375,0.1000001));
#752 = CARTESIAN_POINT('',(1.4,0.375,0.1000001));
#753 = ORIENTED_EDGE('',*,*,#754,.F.);
#754 = EDGE_CURVE('',#755,#748,#757,.T.);
#755 = VERTEX_POINT('',#756);
#756 = CARTESIAN_POINT('',(1.4,0.375,9.999999994736E-08));
#757 = B_SPLINE_CURVE_WITH_KNOTS('',1,(#758,#759),.UNSPECIFIED.,.F.,.F.,
  (2,2),(0.,0.1),.PIECEWISE_BEZIER_KNOTS.);
#758 = CARTESIAN_POINT('',(1.4,0.375,9.999999994736E-08));
#759 = CARTESIAN_POINT('',(1.4,0.375,0.1000001));
#760 = ORIENTED_EDGE('',*,*,#761,.F.);
#761 = EDGE_CURVE('',#721,#755,#762,.T.);
#762 = B_SPLINE_CURVE_WITH_KNOTS('',1,(#763,#764),.UNSPECIFIED.,.F.,.F.,
  (2,2),(-0.475,0.),.PIECEWISE_BEZIER_KNOTS.);
#763 = CARTESIAN_POINT('',(0.925,0.375,9.999999994736E-08));
#764 = CARTESIAN_POINT('',(1.4,0.375,9.999999994736E-08));
#765 = ORIENTED_EDGE('',*,*,#720,.T.);
#766 = B_SPLINE_SURFACE_WITH_KNOTS('',1,1,(
    (#767,#768)
    ,(#769,#770
    )),.UNSPECIFIED.,.F.,.F.,.F.,(2,2),(2,2),(-0.475,0.),(0.,0.1),
  .PIECEWISE_BEZIER_KNOTS.);
#767 = CARTESIAN_POINT('',(0.925,0.375,9.999999994736E-08));
#768 = CARTESIAN_POINT('',(0.925,0.375,0.1000001));
#769 = CARTESIAN_POINT('',(1.4,0.375,9.999999994736E-08));
#770 = CARTESIAN_POINT('',(1.4,0.375,0.1000001));
#771 = ADVANCED_FACE('',(#772),#794,.F.);
#772 = FACE_BOUND('',#773,.T.);
#773 = EDGE_LOOP('',(#774,#781,#788,#793));
#774 = ORIENTED_EDGE('',*,*,#775,.T.);
#775 = EDGE_CURVE('',#748,#776,#778,.T.);
#776 = VERTEX_POINT('',#777);
#777 = CARTESIAN_POINT('',(1.4,0.125,0.1000001));
#778 = B_SPLINE_CURVE_WITH_KNOTS('',1,(#779,#780),.UNSPECIFIED.,.F.,.F.,
  (2,2),(0.,0.25),.PIECEWISE_BEZIER_KNOTS.);
#779 = CARTESIAN_POINT('',(1.4,0.375,0.1000001));
#780 = CARTESIAN_POINT('',(1.4,0.125,0.1000001));
#781 = ORIENTED_EDGE('',*,*,#782,.F.);
#782 = EDGE_CURVE('',#783,#776,#785,.T.);
#783 = VERTEX_POINT('',#784);
#784 = CARTESIAN_POINT('',(1.4,0.125,9.999999994736E-08));
#785 = B_SPLINE_CURVE_WITH_KNOTS('',1,(#786,#787),.UNSPECIFIED.,.F.,.F.,
  (2,2),(0.,0.1),.PIECEWISE_BEZIER_KNOTS.);
#786 = CARTESIAN_POINT('',(1.4,0.125,9.999999994736E-08));
#787 = CARTESIAN_POINT('',(1.4,0.125,0.1000001));
#788 = ORIENTED_EDGE('',*,*,#789,.F.);
#789 = EDGE_CURVE('',#755,#783,#790,.T.);
#790 = B_SPLINE_CURVE_WITH_KNOTS('',1,(#791,#792),.UNSPECIFIED.,.F.,.F.,
  (2,2),(0.,0.25),.PIECEWISE_BEZIER_KNOTS.);
#791 = CARTESIAN_POINT('',(1.4,0.375,9.999999994736E-08));
#792 = CARTESIAN_POINT('',(1.4,0.125,9.999999994736E-08));
#793 = ORIENTED_EDGE('',*,*,#754,.T.);
#794 = B_SPLINE_SURFACE_WITH_KNOTS('',1,1,(
    (#795,#796)
    ,(#797,#798
    )),.UNSPECIFIED.,.F.,.F.,.F.,(2,2),(2,2),(0.,0.1),(-0.25,0.),
  .PIECEWISE_BEZIER_KNOTS.);
#795 = CARTESIAN_POINT('',(1.4,0.125,9.999999994736E-08));
#796 = CARTESIAN_POINT('',(1.4,0.375,9.999999994736E-08));
#797 = CARTESIAN_POINT('',(1.4,0.125,0.1000001));
#798 = CARTESIAN_POINT('',(1.4,0.375,0.1000001));
#799 = ADVANCED_FACE('',(#800),#814,.F.);
#800 = FACE_BOUND('',#801,.T.);
#801 = EDGE_LOOP('',(#802,#807,#808,#813));
#802 = ORIENTED_EDGE('',*,*,#803,.T.);
#803 = EDGE_CURVE('',#776,#712,#804,.T.);
#804 = B_SPLINE_CURVE_WITH_KNOTS('',1,(#805,#806),.UNSPECIFIED.,.F.,.F.,
  (2,2),(0.,0.475),.PIECEWISE_BEZIER_KNOTS.);
#805 = CARTESIAN_POINT('',(1.4,0.125,0.1000001));
#806 = CARTESIAN_POINT('',(0.925,0.125,0.1000001));
#807 = ORIENTED_EDGE('',*,*,#734,.F.);
#808 = ORIENTED_EDGE('',*,*,#809,.F.);
#809 = EDGE_CURVE('',#783,#728,#810,.T.);
#810 = B_SPLINE_CURVE_WITH_KNOTS('',1,(#811,#812),.UNSPECIFIED.,.F.,.F.,
  (2,2),(0.,0.475),.PIECEWISE_BEZIER_KNOTS.);
#811 = CARTESIAN_POINT('',(1.4,0.125,9.999999994736E-08));
#812 = CARTESIAN_POINT('',(0.925,0.125,9.999999994736E-08));
#813 = ORIENTED_EDGE('',*,*,#782,.T.);
#814 = B_SPLINE_SURFACE_WITH_KNOTS('',1,1,(
    (#815,#816)
    ,(#817,#818
    )),.UNSPECIFIED.,.F.,.F.,.F.,(2,2),(2,2),(0.,0.1),(-0.475,0.),
  .PIECEWISE_BEZIER_KNOTS.);
#815 = CARTESIAN_POINT('',(0.925,0.125,9.999999994736E-08));
#816 = CARTESIAN_POINT('',(1.4,0.125,9.999999994736E-08));
#817 = CARTESIAN_POINT('',(0.925,0.125,0.1000001));
#818 = CARTESIAN_POINT('',(1.4,0.125,0.1000001));
#819 = ADVANCED_FACE('',(#820),#826,.T.);
#820 = FACE_BOUND('',#821,.T.);
#821 = EDGE_LOOP('',(#822,#823,#824,#825));
#822 = ORIENTED_EDGE('',*,*,#727,.T.);
#823 = ORIENTED_EDGE('',*,*,#761,.T.);
#824 = ORIENTED_EDGE('',*,*,#789,.T.);
#825 = ORIENTED_EDGE('',*,*,#809,.T.);
#826 = B_SPLINE_SURFACE_WITH_KNOTS('',1,1,(
    (#827,#828)
    ,(#829,#830
    )),.UNSPECIFIED.,.F.,.F.,.F.,(2,2),(2,2),(-1.4,-0.925),(0.125,0.375)
  ,.PIECEWISE_BEZIER_KNOTS.);
#827 = CARTESIAN_POINT('',(1.4,0.125,9.999999994736E-08));
#828 = CARTESIAN_POINT('',(1.4,0.375,9.999999994736E-08));
#829 = CARTESIAN_POINT('',(0.925,0.125,9.999999994736E-08));
#830 = CARTESIAN_POINT('',(0.925,0.375,9.999999994736E-08));
#831 = ADVANCED_FACE('',(#832),#838,.F.);
#832 = FACE_BOUND('',#833,.T.);
#833 = EDGE_LOOP('',(#834,#835,#836,#837));
#834 = ORIENTED_EDGE('',*,*,#711,.F.);
#835 = ORIENTED_EDGE('',*,*,#803,.F.);
#836 = ORIENTED_EDGE('',*,*,#775,.F.);
#837 = ORIENTED_EDGE('',*,*,#747,.F.);
#838 = B_SPLINE_SURFACE_WITH_KNOTS('',1,1,(
    (#839,#840)
    ,(#841,#842
    )),.UNSPECIFIED.,.F.,.F.,.F.,(2,2),(2,2),(-1.4,-0.925),(0.125,0.375)
  ,.PIECEWISE_BEZIER_KNOTS.);
#839 = CARTESIAN_POINT('',(1.4,0.125,0.1000001));
#840 = CARTESIAN_POINT('',(1.4,0.375,0.1000001));
#841 = CARTESIAN_POINT('',(0.925,0.125,0.1000001));
#842 = CARTESIAN_POINT('',(0.925,0.375,0.1000001));
#843 = MANIFOLD_SOLID_BREP('',#844);
#844 = CLOSED_SHELL('',(#845,#881,#909,#937,#957,#969));
#845 = ADVANCED_FACE('',(#846),#876,.F.);
#846 = FACE_BOUND('',#847,.T.);
#847 = EDGE_LOOP('',(#848,#857,#864,#871));
#848 = ORIENTED_EDGE('',*,*,#849,.T.);
#849 = EDGE_CURVE('',#850,#852,#854,.T.);
#850 = VERTEX_POINT('',#851);
#851 = CARTESIAN_POINT('',(0.925,-0.375,0.1000001));
#852 = VERTEX_POINT('',#853);
#853 = CARTESIAN_POINT('',(0.925,-0.125,0.1000001));
#854 = B_SPLINE_CURVE_WITH_KNOTS('',1,(#855,#856),.UNSPECIFIED.,.F.,.F.,
  (2,2),(-0.25,0.),.PIECEWISE_BEZIER_KNOTS.);
#855 = CARTESIAN_POINT('',(0.925,-0.375,0.1000001));
#856 = CARTESIAN_POINT('',(0.925,-0.125,0.1000001));
#857 = ORIENTED_EDGE('',*,*,#858,.F.);
#858 = EDGE_CURVE('',#859,#852,#861,.T.);
#859 = VERTEX_POINT('',#860);
#860 = CARTESIAN_POINT('',(0.925,-0.125,9.999999994736E-08));
#861 = B_SPLINE_CURVE_WITH_KNOTS('',1,(#862,#863),.UNSPECIFIED.,.F.,.F.,
  (2,2),(0.,0.1),.PIECEWISE_BEZIER_KNOTS.);
#862 = CARTESIAN_POINT('',(0.925,-0.125,9.999999994736E-08));
#863 = CARTESIAN_POINT('',(0.925,-0.125,0.1000001));
#864 = ORIENTED_EDGE('',*,*,#865,.F.);
#865 = EDGE_CURVE('',#866,#859,#868,.T.);
#866 = VERTEX_POINT('',#867);
#867 = CARTESIAN_POINT('',(0.925,-0.375,9.999999994736E-08));
#868 = B_SPLINE_CURVE_WITH_KNOTS('',1,(#869,#870),.UNSPECIFIED.,.F.,.F.,
  (2,2),(-0.25,0.),.PIECEWISE_BEZIER_KNOTS.);
#869 = CARTESIAN_POINT('',(0.925,-0.375,9.999999994736E-08));
#870 = CARTESIAN_POINT('',(0.925,-0.125,9.999999994736E-08));
#871 = ORIENTED_EDGE('',*,*,#872,.T.);
#872 = EDGE_CURVE('',#866,#850,#873,.T.);
#873 = B_SPLINE_CURVE_WITH_KNOTS('',1,(#874,#875),.UNSPECIFIED.,.F.,.F.,
  (2,2),(0.,0.1),.PIECEWISE_BEZIER_KNOTS.);
#874 = CARTESIAN_POINT('',(0.925,-0.375,9.999999994736E-08));
#875 = CARTESIAN_POINT('',(0.925,-0.375,0.1000001));
#876 = B_SPLINE_SURFACE_WITH_KNOTS('',1,1,(
    (#877,#878)
    ,(#879,#880
    )),.UNSPECIFIED.,.F.,.F.,.F.,(2,2),(2,2),(-0.25,0.),(0.,0.1),
  .PIECEWISE_BEZIER_KNOTS.);
#877 = CARTESIAN_POINT('',(0.925,-0.375,9.999999994736E-08));
#878 = CARTESIAN_POINT('',(0.925,-0.375,0.1000001));
#879 = CARTESIAN_POINT('',(0.925,-0.125,9.999999994736E-08));
#880 = CARTESIAN_POINT('',(0.925,-0.125,0.1000001));
#881 = ADVANCED_FACE('',(#882),#904,.F.);
#882 = FACE_BOUND('',#883,.T.);
#883 = EDGE_LOOP('',(#884,#891,#898,#903));
#884 = ORIENTED_EDGE('',*,*,#885,.T.);
#885 = EDGE_CURVE('',#852,#886,#888,.T.);
#886 = VERTEX_POINT('',#887);
#887 = CARTESIAN_POINT('',(1.4,-0.125,0.1000001));
#888 = B_SPLINE_CURVE_WITH_KNOTS('',1,(#889,#890),.UNSPECIFIED.,.F.,.F.,
  (2,2),(-0.475,0.),.PIECEWISE_BEZIER_KNOTS.);
#889 = CARTESIAN_POINT('',(0.925,-0.125,0.1000001));
#890 = CARTESIAN_POINT('',(1.4,-0.125,0.1000001));
#891 = ORIENTED_EDGE('',*,*,#892,.F.);
#892 = EDGE_CURVE('',#893,#886,#895,.T.);
#893 = VERTEX_POINT('',#894);
#894 = CARTESIAN_POINT('',(1.4,-0.125,9.999999994736E-08));
#895 = B_SPLINE_CURVE_WITH_KNOTS('',1,(#896,#897),.UNSPECIFIED.,.F.,.F.,
  (2,2),(0.,0.1),.PIECEWISE_BEZIER_KNOTS.);
#896 = CARTESIAN_POINT('',(1.4,-0.125,9.999999994736E-08));
#897 = CARTESIAN_POINT('',(1.4,-0.125,0.1000001));
#898 = ORIENTED_EDGE('',*,*,#899,.F.);
#899 = EDGE_CURVE('',#859,#893,#900,.T.);
#900 = B_SPLINE_CURVE_WITH_KNOTS('',1,(#901,#902),.UNSPECIFIED.,.F.,.F.,
  (2,2),(-0.475,0.),.PIECEWISE_BEZIER_KNOTS.);
#901 = CARTESIAN_POINT('',(0.925,-0.125,9.999999994736E-08));
#902 = CARTESIAN_POINT('',(1.4,-0.125,9.999999994736E-08));
#903 = ORIENTED_EDGE('',*,*,#858,.T.);
#904 = B_SPLINE_SURFACE_WITH_KNOTS('',1,1,(
    (#905,#906)
    ,(#907,#908
    )),.UNSPECIFIED.,.F.,.F.,.F.,(2,2),(2,2),(-0.475,0.),(0.,0.1),
  .PIECEWISE_BEZIER_KNOTS.);
#905 = CARTESIAN_POINT('',(0.925,-0.125,9.999999994736E-08));
#906 = CARTESIAN_POINT('',(0.925,-0.125,0.1000001));
#907 = CARTESIAN_POINT('',(1.4,-0.125,9.999999994736E-08));
#908 = CARTESIAN_POINT('',(1.4,-0.125,0.1000001));
#909 = ADVANCED_FACE('',(#910),#932,.F.);
#910 = FACE_BOUND('',#911,.T.);
#911 = EDGE_LOOP('',(#912,#919,#926,#931));
#912 = ORIENTED_EDGE('',*,*,#913,.T.);
#913 = EDGE_CURVE('',#886,#914,#916,.T.);
#914 = VERTEX_POINT('',#915);
#915 = CARTESIAN_POINT('',(1.4,-0.375,0.1000001));
#916 = B_SPLINE_CURVE_WITH_KNOTS('',1,(#917,#918),.UNSPECIFIED.,.F.,.F.,
  (2,2),(0.,0.25),.PIECEWISE_BEZIER_KNOTS.);
#917 = CARTESIAN_POINT('',(1.4,-0.125,0.1000001));
#918 = CARTESIAN_POINT('',(1.4,-0.375,0.1000001));
#919 = ORIENTED_EDGE('',*,*,#920,.F.);
#920 = EDGE_CURVE('',#921,#914,#923,.T.);
#921 = VERTEX_POINT('',#922);
#922 = CARTESIAN_POINT('',(1.4,-0.375,9.999999994736E-08));
#923 = B_SPLINE_CURVE_WITH_KNOTS('',1,(#924,#925),.UNSPECIFIED.,.F.,.F.,
  (2,2),(0.,0.1),.PIECEWISE_BEZIER_KNOTS.);
#924 = CARTESIAN_POINT('',(1.4,-0.375,9.999999994736E-08));
#925 = CARTESIAN_POINT('',(1.4,-0.375,0.1000001));
#926 = ORIENTED_EDGE('',*,*,#927,.F.);
#927 = EDGE_CURVE('',#893,#921,#928,.T.);
#928 = B_SPLINE_CURVE_WITH_KNOTS('',1,(#929,#930),.UNSPECIFIED.,.F.,.F.,
  (2,2),(0.,0.25),.PIECEWISE_BEZIER_KNOTS.);
#929 = CARTESIAN_POINT('',(1.4,-0.125,9.999999994736E-08));
#930 = CARTESIAN_POINT('',(1.4,-0.375,9.999999994736E-08));
#931 = ORIENTED_EDGE('',*,*,#892,.T.);
#932 = B_SPLINE_SURFACE_WITH_KNOTS('',1,1,(
    (#933,#934)
    ,(#935,#936
    )),.UNSPECIFIED.,.F.,.F.,.F.,(2,2),(2,2),(0.,0.1),(-0.25,0.),
  .PIECEWISE_BEZIER_KNOTS.);
#933 = CARTESIAN_POINT('',(1.4,-0.375,9.999999994736E-08));
#934 = CARTESIAN_POINT('',(1.4,-0.125,9.999999994736E-08));
#935 = CARTESIAN_POINT('',(1.4,-0.375,0.1000001));
#936 = CARTESIAN_POINT('',(1.4,-0.125,0.1000001));
#937 = ADVANCED_FACE('',(#938),#952,.F.);
#938 = FACE_BOUND('',#939,.T.);
#939 = EDGE_LOOP('',(#940,#945,#946,#951));
#940 = ORIENTED_EDGE('',*,*,#941,.T.);
#941 = EDGE_CURVE('',#914,#850,#942,.T.);
#942 = B_SPLINE_CURVE_WITH_KNOTS('',1,(#943,#944),.UNSPECIFIED.,.F.,.F.,
  (2,2),(0.,0.475),.PIECEWISE_BEZIER_KNOTS.);
#943 = CARTESIAN_POINT('',(1.4,-0.375,0.1000001));
#944 = CARTESIAN_POINT('',(0.925,-0.375,0.1000001));
#945 = ORIENTED_EDGE('',*,*,#872,.F.);
#946 = ORIENTED_EDGE('',*,*,#947,.F.);
#947 = EDGE_CURVE('',#921,#866,#948,.T.);
#948 = B_SPLINE_CURVE_WITH_KNOTS('',1,(#949,#950),.UNSPECIFIED.,.F.,.F.,
  (2,2),(0.,0.475),.PIECEWISE_BEZIER_KNOTS.);
#949 = CARTESIAN_POINT('',(1.4,-0.375,9.999999994736E-08));
#950 = CARTESIAN_POINT('',(0.925,-0.375,9.999999994736E-08));
#951 = ORIENTED_EDGE('',*,*,#920,.T.);
#952 = B_SPLINE_SURFACE_WITH_KNOTS('',1,1,(
    (#953,#954)
    ,(#955,#956
    )),.UNSPECIFIED.,.F.,.F.,.F.,(2,2),(2,2),(0.,0.1),(-0.475,0.),
  .PIECEWISE_BEZIER_KNOTS.);
#953 = CARTESIAN_POINT('',(0.925,-0.375,9.999999994736E-08));
#954 = CARTESIAN_POINT('',(1.4,-0.375,9.999999994736E-08));
#955 = CARTESIAN_POINT('',(0.925,-0.375,0.1000001));
#956 = CARTESIAN_POINT('',(1.4,-0.375,0.1000001));
#957 = ADVANCED_FACE('',(#958),#964,.T.);
#958 = FACE_BOUND('',#959,.T.);
#959 = EDGE_LOOP('',(#960,#961,#962,#963));
#960 = ORIENTED_EDGE('',*,*,#865,.T.);
#961 = ORIENTED_EDGE('',*,*,#899,.T.);
#962 = ORIENTED_EDGE('',*,*,#927,.T.);
#963 = ORIENTED_EDGE('',*,*,#947,.T.);
#964 = B_SPLINE_SURFACE_WITH_KNOTS('',1,1,(
    (#965,#966)
    ,(#967,#968
    )),.UNSPECIFIED.,.F.,.F.,.F.,(2,2),(2,2),(-1.4,-0.925),(-0.375,
    -0.125),.PIECEWISE_BEZIER_KNOTS.);
#965 = CARTESIAN_POINT('',(1.4,-0.375,9.999999994736E-08));
#966 = CARTESIAN_POINT('',(1.4,-0.125,9.999999994736E-08));
#967 = CARTESIAN_POINT('',(0.925,-0.375,9.999999994736E-08));
#968 = CARTESIAN_POINT('',(0.925,-0.125,9.999999994736E-08));
#969 = ADVANCED_FACE('',(#970),#976,.F.);
#970 = FACE_BOUND('',#971,.T.);
#971 = EDGE_LOOP('',(#972,#973,#974,#975));
#972 = ORIENTED_EDGE('',*,*,#849,.F.);
#973 = ORIENTED_EDGE('',*,*,#941,.F.);
#974 = ORIENTED_EDGE('',*,*,#913,.F.);
#975 = ORIENTED_EDGE('',*,*,#885,.F.);
#976 = B_SPLINE_SURFACE_WITH_KNOTS('',1,1,(
    (#977,#978)
    ,(#979,#980
    )),.UNSPECIFIED.,.F.,.F.,.F.,(2,2),(2,2),(-1.4,-0.925),(-0.375,
    -0.125),.PIECEWISE_BEZIER_KNOTS.);
#977 = CARTESIAN_POINT('',(1.4,-0.375,0.1000001));
#978 = CARTESIAN_POINT('',(1.4,-0.125,0.1000001));
#979 = CARTESIAN_POINT('',(0.925,-0.375,0.1000001));
#980 = CARTESIAN_POINT('',(0.925,-0.125,0.1000001));
#981 = MANIFOLD_SOLID_BREP('',#982);
#982 = CLOSED_SHELL('',(#983,#1019,#1047,#1075,#1095,#1107));
#983 = ADVANCED_FACE('',(#984),#1014,.F.);
#984 = FACE_BOUND('',#985,.T.);
#985 = EDGE_LOOP('',(#986,#995,#1002,#1009));
#986 = ORIENTED_EDGE('',*,*,#987,.T.);
#987 = EDGE_CURVE('',#988,#990,#992,.T.);
#988 = VERTEX_POINT('',#989);
#989 = CARTESIAN_POINT('',(0.925,-0.875,0.1000001));
#990 = VERTEX_POINT('',#991);
#991 = CARTESIAN_POINT('',(0.925,-0.625,0.1000001));
#992 = B_SPLINE_CURVE_WITH_KNOTS('',1,(#993,#994),.UNSPECIFIED.,.F.,.F.,
  (2,2),(-0.25,0.),.PIECEWISE_BEZIER_KNOTS.);
#993 = CARTESIAN_POINT('',(0.925,-0.875,0.1000001));
#994 = CARTESIAN_POINT('',(0.925,-0.625,0.1000001));
#995 = ORIENTED_EDGE('',*,*,#996,.F.);
#996 = EDGE_CURVE('',#997,#990,#999,.T.);
#997 = VERTEX_POINT('',#998);
#998 = CARTESIAN_POINT('',(0.925,-0.625,9.999999994736E-08));
#999 = B_SPLINE_CURVE_WITH_KNOTS('',1,(#1000,#1001),.UNSPECIFIED.,.F.,
  .F.,(2,2),(0.,0.1),.PIECEWISE_BEZIER_KNOTS.);
#1000 = CARTESIAN_POINT('',(0.925,-0.625,9.999999994736E-08));
#1001 = CARTESIAN_POINT('',(0.925,-0.625,0.1000001));
#1002 = ORIENTED_EDGE('',*,*,#1003,.F.);
#1003 = EDGE_CURVE('',#1004,#997,#1006,.T.);
#1004 = VERTEX_POINT('',#1005);
#1005 = CARTESIAN_POINT('',(0.925,-0.875,9.999999994736E-08));
#1006 = B_SPLINE_CURVE_WITH_KNOTS('',1,(#1007,#1008),.UNSPECIFIED.,.F.,
  .F.,(2,2),(-0.25,0.),.PIECEWISE_BEZIER_KNOTS.);
#1007 = CARTESIAN_POINT('',(0.925,-0.875,9.999999994736E-08));
#1008 = CARTESIAN_POINT('',(0.925,-0.625,9.999999994736E-08));
#1009 = ORIENTED_EDGE('',*,*,#1010,.T.);
#1010 = EDGE_CURVE('',#1004,#988,#1011,.T.);
#1011 = B_SPLINE_CURVE_WITH_KNOTS('',1,(#1012,#1013),.UNSPECIFIED.,.F.,
  .F.,(2,2),(0.,0.1),.PIECEWISE_BEZIER_KNOTS.);
#1012 = CARTESIAN_POINT('',(0.925,-0.875,9.999999994736E-08));
#1013 = CARTESIAN_POINT('',(0.925,-0.875,0.1000001));
#1014 = B_SPLINE_SURFACE_WITH_KNOTS('',1,1,(
    (#1015,#1016)
    ,(#1017,#1018
    )),.UNSPECIFIED.,.F.,.F.,.F.,(2,2),(2,2),(-0.25,0.),(0.,0.1),
  .PIECEWISE_BEZIER_KNOTS.);
#1015 = CARTESIAN_POINT('',(0.925,-0.875,9.999999994736E-08));
#1016 = CARTESIAN_POINT('',(0.925,-0.875,0.1000001));
#1017 = CARTESIAN_POINT('',(0.925,-0.625,9.999999994736E-08));
#1018 = CARTESIAN_POINT('',(0.925,-0.625,0.1000001));
#1019 = ADVANCED_FACE('',(#1020),#1042,.F.);
#1020 = FACE_BOUND('',#1021,.T.);
#1021 = EDGE_LOOP('',(#1022,#1029,#1036,#1041));
#1022 = ORIENTED_EDGE('',*,*,#1023,.T.);
#1023 = EDGE_CURVE('',#990,#1024,#1026,.T.);
#1024 = VERTEX_POINT('',#1025);
#1025 = CARTESIAN_POINT('',(1.4,-0.625,0.1000001));
#1026 = B_SPLINE_CURVE_WITH_KNOTS('',1,(#1027,#1028),.UNSPECIFIED.,.F.,
  .F.,(2,2),(-0.475,0.),.PIECEWISE_BEZIER_KNOTS.);
#1027 = CARTESIAN_POINT('',(0.925,-0.625,0.1000001));
#1028 = CARTESIAN_POINT('',(1.4,-0.625,0.1000001));
#1029 = ORIENTED_EDGE('',*,*,#1030,.F.);
#1030 = EDGE_CURVE('',#1031,#1024,#1033,.T.);
#1031 = VERTEX_POINT('',#1032);
#1032 = CARTESIAN_POINT('',(1.4,-0.625,9.999999994736E-08));
#1033 = B_SPLINE_CURVE_WITH_KNOTS('',1,(#1034,#1035),.UNSPECIFIED.,.F.,
  .F.,(2,2),(0.,0.1),.PIECEWISE_BEZIER_KNOTS.);
#1034 = CARTESIAN_POINT('',(1.4,-0.625,9.999999994736E-08));
#1035 = CARTESIAN_POINT('',(1.4,-0.625,0.1000001));
#1036 = ORIENTED_EDGE('',*,*,#1037,.F.);
#1037 = EDGE_CURVE('',#997,#1031,#1038,.T.);
#1038 = B_SPLINE_CURVE_WITH_KNOTS('',1,(#1039,#1040),.UNSPECIFIED.,.F.,
  .F.,(2,2),(-0.475,0.),.PIECEWISE_BEZIER_KNOTS.);
#1039 = CARTESIAN_POINT('',(0.925,-0.625,9.999999994736E-08));
#1040 = CARTESIAN_POINT('',(1.4,-0.625,9.999999994736E-08));
#1041 = ORIENTED_EDGE('',*,*,#996,.T.);
#1042 = B_SPLINE_SURFACE_WITH_KNOTS('',1,1,(
    (#1043,#1044)
    ,(#1045,#1046
    )),.UNSPECIFIED.,.F.,.F.,.F.,(2,2),(2,2),(-0.475,0.),(0.,0.1),
  .PIECEWISE_BEZIER_KNOTS.);
#1043 = CARTESIAN_POINT('',(0.925,-0.625,9.999999994736E-08));
#1044 = CARTESIAN_POINT('',(0.925,-0.625,0.1000001));
#1045 = CARTESIAN_POINT('',(1.4,-0.625,9.999999994736E-08));
#1046 = CARTESIAN_POINT('',(1.4,-0.625,0.1000001));
#1047 = ADVANCED_FACE('',(#1048),#1070,.F.);
#1048 = FACE_BOUND('',#1049,.T.);
#1049 = EDGE_LOOP('',(#1050,#1057,#1064,#1069));
#1050 = ORIENTED_EDGE('',*,*,#1051,.T.);
#1051 = EDGE_CURVE('',#1024,#1052,#1054,.T.);
#1052 = VERTEX_POINT('',#1053);
#1053 = CARTESIAN_POINT('',(1.4,-0.875,0.1000001));
#1054 = B_SPLINE_CURVE_WITH_KNOTS('',1,(#1055,#1056),.UNSPECIFIED.,.F.,
  .F.,(2,2),(0.,0.25),.PIECEWISE_BEZIER_KNOTS.);
#1055 = CARTESIAN_POINT('',(1.4,-0.625,0.1000001));
#1056 = CARTESIAN_POINT('',(1.4,-0.875,0.1000001));
#1057 = ORIENTED_EDGE('',*,*,#1058,.F.);
#1058 = EDGE_CURVE('',#1059,#1052,#1061,.T.);
#1059 = VERTEX_POINT('',#1060);
#1060 = CARTESIAN_POINT('',(1.4,-0.875,9.999999994736E-08));
#1061 = B_SPLINE_CURVE_WITH_KNOTS('',1,(#1062,#1063),.UNSPECIFIED.,.F.,
  .F.,(2,2),(0.,0.1),.PIECEWISE_BEZIER_KNOTS.);
#1062 = CARTESIAN_POINT('',(1.4,-0.875,9.999999994736E-08));
#1063 = CARTESIAN_POINT('',(1.4,-0.875,0.1000001));
#1064 = ORIENTED_EDGE('',*,*,#1065,.F.);
#1065 = EDGE_CURVE('',#1031,#1059,#1066,.T.);
#1066 = B_SPLINE_CURVE_WITH_KNOTS('',1,(#1067,#1068),.UNSPECIFIED.,.F.,
  .F.,(2,2),(0.,0.25),.PIECEWISE_BEZIER_KNOTS.);
#1067 = CARTESIAN_POINT('',(1.4,-0.625,9.999999994736E-08));
#1068 = CARTESIAN_POINT('',(1.4,-0.875,9.999999994736E-08));
#1069 = ORIENTED_EDGE('',*,*,#1030,.T.);
#1070 = B_SPLINE_SURFACE_WITH_KNOTS('',1,1,(
    (#1071,#1072)
    ,(#1073,#1074
    )),.UNSPECIFIED.,.F.,.F.,.F.,(2,2),(2,2),(0.,0.1),(-0.25,0.),
  .PIECEWISE_BEZIER_KNOTS.);
#1071 = CARTESIAN_POINT('',(1.4,-0.875,9.999999994736E-08));
#1072 = CARTESIAN_POINT('',(1.4,-0.625,9.999999994736E-08));
#1073 = CARTESIAN_POINT('',(1.4,-0.875,0.1000001));
#1074 = CARTESIAN_POINT('',(1.4,-0.625,0.1000001));
#1075 = ADVANCED_FACE('',(#1076),#1090,.F.);
#1076 = FACE_BOUND('',#1077,.T.);
#1077 = EDGE_LOOP('',(#1078,#1083,#1084,#1089));
#1078 = ORIENTED_EDGE('',*,*,#1079,.T.);
#1079 = EDGE_CURVE('',#1052,#988,#1080,.T.);
#1080 = B_SPLINE_CURVE_WITH_KNOTS('',1,(#1081,#1082),.UNSPECIFIED.,.F.,
  .F.,(2,2),(0.,0.475),.PIECEWISE_BEZIER_KNOTS.);
#1081 = CARTESIAN_POINT('',(1.4,-0.875,0.1000001));
#1082 = CARTESIAN_POINT('',(0.925,-0.875,0.1000001));
#1083 = ORIENTED_EDGE('',*,*,#1010,.F.);
#1084 = ORIENTED_EDGE('',*,*,#1085,.F.);
#1085 = EDGE_CURVE('',#1059,#1004,#1086,.T.);
#1086 = B_SPLINE_CURVE_WITH_KNOTS('',1,(#1087,#1088),.UNSPECIFIED.,.F.,
  .F.,(2,2),(0.,0.475),.PIECEWISE_BEZIER_KNOTS.);
#1087 = CARTESIAN_POINT('',(1.4,-0.875,9.999999994736E-08));
#1088 = CARTESIAN_POINT('',(0.925,-0.875,9.999999994736E-08));
#1089 = ORIENTED_EDGE('',*,*,#1058,.T.);
#1090 = B_SPLINE_SURFACE_WITH_KNOTS('',1,1,(
    (#1091,#1092)
    ,(#1093,#1094
    )),.UNSPECIFIED.,.F.,.F.,.F.,(2,2),(2,2),(0.,0.1),(-0.475,0.),
  .PIECEWISE_BEZIER_KNOTS.);
#1091 = CARTESIAN_POINT('',(0.925,-0.875,9.999999994736E-08));
#1092 = CARTESIAN_POINT('',(1.4,-0.875,9.999999994736E-08));
#1093 = CARTESIAN_POINT('',(0.925,-0.875,0.1000001));
#1094 = CARTESIAN_POINT('',(1.4,-0.875,0.1000001));
#1095 = ADVANCED_FACE('',(#1096),#1102,.T.);
#1096 = FACE_BOUND('',#1097,.T.);
#1097 = EDGE_LOOP('',(#1098,#1099,#1100,#1101));
#1098 = ORIENTED_EDGE('',*,*,#1003,.T.);
#1099 = ORIENTED_EDGE('',*,*,#1037,.T.);
#1100 = ORIENTED_EDGE('',*,*,#1065,.T.);
#1101 = ORIENTED_EDGE('',*,*,#1085,.T.);
#1102 = B_SPLINE_SURFACE_WITH_KNOTS('',1,1,(
    (#1103,#1104)
    ,(#1105,#1106
  )),.UNSPECIFIED.,.F.,.F.,.F.,(2,2),(2,2),(-1.4,-0.925),(-0.875,-0.625)
  ,.PIECEWISE_BEZIER_KNOTS.);
#1103 = CARTESIAN_POINT('',(1.4,-0.875,9.999999994736E-08));
#1104 = CARTESIAN_POINT('',(1.4,-0.625,9.999999994736E-08));
#1105 = CARTESIAN_POINT('',(0.925,-0.875,9.999999994736E-08));
#1106 = CARTESIAN_POINT('',(0.925,-0.625,9.999999994736E-08));
#1107 = ADVANCED_FACE('',(#1108),#1114,.F.);
#1108 = FACE_BOUND('',#1109,.T.);
#1109 = EDGE_LOOP('',(#1110,#1111,#1112,#1113));
#1110 = ORIENTED_EDGE('',*,*,#987,.F.);
#1111 = ORIENTED_EDGE('',*,*,#1079,.F.);
#1112 = ORIENTED_EDGE('',*,*,#1051,.F.);
#1113 = ORIENTED_EDGE('',*,*,#1023,.F.);
#1114 = B_SPLINE_SURFACE_WITH_KNOTS('',1,1,(
    (#1115,#1116)
    ,(#1117,#1118
  )),.UNSPECIFIED.,.F.,.F.,.F.,(2,2),(2,2),(-1.4,-0.925),(-0.875,-0.625)
  ,.PIECEWISE_BEZIER_KNOTS.);
#1115 = CARTESIAN_POINT('',(1.4,-0.875,0.1000001));
#1116 = CARTESIAN_POINT('',(1.4,-0.625,0.1000001));
#1117 = CARTESIAN_POINT('',(0.925,-0.875,0.1000001));
#1118 = CARTESIAN_POINT('',(0.925,-0.625,0.1000001));
#1119 = MANIFOLD_SOLID_BREP('',#1120);
#1120 = CLOSED_SHELL('',(#1121,#1157,#1185,#1213,#1233,#1245));
#1121 = ADVANCED_FACE('',(#1122),#1152,.F.);
#1122 = FACE_BOUND('',#1123,.T.);
#1123 = EDGE_LOOP('',(#1124,#1133,#1140,#1147));
#1124 = ORIENTED_EDGE('',*,*,#1125,.T.);
#1125 = EDGE_CURVE('',#1126,#1128,#1130,.T.);
#1126 = VERTEX_POINT('',#1127);
#1127 = CARTESIAN_POINT('',(-1.4,-0.125,0.1000001));
#1128 = VERTEX_POINT('',#1129);
#1129 = CARTESIAN_POINT('',(-0.925,-0.125,0.1000001));
#1130 = B_SPLINE_CURVE_WITH_KNOTS('',1,(#1131,#1132),.UNSPECIFIED.,.F.,
  .F.,(2,2),(0.,0.475),.PIECEWISE_BEZIER_KNOTS.);
#1131 = CARTESIAN_POINT('',(-1.4,-0.125,0.1000001));
#1132 = CARTESIAN_POINT('',(-0.925,-0.125,0.1000001));
#1133 = ORIENTED_EDGE('',*,*,#1134,.F.);
#1134 = EDGE_CURVE('',#1135,#1128,#1137,.T.);
#1135 = VERTEX_POINT('',#1136);
#1136 = CARTESIAN_POINT('',(-0.925,-0.125,9.999999994736E-08));
#1137 = B_SPLINE_CURVE_WITH_KNOTS('',1,(#1138,#1139),.UNSPECIFIED.,.F.,
  .F.,(2,2),(0.,0.1),.PIECEWISE_BEZIER_KNOTS.);
#1138 = CARTESIAN_POINT('',(-0.925,-0.125,9.999999994736E-08));
#1139 = CARTESIAN_POINT('',(-0.925,-0.125,0.1000001));
#1140 = ORIENTED_EDGE('',*,*,#1141,.F.);
#1141 = EDGE_CURVE('',#1142,#1135,#1144,.T.);
#1142 = VERTEX_POINT('',#1143);
#1143 = CARTESIAN_POINT('',(-1.4,-0.125,9.999999994736E-08));
#1144 = B_SPLINE_CURVE_WITH_KNOTS('',1,(#1145,#1146),.UNSPECIFIED.,.F.,
  .F.,(2,2),(0.,0.475),.PIECEWISE_BEZIER_KNOTS.);
#1145 = CARTESIAN_POINT('',(-1.4,-0.125,9.999999994736E-08));
#1146 = CARTESIAN_POINT('',(-0.925,-0.125,9.999999994736E-08));
#1147 = ORIENTED_EDGE('',*,*,#1148,.T.);
#1148 = EDGE_CURVE('',#1142,#1126,#1149,.T.);
#1149 = B_SPLINE_CURVE_WITH_KNOTS('',1,(#1150,#1151),.UNSPECIFIED.,.F.,
  .F.,(2,2),(0.,0.1),.PIECEWISE_BEZIER_KNOTS.);
#1150 = CARTESIAN_POINT('',(-1.4,-0.125,9.999999994736E-08));
#1151 = CARTESIAN_POINT('',(-1.4,-0.125,0.1000001));
#1152 = B_SPLINE_SURFACE_WITH_KNOTS('',1,1,(
    (#1153,#1154)
    ,(#1155,#1156
    )),.UNSPECIFIED.,.F.,.F.,.F.,(2,2),(2,2),(0.,0.475),(0.,0.1),
  .PIECEWISE_BEZIER_KNOTS.);
#1153 = CARTESIAN_POINT('',(-1.4,-0.125,9.999999994736E-08));
#1154 = CARTESIAN_POINT('',(-1.4,-0.125,0.1000001));
#1155 = CARTESIAN_POINT('',(-0.925,-0.125,9.999999994736E-08));
#1156 = CARTESIAN_POINT('',(-0.925,-0.125,0.1000001));
#1157 = ADVANCED_FACE('',(#1158),#1180,.F.);
#1158 = FACE_BOUND('',#1159,.T.);
#1159 = EDGE_LOOP('',(#1160,#1167,#1174,#1179));
#1160 = ORIENTED_EDGE('',*,*,#1161,.T.);
#1161 = EDGE_CURVE('',#1128,#1162,#1164,.T.);
#1162 = VERTEX_POINT('',#1163);
#1163 = CARTESIAN_POINT('',(-0.925,-0.375,0.1000001));
#1164 = B_SPLINE_CURVE_WITH_KNOTS('',1,(#1165,#1166),.UNSPECIFIED.,.F.,
  .F.,(2,2),(0.,0.25),.PIECEWISE_BEZIER_KNOTS.);
#1165 = CARTESIAN_POINT('',(-0.925,-0.125,0.1000001));
#1166 = CARTESIAN_POINT('',(-0.925,-0.375,0.1000001));
#1167 = ORIENTED_EDGE('',*,*,#1168,.F.);
#1168 = EDGE_CURVE('',#1169,#1162,#1171,.T.);
#1169 = VERTEX_POINT('',#1170);
#1170 = CARTESIAN_POINT('',(-0.925,-0.375,9.999999994736E-08));
#1171 = B_SPLINE_CURVE_WITH_KNOTS('',1,(#1172,#1173),.UNSPECIFIED.,.F.,
  .F.,(2,2),(0.,0.1),.PIECEWISE_BEZIER_KNOTS.);
#1172 = CARTESIAN_POINT('',(-0.925,-0.375,9.999999994736E-08));
#1173 = CARTESIAN_POINT('',(-0.925,-0.375,0.1000001));
#1174 = ORIENTED_EDGE('',*,*,#1175,.F.);
#1175 = EDGE_CURVE('',#1135,#1169,#1176,.T.);
#1176 = B_SPLINE_CURVE_WITH_KNOTS('',1,(#1177,#1178),.UNSPECIFIED.,.F.,
  .F.,(2,2),(0.,0.25),.PIECEWISE_BEZIER_KNOTS.);
#1177 = CARTESIAN_POINT('',(-0.925,-0.125,9.999999994736E-08));
#1178 = CARTESIAN_POINT('',(-0.925,-0.375,9.999999994736E-08));
#1179 = ORIENTED_EDGE('',*,*,#1134,.T.);
#1180 = B_SPLINE_SURFACE_WITH_KNOTS('',1,1,(
    (#1181,#1182)
    ,(#1183,#1184
    )),.UNSPECIFIED.,.F.,.F.,.F.,(2,2),(2,2),(0.,0.25),(0.,0.1),
  .PIECEWISE_BEZIER_KNOTS.);
#1181 = CARTESIAN_POINT('',(-0.925,-0.125,9.999999994736E-08));
#1182 = CARTESIAN_POINT('',(-0.925,-0.125,0.1000001));
#1183 = CARTESIAN_POINT('',(-0.925,-0.375,9.999999994736E-08));
#1184 = CARTESIAN_POINT('',(-0.925,-0.375,0.1000001));
#1185 = ADVANCED_FACE('',(#1186),#1208,.F.);
#1186 = FACE_BOUND('',#1187,.T.);
#1187 = EDGE_LOOP('',(#1188,#1195,#1202,#1207));
#1188 = ORIENTED_EDGE('',*,*,#1189,.T.);
#1189 = EDGE_CURVE('',#1162,#1190,#1192,.T.);
#1190 = VERTEX_POINT('',#1191);
#1191 = CARTESIAN_POINT('',(-1.4,-0.375,0.1000001));
#1192 = B_SPLINE_CURVE_WITH_KNOTS('',1,(#1193,#1194),.UNSPECIFIED.,.F.,
  .F.,(2,2),(-0.475,-0.),.PIECEWISE_BEZIER_KNOTS.);
#1193 = CARTESIAN_POINT('',(-0.925,-0.375,0.1000001));
#1194 = CARTESIAN_POINT('',(-1.4,-0.375,0.1000001));
#1195 = ORIENTED_EDGE('',*,*,#1196,.F.);
#1196 = EDGE_CURVE('',#1197,#1190,#1199,.T.);
#1197 = VERTEX_POINT('',#1198);
#1198 = CARTESIAN_POINT('',(-1.4,-0.375,9.999999994736E-08));
#1199 = B_SPLINE_CURVE_WITH_KNOTS('',1,(#1200,#1201),.UNSPECIFIED.,.F.,
  .F.,(2,2),(0.,0.1),.PIECEWISE_BEZIER_KNOTS.);
#1200 = CARTESIAN_POINT('',(-1.4,-0.375,9.999999994736E-08));
#1201 = CARTESIAN_POINT('',(-1.4,-0.375,0.1000001));
#1202 = ORIENTED_EDGE('',*,*,#1203,.F.);
#1203 = EDGE_CURVE('',#1169,#1197,#1204,.T.);
#1204 = B_SPLINE_CURVE_WITH_KNOTS('',1,(#1205,#1206),.UNSPECIFIED.,.F.,
  .F.,(2,2),(-0.475,-0.),.PIECEWISE_BEZIER_KNOTS.);
#1205 = CARTESIAN_POINT('',(-0.925,-0.375,9.999999994736E-08));
#1206 = CARTESIAN_POINT('',(-1.4,-0.375,9.999999994736E-08));
#1207 = ORIENTED_EDGE('',*,*,#1168,.T.);
#1208 = B_SPLINE_SURFACE_WITH_KNOTS('',1,1,(
    (#1209,#1210)
    ,(#1211,#1212
    )),.UNSPECIFIED.,.F.,.F.,.F.,(2,2),(2,2),(0.,0.1),(0.,0.475),
  .PIECEWISE_BEZIER_KNOTS.);
#1209 = CARTESIAN_POINT('',(-1.4,-0.375,9.999999994736E-08));
#1210 = CARTESIAN_POINT('',(-0.925,-0.375,9.999999994736E-08));
#1211 = CARTESIAN_POINT('',(-1.4,-0.375,0.1000001));
#1212 = CARTESIAN_POINT('',(-0.925,-0.375,0.1000001));
#1213 = ADVANCED_FACE('',(#1214),#1228,.F.);
#1214 = FACE_BOUND('',#1215,.T.);
#1215 = EDGE_LOOP('',(#1216,#1221,#1222,#1227));
#1216 = ORIENTED_EDGE('',*,*,#1217,.T.);
#1217 = EDGE_CURVE('',#1190,#1126,#1218,.T.);
#1218 = B_SPLINE_CURVE_WITH_KNOTS('',1,(#1219,#1220),.UNSPECIFIED.,.F.,
  .F.,(2,2),(-0.25,0.),.PIECEWISE_BEZIER_KNOTS.);
#1219 = CARTESIAN_POINT('',(-1.4,-0.375,0.1000001));
#1220 = CARTESIAN_POINT('',(-1.4,-0.125,0.1000001));
#1221 = ORIENTED_EDGE('',*,*,#1148,.F.);
#1222 = ORIENTED_EDGE('',*,*,#1223,.F.);
#1223 = EDGE_CURVE('',#1197,#1142,#1224,.T.);
#1224 = B_SPLINE_CURVE_WITH_KNOTS('',1,(#1225,#1226),.UNSPECIFIED.,.F.,
  .F.,(2,2),(-0.25,0.),.PIECEWISE_BEZIER_KNOTS.);
#1225 = CARTESIAN_POINT('',(-1.4,-0.375,9.999999994736E-08));
#1226 = CARTESIAN_POINT('',(-1.4,-0.125,9.999999994736E-08));
#1227 = ORIENTED_EDGE('',*,*,#1196,.T.);
#1228 = B_SPLINE_SURFACE_WITH_KNOTS('',1,1,(
    (#1229,#1230)
    ,(#1231,#1232
    )),.UNSPECIFIED.,.F.,.F.,.F.,(2,2),(2,2),(-0.1,0.),(-0.25,0.),
  .PIECEWISE_BEZIER_KNOTS.);
#1229 = CARTESIAN_POINT('',(-1.4,-0.375,0.1000001));
#1230 = CARTESIAN_POINT('',(-1.4,-0.125,0.1000001));
#1231 = CARTESIAN_POINT('',(-1.4,-0.375,9.999999994736E-08));
#1232 = CARTESIAN_POINT('',(-1.4,-0.125,9.999999994736E-08));
#1233 = ADVANCED_FACE('',(#1234),#1240,.T.);
#1234 = FACE_BOUND('',#1235,.T.);
#1235 = EDGE_LOOP('',(#1236,#1237,#1238,#1239));
#1236 = ORIENTED_EDGE('',*,*,#1141,.T.);
#1237 = ORIENTED_EDGE('',*,*,#1175,.T.);
#1238 = ORIENTED_EDGE('',*,*,#1203,.T.);
#1239 = ORIENTED_EDGE('',*,*,#1223,.T.);
#1240 = B_SPLINE_SURFACE_WITH_KNOTS('',1,1,(
    (#1241,#1242)
    ,(#1243,#1244
    )),.UNSPECIFIED.,.F.,.F.,.F.,(2,2),(2,2),(0.925,1.4),(-0.375,-0.125)
  ,.PIECEWISE_BEZIER_KNOTS.);
#1241 = CARTESIAN_POINT('',(-0.925,-0.375,9.999999994736E-08));
#1242 = CARTESIAN_POINT('',(-0.925,-0.125,9.999999994736E-08));
#1243 = CARTESIAN_POINT('',(-1.4,-0.375,9.999999994736E-08));
#1244 = CARTESIAN_POINT('',(-1.4,-0.125,9.999999994736E-08));
#1245 = ADVANCED_FACE('',(#1246),#1252,.F.);
#1246 = FACE_BOUND('',#1247,.T.);
#1247 = EDGE_LOOP('',(#1248,#1249,#1250,#1251));
#1248 = ORIENTED_EDGE('',*,*,#1125,.F.);
#1249 = ORIENTED_EDGE('',*,*,#1217,.F.);
#1250 = ORIENTED_EDGE('',*,*,#1189,.F.);
#1251 = ORIENTED_EDGE('',*,*,#1161,.F.);
#1252 = B_SPLINE_SURFACE_WITH_KNOTS('',1,1,(
    (#1253,#1254)
    ,(#1255,#1256
    )),.UNSPECIFIED.,.F.,.F.,.F.,(2,2),(2,2),(0.925,1.4),(-0.375,-0.125)
  ,.PIECEWISE_BEZIER_KNOTS.);
#1253 = CARTESIAN_POINT('',(-0.925,-0.375,0.1000001));
#1254 = CARTESIAN_POINT('',(-0.925,-0.125,0.1000001));
#1255 = CARTESIAN_POINT('',(-1.4,-0.375,0.1000001));
#1256 = CARTESIAN_POINT('',(-1.4,-0.125,0.1000001));
#1257 = MANIFOLD_SOLID_BREP('',#1258);
#1258 = CLOSED_SHELL('',(#1259,#1295,#1323,#1351,#1371,#1383));
#1259 = ADVANCED_FACE('',(#1260),#1290,.F.);
#1260 = FACE_BOUND('',#1261,.T.);
#1261 = EDGE_LOOP('',(#1262,#1271,#1278,#1285));
#1262 = ORIENTED_EDGE('',*,*,#1263,.T.);
#1263 = EDGE_CURVE('',#1264,#1266,#1268,.T.);
#1264 = VERTEX_POINT('',#1265);
#1265 = CARTESIAN_POINT('',(-1.4,0.375,0.1000001));
#1266 = VERTEX_POINT('',#1267);
#1267 = CARTESIAN_POINT('',(-0.925,0.375,0.1000001));
#1268 = B_SPLINE_CURVE_WITH_KNOTS('',1,(#1269,#1270),.UNSPECIFIED.,.F.,
  .F.,(2,2),(0.,0.475),.PIECEWISE_BEZIER_KNOTS.);
#1269 = CARTESIAN_POINT('',(-1.4,0.375,0.1000001));
#1270 = CARTESIAN_POINT('',(-0.925,0.375,0.1000001));
#1271 = ORIENTED_EDGE('',*,*,#1272,.F.);
#1272 = EDGE_CURVE('',#1273,#1266,#1275,.T.);
#1273 = VERTEX_POINT('',#1274);
#1274 = CARTESIAN_POINT('',(-0.925,0.375,9.999999994736E-08));
#1275 = B_SPLINE_CURVE_WITH_KNOTS('',1,(#1276,#1277),.UNSPECIFIED.,.F.,
  .F.,(2,2),(0.,0.1),.PIECEWISE_BEZIER_KNOTS.);
#1276 = CARTESIAN_POINT('',(-0.925,0.375,9.999999994736E-08));
#1277 = CARTESIAN_POINT('',(-0.925,0.375,0.1000001));
#1278 = ORIENTED_EDGE('',*,*,#1279,.F.);
#1279 = EDGE_CURVE('',#1280,#1273,#1282,.T.);
#1280 = VERTEX_POINT('',#1281);
#1281 = CARTESIAN_POINT('',(-1.4,0.375,9.999999994736E-08));
#1282 = B_SPLINE_CURVE_WITH_KNOTS('',1,(#1283,#1284),.UNSPECIFIED.,.F.,
  .F.,(2,2),(0.,0.475),.PIECEWISE_BEZIER_KNOTS.);
#1283 = CARTESIAN_POINT('',(-1.4,0.375,9.999999994736E-08));
#1284 = CARTESIAN_POINT('',(-0.925,0.375,9.999999994736E-08));
#1285 = ORIENTED_EDGE('',*,*,#1286,.T.);
#1286 = EDGE_CURVE('',#1280,#1264,#1287,.T.);
#1287 = B_SPLINE_CURVE_WITH_KNOTS('',1,(#1288,#1289),.UNSPECIFIED.,.F.,
  .F.,(2,2),(0.,0.1),.PIECEWISE_BEZIER_KNOTS.);
#1288 = CARTESIAN_POINT('',(-1.4,0.375,9.999999994736E-08));
#1289 = CARTESIAN_POINT('',(-1.4,0.375,0.1000001));
#1290 = B_SPLINE_SURFACE_WITH_KNOTS('',1,1,(
    (#1291,#1292)
    ,(#1293,#1294
    )),.UNSPECIFIED.,.F.,.F.,.F.,(2,2),(2,2),(0.,0.475),(0.,0.1),
  .PIECEWISE_BEZIER_KNOTS.);
#1291 = CARTESIAN_POINT('',(-1.4,0.375,9.999999994736E-08));
#1292 = CARTESIAN_POINT('',(-1.4,0.375,0.1000001));
#1293 = CARTESIAN_POINT('',(-0.925,0.375,9.999999994736E-08));
#1294 = CARTESIAN_POINT('',(-0.925,0.375,0.1000001));
#1295 = ADVANCED_FACE('',(#1296),#1318,.F.);
#1296 = FACE_BOUND('',#1297,.T.);
#1297 = EDGE_LOOP('',(#1298,#1305,#1312,#1317));
#1298 = ORIENTED_EDGE('',*,*,#1299,.T.);
#1299 = EDGE_CURVE('',#1266,#1300,#1302,.T.);
#1300 = VERTEX_POINT('',#1301);
#1301 = CARTESIAN_POINT('',(-0.925,0.125,0.1000001));
#1302 = B_SPLINE_CURVE_WITH_KNOTS('',1,(#1303,#1304),.UNSPECIFIED.,.F.,
  .F.,(2,2),(0.,0.25),.PIECEWISE_BEZIER_KNOTS.);
#1303 = CARTESIAN_POINT('',(-0.925,0.375,0.1000001));
#1304 = CARTESIAN_POINT('',(-0.925,0.125,0.1000001));
#1305 = ORIENTED_EDGE('',*,*,#1306,.F.);
#1306 = EDGE_CURVE('',#1307,#1300,#1309,.T.);
#1307 = VERTEX_POINT('',#1308);
#1308 = CARTESIAN_POINT('',(-0.925,0.125,9.999999994736E-08));
#1309 = B_SPLINE_CURVE_WITH_KNOTS('',1,(#1310,#1311),.UNSPECIFIED.,.F.,
  .F.,(2,2),(0.,0.1),.PIECEWISE_BEZIER_KNOTS.);
#1310 = CARTESIAN_POINT('',(-0.925,0.125,9.999999994736E-08));
#1311 = CARTESIAN_POINT('',(-0.925,0.125,0.1000001));
#1312 = ORIENTED_EDGE('',*,*,#1313,.F.);
#1313 = EDGE_CURVE('',#1273,#1307,#1314,.T.);
#1314 = B_SPLINE_CURVE_WITH_KNOTS('',1,(#1315,#1316),.UNSPECIFIED.,.F.,
  .F.,(2,2),(0.,0.25),.PIECEWISE_BEZIER_KNOTS.);
#1315 = CARTESIAN_POINT('',(-0.925,0.375,9.999999994736E-08));
#1316 = CARTESIAN_POINT('',(-0.925,0.125,9.999999994736E-08));
#1317 = ORIENTED_EDGE('',*,*,#1272,.T.);
#1318 = B_SPLINE_SURFACE_WITH_KNOTS('',1,1,(
    (#1319,#1320)
    ,(#1321,#1322
    )),.UNSPECIFIED.,.F.,.F.,.F.,(2,2),(2,2),(0.,0.25),(0.,0.1),
  .PIECEWISE_BEZIER_KNOTS.);
#1319 = CARTESIAN_POINT('',(-0.925,0.375,9.999999994736E-08));
#1320 = CARTESIAN_POINT('',(-0.925,0.375,0.1000001));
#1321 = CARTESIAN_POINT('',(-0.925,0.125,9.999999994736E-08));
#1322 = CARTESIAN_POINT('',(-0.925,0.125,0.1000001));
#1323 = ADVANCED_FACE('',(#1324),#1346,.F.);
#1324 = FACE_BOUND('',#1325,.T.);
#1325 = EDGE_LOOP('',(#1326,#1333,#1340,#1345));
#1326 = ORIENTED_EDGE('',*,*,#1327,.T.);
#1327 = EDGE_CURVE('',#1300,#1328,#1330,.T.);
#1328 = VERTEX_POINT('',#1329);
#1329 = CARTESIAN_POINT('',(-1.4,0.125,0.1000001));
#1330 = B_SPLINE_CURVE_WITH_KNOTS('',1,(#1331,#1332),.UNSPECIFIED.,.F.,
  .F.,(2,2),(-0.475,-0.),.PIECEWISE_BEZIER_KNOTS.);
#1331 = CARTESIAN_POINT('',(-0.925,0.125,0.1000001));
#1332 = CARTESIAN_POINT('',(-1.4,0.125,0.1000001));
#1333 = ORIENTED_EDGE('',*,*,#1334,.F.);
#1334 = EDGE_CURVE('',#1335,#1328,#1337,.T.);
#1335 = VERTEX_POINT('',#1336);
#1336 = CARTESIAN_POINT('',(-1.4,0.125,9.999999994736E-08));
#1337 = B_SPLINE_CURVE_WITH_KNOTS('',1,(#1338,#1339),.UNSPECIFIED.,.F.,
  .F.,(2,2),(0.,0.1),.PIECEWISE_BEZIER_KNOTS.);
#1338 = CARTESIAN_POINT('',(-1.4,0.125,9.999999994736E-08));
#1339 = CARTESIAN_POINT('',(-1.4,0.125,0.1000001));
#1340 = ORIENTED_EDGE('',*,*,#1341,.F.);
#1341 = EDGE_CURVE('',#1307,#1335,#1342,.T.);
#1342 = B_SPLINE_CURVE_WITH_KNOTS('',1,(#1343,#1344),.UNSPECIFIED.,.F.,
  .F.,(2,2),(-0.475,-0.),.PIECEWISE_BEZIER_KNOTS.);
#1343 = CARTESIAN_POINT('',(-0.925,0.125,9.999999994736E-08));
#1344 = CARTESIAN_POINT('',(-1.4,0.125,9.999999994736E-08));
#1345 = ORIENTED_EDGE('',*,*,#1306,.T.);
#1346 = B_SPLINE_SURFACE_WITH_KNOTS('',1,1,(
    (#1347,#1348)
    ,(#1349,#1350
    )),.UNSPECIFIED.,.F.,.F.,.F.,(2,2),(2,2),(0.,0.1),(0.,0.475),
  .PIECEWISE_BEZIER_KNOTS.);
#1347 = CARTESIAN_POINT('',(-1.4,0.125,9.999999994736E-08));
#1348 = CARTESIAN_POINT('',(-0.925,0.125,9.999999994736E-08));
#1349 = CARTESIAN_POINT('',(-1.4,0.125,0.1000001));
#1350 = CARTESIAN_POINT('',(-0.925,0.125,0.1000001));
#1351 = ADVANCED_FACE('',(#1352),#1366,.F.);
#1352 = FACE_BOUND('',#1353,.T.);
#1353 = EDGE_LOOP('',(#1354,#1359,#1360,#1365));
#1354 = ORIENTED_EDGE('',*,*,#1355,.T.);
#1355 = EDGE_CURVE('',#1328,#1264,#1356,.T.);
#1356 = B_SPLINE_CURVE_WITH_KNOTS('',1,(#1357,#1358),.UNSPECIFIED.,.F.,
  .F.,(2,2),(-0.25,0.),.PIECEWISE_BEZIER_KNOTS.);
#1357 = CARTESIAN_POINT('',(-1.4,0.125,0.1000001));
#1358 = CARTESIAN_POINT('',(-1.4,0.375,0.1000001));
#1359 = ORIENTED_EDGE('',*,*,#1286,.F.);
#1360 = ORIENTED_EDGE('',*,*,#1361,.F.);
#1361 = EDGE_CURVE('',#1335,#1280,#1362,.T.);
#1362 = B_SPLINE_CURVE_WITH_KNOTS('',1,(#1363,#1364),.UNSPECIFIED.,.F.,
  .F.,(2,2),(-0.25,0.),.PIECEWISE_BEZIER_KNOTS.);
#1363 = CARTESIAN_POINT('',(-1.4,0.125,9.999999994736E-08));
#1364 = CARTESIAN_POINT('',(-1.4,0.375,9.999999994736E-08));
#1365 = ORIENTED_EDGE('',*,*,#1334,.T.);
#1366 = B_SPLINE_SURFACE_WITH_KNOTS('',1,1,(
    (#1367,#1368)
    ,(#1369,#1370
    )),.UNSPECIFIED.,.F.,.F.,.F.,(2,2),(2,2),(-0.1,0.),(-0.25,0.),
  .PIECEWISE_BEZIER_KNOTS.);
#1367 = CARTESIAN_POINT('',(-1.4,0.125,0.1000001));
#1368 = CARTESIAN_POINT('',(-1.4,0.375,0.1000001));
#1369 = CARTESIAN_POINT('',(-1.4,0.125,9.999999994736E-08));
#1370 = CARTESIAN_POINT('',(-1.4,0.375,9.999999994736E-08));
#1371 = ADVANCED_FACE('',(#1372),#1378,.T.);
#1372 = FACE_BOUND('',#1373,.T.);
#1373 = EDGE_LOOP('',(#1374,#1375,#1376,#1377));
#1374 = ORIENTED_EDGE('',*,*,#1279,.T.);
#1375 = ORIENTED_EDGE('',*,*,#1313,.T.);
#1376 = ORIENTED_EDGE('',*,*,#1341,.T.);
#1377 = ORIENTED_EDGE('',*,*,#1361,.T.);
#1378 = B_SPLINE_SURFACE_WITH_KNOTS('',1,1,(
    (#1379,#1380)
    ,(#1381,#1382
    )),.UNSPECIFIED.,.F.,.F.,.F.,(2,2),(2,2),(0.925,1.4),(0.125,0.375),
  .PIECEWISE_BEZIER_KNOTS.);
#1379 = CARTESIAN_POINT('',(-0.925,0.125,9.999999994736E-08));
#1380 = CARTESIAN_POINT('',(-0.925,0.375,9.999999994736E-08));
#1381 = CARTESIAN_POINT('',(-1.4,0.125,9.999999994736E-08));
#1382 = CARTESIAN_POINT('',(-1.4,0.375,9.999999994736E-08));
#1383 = ADVANCED_FACE('',(#1384),#1390,.F.);
#1384 = FACE_BOUND('',#1385,.T.);
#1385 = EDGE_LOOP('',(#1386,#1387,#1388,#1389));
#1386 = ORIENTED_EDGE('',*,*,#1263,.F.);
#1387 = ORIENTED_EDGE('',*,*,#1355,.F.);
#1388 = ORIENTED_EDGE('',*,*,#1327,.F.);
#1389 = ORIENTED_EDGE('',*,*,#1299,.F.);
#1390 = B_SPLINE_SURFACE_WITH_KNOTS('',1,1,(
    (#1391,#1392)
    ,(#1393,#1394
    )),.UNSPECIFIED.,.F.,.F.,.F.,(2,2),(2,2),(0.925,1.4),(0.125,0.375),
  .PIECEWISE_BEZIER_KNOTS.);
#1391 = CARTESIAN_POINT('',(-0.925,0.125,0.1000001));
#1392 = CARTESIAN_POINT('',(-0.925,0.375,0.1000001));
#1393 = CARTESIAN_POINT('',(-1.4,0.125,0.1000001));
#1394 = CARTESIAN_POINT('',(-1.4,0.375,0.1000001));
#1395 = MANIFOLD_SOLID_BREP('',#1396);
#1396 = CLOSED_SHELL('',(#1397,#1433,#1461,#1489,#1509,#1521));
#1397 = ADVANCED_FACE('',(#1398),#1428,.F.);
#1398 = FACE_BOUND('',#1399,.T.);
#1399 = EDGE_LOOP('',(#1400,#1409,#1416,#1423));
#1400 = ORIENTED_EDGE('',*,*,#1401,.T.);
#1401 = EDGE_CURVE('',#1402,#1404,#1406,.T.);
#1402 = VERTEX_POINT('',#1403);
#1403 = CARTESIAN_POINT('',(-1.4,0.875,0.1000001));
#1404 = VERTEX_POINT('',#1405);
#1405 = CARTESIAN_POINT('',(-0.925,0.875,0.1000001));
#1406 = B_SPLINE_CURVE_WITH_KNOTS('',1,(#1407,#1408),.UNSPECIFIED.,.F.,
  .F.,(2,2),(0.,0.475),.PIECEWISE_BEZIER_KNOTS.);
#1407 = CARTESIAN_POINT('',(-1.4,0.875,0.1000001));
#1408 = CARTESIAN_POINT('',(-0.925,0.875,0.1000001));
#1409 = ORIENTED_EDGE('',*,*,#1410,.F.);
#1410 = EDGE_CURVE('',#1411,#1404,#1413,.T.);
#1411 = VERTEX_POINT('',#1412);
#1412 = CARTESIAN_POINT('',(-0.925,0.875,9.999999994736E-08));
#1413 = B_SPLINE_CURVE_WITH_KNOTS('',1,(#1414,#1415),.UNSPECIFIED.,.F.,
  .F.,(2,2),(0.,0.1),.PIECEWISE_BEZIER_KNOTS.);
#1414 = CARTESIAN_POINT('',(-0.925,0.875,9.999999994736E-08));
#1415 = CARTESIAN_POINT('',(-0.925,0.875,0.1000001));
#1416 = ORIENTED_EDGE('',*,*,#1417,.F.);
#1417 = EDGE_CURVE('',#1418,#1411,#1420,.T.);
#1418 = VERTEX_POINT('',#1419);
#1419 = CARTESIAN_POINT('',(-1.4,0.875,9.999999994736E-08));
#1420 = B_SPLINE_CURVE_WITH_KNOTS('',1,(#1421,#1422),.UNSPECIFIED.,.F.,
  .F.,(2,2),(0.,0.475),.PIECEWISE_BEZIER_KNOTS.);
#1421 = CARTESIAN_POINT('',(-1.4,0.875,9.999999994736E-08));
#1422 = CARTESIAN_POINT('',(-0.925,0.875,9.999999994736E-08));
#1423 = ORIENTED_EDGE('',*,*,#1424,.T.);
#1424 = EDGE_CURVE('',#1418,#1402,#1425,.T.);
#1425 = B_SPLINE_CURVE_WITH_KNOTS('',1,(#1426,#1427),.UNSPECIFIED.,.F.,
  .F.,(2,2),(0.,0.1),.PIECEWISE_BEZIER_KNOTS.);
#1426 = CARTESIAN_POINT('',(-1.4,0.875,9.999999994736E-08));
#1427 = CARTESIAN_POINT('',(-1.4,0.875,0.1000001));
#1428 = B_SPLINE_SURFACE_WITH_KNOTS('',1,1,(
    (#1429,#1430)
    ,(#1431,#1432
    )),.UNSPECIFIED.,.F.,.F.,.F.,(2,2),(2,2),(0.,0.475),(0.,0.1),
  .PIECEWISE_BEZIER_KNOTS.);
#1429 = CARTESIAN_POINT('',(-1.4,0.875,9.999999994736E-08));
#1430 = CARTESIAN_POINT('',(-1.4,0.875,0.1000001));
#1431 = CARTESIAN_POINT('',(-0.925,0.875,9.999999994736E-08));
#1432 = CARTESIAN_POINT('',(-0.925,0.875,0.1000001));
#1433 = ADVANCED_FACE('',(#1434),#1456,.F.);
#1434 = FACE_BOUND('',#1435,.T.);
#1435 = EDGE_LOOP('',(#1436,#1443,#1450,#1455));
#1436 = ORIENTED_EDGE('',*,*,#1437,.T.);
#1437 = EDGE_CURVE('',#1404,#1438,#1440,.T.);
#1438 = VERTEX_POINT('',#1439);
#1439 = CARTESIAN_POINT('',(-0.925,0.625,0.1000001));
#1440 = B_SPLINE_CURVE_WITH_KNOTS('',1,(#1441,#1442),.UNSPECIFIED.,.F.,
  .F.,(2,2),(0.,0.25),.PIECEWISE_BEZIER_KNOTS.);
#1441 = CARTESIAN_POINT('',(-0.925,0.875,0.1000001));
#1442 = CARTESIAN_POINT('',(-0.925,0.625,0.1000001));
#1443 = ORIENTED_EDGE('',*,*,#1444,.F.);
#1444 = EDGE_CURVE('',#1445,#1438,#1447,.T.);
#1445 = VERTEX_POINT('',#1446);
#1446 = CARTESIAN_POINT('',(-0.925,0.625,9.999999994736E-08));
#1447 = B_SPLINE_CURVE_WITH_KNOTS('',1,(#1448,#1449),.UNSPECIFIED.,.F.,
  .F.,(2,2),(0.,0.1),.PIECEWISE_BEZIER_KNOTS.);
#1448 = CARTESIAN_POINT('',(-0.925,0.625,9.999999994736E-08));
#1449 = CARTESIAN_POINT('',(-0.925,0.625,0.1000001));
#1450 = ORIENTED_EDGE('',*,*,#1451,.F.);
#1451 = EDGE_CURVE('',#1411,#1445,#1452,.T.);
#1452 = B_SPLINE_CURVE_WITH_KNOTS('',1,(#1453,#1454),.UNSPECIFIED.,.F.,
  .F.,(2,2),(0.,0.25),.PIECEWISE_BEZIER_KNOTS.);
#1453 = CARTESIAN_POINT('',(-0.925,0.875,9.999999994736E-08));
#1454 = CARTESIAN_POINT('',(-0.925,0.625,9.999999994736E-08));
#1455 = ORIENTED_EDGE('',*,*,#1410,.T.);
#1456 = B_SPLINE_SURFACE_WITH_KNOTS('',1,1,(
    (#1457,#1458)
    ,(#1459,#1460
    )),.UNSPECIFIED.,.F.,.F.,.F.,(2,2),(2,2),(0.,0.25),(0.,0.1),
  .PIECEWISE_BEZIER_KNOTS.);
#1457 = CARTESIAN_POINT('',(-0.925,0.875,9.999999994736E-08));
#1458 = CARTESIAN_POINT('',(-0.925,0.875,0.1000001));
#1459 = CARTESIAN_POINT('',(-0.925,0.625,9.999999994736E-08));
#1460 = CARTESIAN_POINT('',(-0.925,0.625,0.1000001));
#1461 = ADVANCED_FACE('',(#1462),#1484,.F.);
#1462 = FACE_BOUND('',#1463,.T.);
#1463 = EDGE_LOOP('',(#1464,#1471,#1478,#1483));
#1464 = ORIENTED_EDGE('',*,*,#1465,.T.);
#1465 = EDGE_CURVE('',#1438,#1466,#1468,.T.);
#1466 = VERTEX_POINT('',#1467);
#1467 = CARTESIAN_POINT('',(-1.4,0.625,0.1000001));
#1468 = B_SPLINE_CURVE_WITH_KNOTS('',1,(#1469,#1470),.UNSPECIFIED.,.F.,
  .F.,(2,2),(-0.475,-0.),.PIECEWISE_BEZIER_KNOTS.);
#1469 = CARTESIAN_POINT('',(-0.925,0.625,0.1000001));
#1470 = CARTESIAN_POINT('',(-1.4,0.625,0.1000001));
#1471 = ORIENTED_EDGE('',*,*,#1472,.F.);
#1472 = EDGE_CURVE('',#1473,#1466,#1475,.T.);
#1473 = VERTEX_POINT('',#1474);
#1474 = CARTESIAN_POINT('',(-1.4,0.625,9.999999994736E-08));
#1475 = B_SPLINE_CURVE_WITH_KNOTS('',1,(#1476,#1477),.UNSPECIFIED.,.F.,
  .F.,(2,2),(0.,0.1),.PIECEWISE_BEZIER_KNOTS.);
#1476 = CARTESIAN_POINT('',(-1.4,0.625,9.999999994736E-08));
#1477 = CARTESIAN_POINT('',(-1.4,0.625,0.1000001));
#1478 = ORIENTED_EDGE('',*,*,#1479,.F.);
#1479 = EDGE_CURVE('',#1445,#1473,#1480,.T.);
#1480 = B_SPLINE_CURVE_WITH_KNOTS('',1,(#1481,#1482),.UNSPECIFIED.,.F.,
  .F.,(2,2),(-0.475,-0.),.PIECEWISE_BEZIER_KNOTS.);
#1481 = CARTESIAN_POINT('',(-0.925,0.625,9.999999994736E-08));
#1482 = CARTESIAN_POINT('',(-1.4,0.625,9.999999994736E-08));
#1483 = ORIENTED_EDGE('',*,*,#1444,.T.);
#1484 = B_SPLINE_SURFACE_WITH_KNOTS('',1,1,(
    (#1485,#1486)
    ,(#1487,#1488
    )),.UNSPECIFIED.,.F.,.F.,.F.,(2,2),(2,2),(0.,0.1),(0.,0.475),
  .PIECEWISE_BEZIER_KNOTS.);
#1485 = CARTESIAN_POINT('',(-1.4,0.625,9.999999994736E-08));
#1486 = CARTESIAN_POINT('',(-0.925,0.625,9.999999994736E-08));
#1487 = CARTESIAN_POINT('',(-1.4,0.625,0.1000001));
#1488 = CARTESIAN_POINT('',(-0.925,0.625,0.1000001));
#1489 = ADVANCED_FACE('',(#1490),#1504,.F.);
#1490 = FACE_BOUND('',#1491,.T.);
#1491 = EDGE_LOOP('',(#1492,#1497,#1498,#1503));
#1492 = ORIENTED_EDGE('',*,*,#1493,.T.);
#1493 = EDGE_CURVE('',#1466,#1402,#1494,.T.);
#1494 = B_SPLINE_CURVE_WITH_KNOTS('',1,(#1495,#1496),.UNSPECIFIED.,.F.,
  .F.,(2,2),(-0.25,0.),.PIECEWISE_BEZIER_KNOTS.);
#1495 = CARTESIAN_POINT('',(-1.4,0.625,0.1000001));
#1496 = CARTESIAN_POINT('',(-1.4,0.875,0.1000001));
#1497 = ORIENTED_EDGE('',*,*,#1424,.F.);
#1498 = ORIENTED_EDGE('',*,*,#1499,.F.);
#1499 = EDGE_CURVE('',#1473,#1418,#1500,.T.);
#1500 = B_SPLINE_CURVE_WITH_KNOTS('',1,(#1501,#1502),.UNSPECIFIED.,.F.,
  .F.,(2,2),(-0.25,0.),.PIECEWISE_BEZIER_KNOTS.);
#1501 = CARTESIAN_POINT('',(-1.4,0.625,9.999999994736E-08));
#1502 = CARTESIAN_POINT('',(-1.4,0.875,9.999999994736E-08));
#1503 = ORIENTED_EDGE('',*,*,#1472,.T.);
#1504 = B_SPLINE_SURFACE_WITH_KNOTS('',1,1,(
    (#1505,#1506)
    ,(#1507,#1508
    )),.UNSPECIFIED.,.F.,.F.,.F.,(2,2),(2,2),(-0.1,0.),(-0.25,0.),
  .PIECEWISE_BEZIER_KNOTS.);
#1505 = CARTESIAN_POINT('',(-1.4,0.625,0.1000001));
#1506 = CARTESIAN_POINT('',(-1.4,0.875,0.1000001));
#1507 = CARTESIAN_POINT('',(-1.4,0.625,9.999999994736E-08));
#1508 = CARTESIAN_POINT('',(-1.4,0.875,9.999999994736E-08));
#1509 = ADVANCED_FACE('',(#1510),#1516,.T.);
#1510 = FACE_BOUND('',#1511,.T.);
#1511 = EDGE_LOOP('',(#1512,#1513,#1514,#1515));
#1512 = ORIENTED_EDGE('',*,*,#1417,.T.);
#1513 = ORIENTED_EDGE('',*,*,#1451,.T.);
#1514 = ORIENTED_EDGE('',*,*,#1479,.T.);
#1515 = ORIENTED_EDGE('',*,*,#1499,.T.);
#1516 = B_SPLINE_SURFACE_WITH_KNOTS('',1,1,(
    (#1517,#1518)
    ,(#1519,#1520
    )),.UNSPECIFIED.,.F.,.F.,.F.,(2,2),(2,2),(0.925,1.4),(0.625,0.875),
  .PIECEWISE_BEZIER_KNOTS.);
#1517 = CARTESIAN_POINT('',(-0.925,0.625,9.999999994736E-08));
#1518 = CARTESIAN_POINT('',(-0.925,0.875,9.999999994736E-08));
#1519 = CARTESIAN_POINT('',(-1.4,0.625,9.999999994736E-08));
#1520 = CARTESIAN_POINT('',(-1.4,0.875,9.999999994736E-08));
#1521 = ADVANCED_FACE('',(#1522),#1528,.F.);
#1522 = FACE_BOUND('',#1523,.T.);
#1523 = EDGE_LOOP('',(#1524,#1525,#1526,#1527));
#1524 = ORIENTED_EDGE('',*,*,#1401,.F.);
#1525 = ORIENTED_EDGE('',*,*,#1493,.F.);
#1526 = ORIENTED_EDGE('',*,*,#1465,.F.);
#1527 = ORIENTED_EDGE('',*,*,#1437,.F.);
#1528 = B_SPLINE_SURFACE_WITH_KNOTS('',1,1,(
    (#1529,#1530)
    ,(#1531,#1532
    )),.UNSPECIFIED.,.F.,.F.,.F.,(2,2),(2,2),(0.925,1.4),(0.625,0.875),
  .PIECEWISE_BEZIER_KNOTS.);
#1529 = CARTESIAN_POINT('',(-0.925,0.625,0.1000001));
#1530 = CARTESIAN_POINT('',(-0.925,0.875,0.1000001));
#1531 = CARTESIAN_POINT('',(-1.4,0.625,0.1000001));
#1532 = CARTESIAN_POINT('',(-1.4,0.875,0.1000001));
#1533 = MANIFOLD_SOLID_BREP('',#1534);
#1534 = CLOSED_SHELL('',(#1535,#1571,#1599,#1627,#1647,#1659));
#1535 = ADVANCED_FACE('',(#1536),#1566,.F.);
#1536 = FACE_BOUND('',#1537,.T.);
#1537 = EDGE_LOOP('',(#1538,#1547,#1554,#1561));
#1538 = ORIENTED_EDGE('',*,*,#1539,.T.);
#1539 = EDGE_CURVE('',#1540,#1542,#1544,.T.);
#1540 = VERTEX_POINT('',#1541);
#1541 = CARTESIAN_POINT('',(-0.375,-1.15,0.1000001));
#1542 = VERTEX_POINT('',#1543);
#1543 = CARTESIAN_POINT('',(-0.625,-1.15,0.1000001));
#1544 = B_SPLINE_CURVE_WITH_KNOTS('',1,(#1545,#1546),.UNSPECIFIED.,.F.,
  .F.,(2,2),(0.,0.25),.PIECEWISE_BEZIER_KNOTS.);
#1545 = CARTESIAN_POINT('',(-0.375,-1.15,0.1000001));
#1546 = CARTESIAN_POINT('',(-0.625,-1.15,0.1000001));
#1547 = ORIENTED_EDGE('',*,*,#1548,.F.);
#1548 = EDGE_CURVE('',#1549,#1542,#1551,.T.);
#1549 = VERTEX_POINT('',#1550);
#1550 = CARTESIAN_POINT('',(-0.625,-1.15,9.999999994736E-08));
#1551 = B_SPLINE_CURVE_WITH_KNOTS('',1,(#1552,#1553),.UNSPECIFIED.,.F.,
  .F.,(2,2),(0.,0.1),.PIECEWISE_BEZIER_KNOTS.);
#1552 = CARTESIAN_POINT('',(-0.625,-1.15,9.999999994736E-08));
#1553 = CARTESIAN_POINT('',(-0.625,-1.15,0.1000001));
#1554 = ORIENTED_EDGE('',*,*,#1555,.F.);
#1555 = EDGE_CURVE('',#1556,#1549,#1558,.T.);
#1556 = VERTEX_POINT('',#1557);
#1557 = CARTESIAN_POINT('',(-0.375,-1.15,9.999999994736E-08));
#1558 = B_SPLINE_CURVE_WITH_KNOTS('',1,(#1559,#1560),.UNSPECIFIED.,.F.,
  .F.,(2,2),(0.,0.25),.PIECEWISE_BEZIER_KNOTS.);
#1559 = CARTESIAN_POINT('',(-0.375,-1.15,9.999999994736E-08));
#1560 = CARTESIAN_POINT('',(-0.625,-1.15,9.999999994736E-08));
#1561 = ORIENTED_EDGE('',*,*,#1562,.T.);
#1562 = EDGE_CURVE('',#1556,#1540,#1563,.T.);
#1563 = B_SPLINE_CURVE_WITH_KNOTS('',1,(#1564,#1565),.UNSPECIFIED.,.F.,
  .F.,(2,2),(0.,0.1),.PIECEWISE_BEZIER_KNOTS.);
#1564 = CARTESIAN_POINT('',(-0.375,-1.15,9.999999994736E-08));
#1565 = CARTESIAN_POINT('',(-0.375,-1.15,0.1000001));
#1566 = B_SPLINE_SURFACE_WITH_KNOTS('',1,1,(
    (#1567,#1568)
    ,(#1569,#1570
    )),.UNSPECIFIED.,.F.,.F.,.F.,(2,2),(2,2),(0.,0.1),(-0.25,0.),
  .PIECEWISE_BEZIER_KNOTS.);
#1567 = CARTESIAN_POINT('',(-0.625,-1.15,9.999999994736E-08));
#1568 = CARTESIAN_POINT('',(-0.375,-1.15,9.999999994736E-08));
#1569 = CARTESIAN_POINT('',(-0.625,-1.15,0.1000001));
#1570 = CARTESIAN_POINT('',(-0.375,-1.15,0.1000001));
#1571 = ADVANCED_FACE('',(#1572),#1594,.F.);
#1572 = FACE_BOUND('',#1573,.T.);
#1573 = EDGE_LOOP('',(#1574,#1581,#1588,#1593));
#1574 = ORIENTED_EDGE('',*,*,#1575,.T.);
#1575 = EDGE_CURVE('',#1542,#1576,#1578,.T.);
#1576 = VERTEX_POINT('',#1577);
#1577 = CARTESIAN_POINT('',(-0.625,-0.675,0.1000001));
#1578 = B_SPLINE_CURVE_WITH_KNOTS('',1,(#1579,#1580),.UNSPECIFIED.,.F.,
  .F.,(2,2),(0.,0.475),.PIECEWISE_BEZIER_KNOTS.);
#1579 = CARTESIAN_POINT('',(-0.625,-1.15,0.1000001));
#1580 = CARTESIAN_POINT('',(-0.625,-0.675,0.1000001));
#1581 = ORIENTED_EDGE('',*,*,#1582,.F.);
#1582 = EDGE_CURVE('',#1583,#1576,#1585,.T.);
#1583 = VERTEX_POINT('',#1584);
#1584 = CARTESIAN_POINT('',(-0.625,-0.675,9.999999994736E-08));
#1585 = B_SPLINE_CURVE_WITH_KNOTS('',1,(#1586,#1587),.UNSPECIFIED.,.F.,
  .F.,(2,2),(0.,0.1),.PIECEWISE_BEZIER_KNOTS.);
#1586 = CARTESIAN_POINT('',(-0.625,-0.675,9.999999994736E-08));
#1587 = CARTESIAN_POINT('',(-0.625,-0.675,0.1000001));
#1588 = ORIENTED_EDGE('',*,*,#1589,.F.);
#1589 = EDGE_CURVE('',#1549,#1583,#1590,.T.);
#1590 = B_SPLINE_CURVE_WITH_KNOTS('',1,(#1591,#1592),.UNSPECIFIED.,.F.,
  .F.,(2,2),(0.,0.475),.PIECEWISE_BEZIER_KNOTS.);
#1591 = CARTESIAN_POINT('',(-0.625,-1.15,9.999999994736E-08));
#1592 = CARTESIAN_POINT('',(-0.625,-0.675,9.999999994736E-08));
#1593 = ORIENTED_EDGE('',*,*,#1548,.T.);
#1594 = B_SPLINE_SURFACE_WITH_KNOTS('',1,1,(
    (#1595,#1596)
    ,(#1597,#1598
    )),.UNSPECIFIED.,.F.,.F.,.F.,(2,2),(2,2),(0.,0.475),(0.,0.1),
  .PIECEWISE_BEZIER_KNOTS.);
#1595 = CARTESIAN_POINT('',(-0.625,-1.15,9.999999994736E-08));
#1596 = CARTESIAN_POINT('',(-0.625,-1.15,0.1000001));
#1597 = CARTESIAN_POINT('',(-0.625,-0.675,9.999999994736E-08));
#1598 = CARTESIAN_POINT('',(-0.625,-0.675,0.1000001));
#1599 = ADVANCED_FACE('',(#1600),#1622,.F.);
#1600 = FACE_BOUND('',#1601,.T.);
#1601 = EDGE_LOOP('',(#1602,#1609,#1616,#1621));
#1602 = ORIENTED_EDGE('',*,*,#1603,.T.);
#1603 = EDGE_CURVE('',#1576,#1604,#1606,.T.);
#1604 = VERTEX_POINT('',#1605);
#1605 = CARTESIAN_POINT('',(-0.375,-0.675,0.1000001));
#1606 = B_SPLINE_CURVE_WITH_KNOTS('',1,(#1607,#1608),.UNSPECIFIED.,.F.,
  .F.,(2,2),(-0.25,0.),.PIECEWISE_BEZIER_KNOTS.);
#1607 = CARTESIAN_POINT('',(-0.625,-0.675,0.1000001));
#1608 = CARTESIAN_POINT('',(-0.375,-0.675,0.1000001));
#1609 = ORIENTED_EDGE('',*,*,#1610,.F.);
#1610 = EDGE_CURVE('',#1611,#1604,#1613,.T.);
#1611 = VERTEX_POINT('',#1612);
#1612 = CARTESIAN_POINT('',(-0.375,-0.675,9.999999994736E-08));
#1613 = B_SPLINE_CURVE_WITH_KNOTS('',1,(#1614,#1615),.UNSPECIFIED.,.F.,
  .F.,(2,2),(0.,0.1),.PIECEWISE_BEZIER_KNOTS.);
#1614 = CARTESIAN_POINT('',(-0.375,-0.675,9.999999994736E-08));
#1615 = CARTESIAN_POINT('',(-0.375,-0.675,0.1000001));
#1616 = ORIENTED_EDGE('',*,*,#1617,.F.);
#1617 = EDGE_CURVE('',#1583,#1611,#1618,.T.);
#1618 = B_SPLINE_CURVE_WITH_KNOTS('',1,(#1619,#1620),.UNSPECIFIED.,.F.,
  .F.,(2,2),(-0.25,0.),.PIECEWISE_BEZIER_KNOTS.);
#1619 = CARTESIAN_POINT('',(-0.625,-0.675,9.999999994736E-08));
#1620 = CARTESIAN_POINT('',(-0.375,-0.675,9.999999994736E-08));
#1621 = ORIENTED_EDGE('',*,*,#1582,.T.);
#1622 = B_SPLINE_SURFACE_WITH_KNOTS('',1,1,(
    (#1623,#1624)
    ,(#1625,#1626
    )),.UNSPECIFIED.,.F.,.F.,.F.,(2,2),(2,2),(-0.1,0.),(-0.25,0.),
  .PIECEWISE_BEZIER_KNOTS.);
#1623 = CARTESIAN_POINT('',(-0.625,-0.675,0.1000001));
#1624 = CARTESIAN_POINT('',(-0.375,-0.675,0.1000001));
#1625 = CARTESIAN_POINT('',(-0.625,-0.675,9.999999994736E-08));
#1626 = CARTESIAN_POINT('',(-0.375,-0.675,9.999999994736E-08));
#1627 = ADVANCED_FACE('',(#1628),#1642,.F.);
#1628 = FACE_BOUND('',#1629,.T.);
#1629 = EDGE_LOOP('',(#1630,#1635,#1636,#1641));
#1630 = ORIENTED_EDGE('',*,*,#1631,.T.);
#1631 = EDGE_CURVE('',#1604,#1540,#1632,.T.);
#1632 = B_SPLINE_CURVE_WITH_KNOTS('',1,(#1633,#1634),.UNSPECIFIED.,.F.,
  .F.,(2,2),(-0.475,0.),.PIECEWISE_BEZIER_KNOTS.);
#1633 = CARTESIAN_POINT('',(-0.375,-0.675,0.1000001));
#1634 = CARTESIAN_POINT('',(-0.375,-1.15,0.1000001));
#1635 = ORIENTED_EDGE('',*,*,#1562,.F.);
#1636 = ORIENTED_EDGE('',*,*,#1637,.F.);
#1637 = EDGE_CURVE('',#1611,#1556,#1638,.T.);
#1638 = B_SPLINE_CURVE_WITH_KNOTS('',1,(#1639,#1640),.UNSPECIFIED.,.F.,
  .F.,(2,2),(-0.475,0.),.PIECEWISE_BEZIER_KNOTS.);
#1639 = CARTESIAN_POINT('',(-0.375,-0.675,9.999999994736E-08));
#1640 = CARTESIAN_POINT('',(-0.375,-1.15,9.999999994736E-08));
#1641 = ORIENTED_EDGE('',*,*,#1610,.T.);
#1642 = B_SPLINE_SURFACE_WITH_KNOTS('',1,1,(
    (#1643,#1644)
    ,(#1645,#1646
    )),.UNSPECIFIED.,.F.,.F.,.F.,(2,2),(2,2),(-0.475,0.),(0.,0.1),
  .PIECEWISE_BEZIER_KNOTS.);
#1643 = CARTESIAN_POINT('',(-0.375,-0.675,9.999999994736E-08));
#1644 = CARTESIAN_POINT('',(-0.375,-0.675,0.1000001));
#1645 = CARTESIAN_POINT('',(-0.375,-1.15,9.999999994736E-08));
#1646 = CARTESIAN_POINT('',(-0.375,-1.15,0.1000001));
#1647 = ADVANCED_FACE('',(#1648),#1654,.T.);
#1648 = FACE_BOUND('',#1649,.T.);
#1649 = EDGE_LOOP('',(#1650,#1651,#1652,#1653));
#1650 = ORIENTED_EDGE('',*,*,#1555,.T.);
#1651 = ORIENTED_EDGE('',*,*,#1589,.T.);
#1652 = ORIENTED_EDGE('',*,*,#1617,.T.);
#1653 = ORIENTED_EDGE('',*,*,#1637,.T.);
#1654 = B_SPLINE_SURFACE_WITH_KNOTS('',1,1,(
    (#1655,#1656)
    ,(#1657,#1658
  )),.UNSPECIFIED.,.F.,.F.,.F.,(2,2),(2,2),(0.375,0.625),(-1.15,-0.675),
  .PIECEWISE_BEZIER_KNOTS.);
#1655 = CARTESIAN_POINT('',(-0.375,-1.15,9.999999994736E-08));
#1656 = CARTESIAN_POINT('',(-0.375,-0.675,9.999999994736E-08));
#1657 = CARTESIAN_POINT('',(-0.625,-1.15,9.999999994736E-08));
#1658 = CARTESIAN_POINT('',(-0.625,-0.675,9.999999994736E-08));
#1659 = ADVANCED_FACE('',(#1660),#1666,.F.);
#1660 = FACE_BOUND('',#1661,.T.);
#1661 = EDGE_LOOP('',(#1662,#1663,#1664,#1665));
#1662 = ORIENTED_EDGE('',*,*,#1539,.F.);
#1663 = ORIENTED_EDGE('',*,*,#1631,.F.);
#1664 = ORIENTED_EDGE('',*,*,#1603,.F.);
#1665 = ORIENTED_EDGE('',*,*,#1575,.F.);
#1666 = B_SPLINE_SURFACE_WITH_KNOTS('',1,1,(
    (#1667,#1668)
    ,(#1669,#1670
  )),.UNSPECIFIED.,.F.,.F.,.F.,(2,2),(2,2),(0.375,0.625),(-1.15,-0.675),
  .PIECEWISE_BEZIER_KNOTS.);
#1667 = CARTESIAN_POINT('',(-0.375,-1.15,0.1000001));
#1668 = CARTESIAN_POINT('',(-0.375,-0.675,0.1000001));
#1669 = CARTESIAN_POINT('',(-0.625,-1.15,0.1000001));
#1670 = CARTESIAN_POINT('',(-0.625,-0.675,0.1000001));
#1671 = MANIFOLD_SOLID_BREP('',#1672);
#1672 = CLOSED_SHELL('',(#1673,#1709,#1737,#1765,#1785,#1797));
#1673 = ADVANCED_FACE('',(#1674),#1704,.F.);
#1674 = FACE_BOUND('',#1675,.T.);
#1675 = EDGE_LOOP('',(#1676,#1685,#1692,#1699));
#1676 = ORIENTED_EDGE('',*,*,#1677,.T.);
#1677 = EDGE_CURVE('',#1678,#1680,#1682,.T.);
#1678 = VERTEX_POINT('',#1679);
#1679 = CARTESIAN_POINT('',(0.125,-1.15,0.1000001));
#1680 = VERTEX_POINT('',#1681);
#1681 = CARTESIAN_POINT('',(-0.125,-1.15,0.1000001));
#1682 = B_SPLINE_CURVE_WITH_KNOTS('',1,(#1683,#1684),.UNSPECIFIED.,.F.,
  .F.,(2,2),(0.,0.25),.PIECEWISE_BEZIER_KNOTS.);
#1683 = CARTESIAN_POINT('',(0.125,-1.15,0.1000001));
#1684 = CARTESIAN_POINT('',(-0.125,-1.15,0.1000001));
#1685 = ORIENTED_EDGE('',*,*,#1686,.F.);
#1686 = EDGE_CURVE('',#1687,#1680,#1689,.T.);
#1687 = VERTEX_POINT('',#1688);
#1688 = CARTESIAN_POINT('',(-0.125,-1.15,9.999999994736E-08));
#1689 = B_SPLINE_CURVE_WITH_KNOTS('',1,(#1690,#1691),.UNSPECIFIED.,.F.,
  .F.,(2,2),(0.,0.1),.PIECEWISE_BEZIER_KNOTS.);
#1690 = CARTESIAN_POINT('',(-0.125,-1.15,9.999999994736E-08));
#1691 = CARTESIAN_POINT('',(-0.125,-1.15,0.1000001));
#1692 = ORIENTED_EDGE('',*,*,#1693,.F.);
#1693 = EDGE_CURVE('',#1694,#1687,#1696,.T.);
#1694 = VERTEX_POINT('',#1695);
#1695 = CARTESIAN_POINT('',(0.125,-1.15,9.999999994736E-08));
#1696 = B_SPLINE_CURVE_WITH_KNOTS('',1,(#1697,#1698),.UNSPECIFIED.,.F.,
  .F.,(2,2),(0.,0.25),.PIECEWISE_BEZIER_KNOTS.);
#1697 = CARTESIAN_POINT('',(0.125,-1.15,9.999999994736E-08));
#1698 = CARTESIAN_POINT('',(-0.125,-1.15,9.999999994736E-08));
#1699 = ORIENTED_EDGE('',*,*,#1700,.T.);
#1700 = EDGE_CURVE('',#1694,#1678,#1701,.T.);
#1701 = B_SPLINE_CURVE_WITH_KNOTS('',1,(#1702,#1703),.UNSPECIFIED.,.F.,
  .F.,(2,2),(0.,0.1),.PIECEWISE_BEZIER_KNOTS.);
#1702 = CARTESIAN_POINT('',(0.125,-1.15,9.999999994736E-08));
#1703 = CARTESIAN_POINT('',(0.125,-1.15,0.1000001));
#1704 = B_SPLINE_SURFACE_WITH_KNOTS('',1,1,(
    (#1705,#1706)
    ,(#1707,#1708
    )),.UNSPECIFIED.,.F.,.F.,.F.,(2,2),(2,2),(0.,0.1),(-0.25,0.),
  .PIECEWISE_BEZIER_KNOTS.);
#1705 = CARTESIAN_POINT('',(-0.125,-1.15,9.999999994736E-08));
#1706 = CARTESIAN_POINT('',(0.125,-1.15,9.999999994736E-08));
#1707 = CARTESIAN_POINT('',(-0.125,-1.15,0.1000001));
#1708 = CARTESIAN_POINT('',(0.125,-1.15,0.1000001));
#1709 = ADVANCED_FACE('',(#1710),#1732,.F.);
#1710 = FACE_BOUND('',#1711,.T.);
#1711 = EDGE_LOOP('',(#1712,#1719,#1726,#1731));
#1712 = ORIENTED_EDGE('',*,*,#1713,.T.);
#1713 = EDGE_CURVE('',#1680,#1714,#1716,.T.);
#1714 = VERTEX_POINT('',#1715);
#1715 = CARTESIAN_POINT('',(-0.125,-0.675,0.1000001));
#1716 = B_SPLINE_CURVE_WITH_KNOTS('',1,(#1717,#1718),.UNSPECIFIED.,.F.,
  .F.,(2,2),(0.,0.475),.PIECEWISE_BEZIER_KNOTS.);
#1717 = CARTESIAN_POINT('',(-0.125,-1.15,0.1000001));
#1718 = CARTESIAN_POINT('',(-0.125,-0.675,0.1000001));
#1719 = ORIENTED_EDGE('',*,*,#1720,.F.);
#1720 = EDGE_CURVE('',#1721,#1714,#1723,.T.);
#1721 = VERTEX_POINT('',#1722);
#1722 = CARTESIAN_POINT('',(-0.125,-0.675,9.999999994736E-08));
#1723 = B_SPLINE_CURVE_WITH_KNOTS('',1,(#1724,#1725),.UNSPECIFIED.,.F.,
  .F.,(2,2),(0.,0.1),.PIECEWISE_BEZIER_KNOTS.);
#1724 = CARTESIAN_POINT('',(-0.125,-0.675,9.999999994736E-08));
#1725 = CARTESIAN_POINT('',(-0.125,-0.675,0.1000001));
#1726 = ORIENTED_EDGE('',*,*,#1727,.F.);
#1727 = EDGE_CURVE('',#1687,#1721,#1728,.T.);
#1728 = B_SPLINE_CURVE_WITH_KNOTS('',1,(#1729,#1730),.UNSPECIFIED.,.F.,
  .F.,(2,2),(0.,0.475),.PIECEWISE_BEZIER_KNOTS.);
#1729 = CARTESIAN_POINT('',(-0.125,-1.15,9.999999994736E-08));
#1730 = CARTESIAN_POINT('',(-0.125,-0.675,9.999999994736E-08));
#1731 = ORIENTED_EDGE('',*,*,#1686,.T.);
#1732 = B_SPLINE_SURFACE_WITH_KNOTS('',1,1,(
    (#1733,#1734)
    ,(#1735,#1736
    )),.UNSPECIFIED.,.F.,.F.,.F.,(2,2),(2,2),(0.,0.475),(0.,0.1),
  .PIECEWISE_BEZIER_KNOTS.);
#1733 = CARTESIAN_POINT('',(-0.125,-1.15,9.999999994736E-08));
#1734 = CARTESIAN_POINT('',(-0.125,-1.15,0.1000001));
#1735 = CARTESIAN_POINT('',(-0.125,-0.675,9.999999994736E-08));
#1736 = CARTESIAN_POINT('',(-0.125,-0.675,0.1000001));
#1737 = ADVANCED_FACE('',(#1738),#1760,.F.);
#1738 = FACE_BOUND('',#1739,.T.);
#1739 = EDGE_LOOP('',(#1740,#1747,#1754,#1759));
#1740 = ORIENTED_EDGE('',*,*,#1741,.T.);
#1741 = EDGE_CURVE('',#1714,#1742,#1744,.T.);
#1742 = VERTEX_POINT('',#1743);
#1743 = CARTESIAN_POINT('',(0.125,-0.675,0.1000001));
#1744 = B_SPLINE_CURVE_WITH_KNOTS('',1,(#1745,#1746),.UNSPECIFIED.,.F.,
  .F.,(2,2),(-0.25,0.),.PIECEWISE_BEZIER_KNOTS.);
#1745 = CARTESIAN_POINT('',(-0.125,-0.675,0.1000001));
#1746 = CARTESIAN_POINT('',(0.125,-0.675,0.1000001));
#1747 = ORIENTED_EDGE('',*,*,#1748,.F.);
#1748 = EDGE_CURVE('',#1749,#1742,#1751,.T.);
#1749 = VERTEX_POINT('',#1750);
#1750 = CARTESIAN_POINT('',(0.125,-0.675,9.999999994736E-08));
#1751 = B_SPLINE_CURVE_WITH_KNOTS('',1,(#1752,#1753),.UNSPECIFIED.,.F.,
  .F.,(2,2),(0.,0.1),.PIECEWISE_BEZIER_KNOTS.);
#1752 = CARTESIAN_POINT('',(0.125,-0.675,9.999999994736E-08));
#1753 = CARTESIAN_POINT('',(0.125,-0.675,0.1000001));
#1754 = ORIENTED_EDGE('',*,*,#1755,.F.);
#1755 = EDGE_CURVE('',#1721,#1749,#1756,.T.);
#1756 = B_SPLINE_CURVE_WITH_KNOTS('',1,(#1757,#1758),.UNSPECIFIED.,.F.,
  .F.,(2,2),(-0.25,0.),.PIECEWISE_BEZIER_KNOTS.);
#1757 = CARTESIAN_POINT('',(-0.125,-0.675,9.999999994736E-08));
#1758 = CARTESIAN_POINT('',(0.125,-0.675,9.999999994736E-08));
#1759 = ORIENTED_EDGE('',*,*,#1720,.T.);
#1760 = B_SPLINE_SURFACE_WITH_KNOTS('',1,1,(
    (#1761,#1762)
    ,(#1763,#1764
    )),.UNSPECIFIED.,.F.,.F.,.F.,(2,2),(2,2),(-0.1,0.),(-0.25,0.),
  .PIECEWISE_BEZIER_KNOTS.);
#1761 = CARTESIAN_POINT('',(-0.125,-0.675,0.1000001));
#1762 = CARTESIAN_POINT('',(0.125,-0.675,0.1000001));
#1763 = CARTESIAN_POINT('',(-0.125,-0.675,9.999999994736E-08));
#1764 = CARTESIAN_POINT('',(0.125,-0.675,9.999999994736E-08));
#1765 = ADVANCED_FACE('',(#1766),#1780,.F.);
#1766 = FACE_BOUND('',#1767,.T.);
#1767 = EDGE_LOOP('',(#1768,#1773,#1774,#1779));
#1768 = ORIENTED_EDGE('',*,*,#1769,.T.);
#1769 = EDGE_CURVE('',#1742,#1678,#1770,.T.);
#1770 = B_SPLINE_CURVE_WITH_KNOTS('',1,(#1771,#1772),.UNSPECIFIED.,.F.,
  .F.,(2,2),(-0.475,0.),.PIECEWISE_BEZIER_KNOTS.);
#1771 = CARTESIAN_POINT('',(0.125,-0.675,0.1000001));
#1772 = CARTESIAN_POINT('',(0.125,-1.15,0.1000001));
#1773 = ORIENTED_EDGE('',*,*,#1700,.F.);
#1774 = ORIENTED_EDGE('',*,*,#1775,.F.);
#1775 = EDGE_CURVE('',#1749,#1694,#1776,.T.);
#1776 = B_SPLINE_CURVE_WITH_KNOTS('',1,(#1777,#1778),.UNSPECIFIED.,.F.,
  .F.,(2,2),(-0.475,0.),.PIECEWISE_BEZIER_KNOTS.);
#1777 = CARTESIAN_POINT('',(0.125,-0.675,9.999999994736E-08));
#1778 = CARTESIAN_POINT('',(0.125,-1.15,9.999999994736E-08));
#1779 = ORIENTED_EDGE('',*,*,#1748,.T.);
#1780 = B_SPLINE_SURFACE_WITH_KNOTS('',1,1,(
    (#1781,#1782)
    ,(#1783,#1784
    )),.UNSPECIFIED.,.F.,.F.,.F.,(2,2),(2,2),(-0.475,0.),(0.,0.1),
  .PIECEWISE_BEZIER_KNOTS.);
#1781 = CARTESIAN_POINT('',(0.125,-0.675,9.999999994736E-08));
#1782 = CARTESIAN_POINT('',(0.125,-0.675,0.1000001));
#1783 = CARTESIAN_POINT('',(0.125,-1.15,9.999999994736E-08));
#1784 = CARTESIAN_POINT('',(0.125,-1.15,0.1000001));
#1785 = ADVANCED_FACE('',(#1786),#1792,.T.);
#1786 = FACE_BOUND('',#1787,.T.);
#1787 = EDGE_LOOP('',(#1788,#1789,#1790,#1791));
#1788 = ORIENTED_EDGE('',*,*,#1693,.T.);
#1789 = ORIENTED_EDGE('',*,*,#1727,.T.);
#1790 = ORIENTED_EDGE('',*,*,#1755,.T.);
#1791 = ORIENTED_EDGE('',*,*,#1775,.T.);
#1792 = B_SPLINE_SURFACE_WITH_KNOTS('',1,1,(
    (#1793,#1794)
    ,(#1795,#1796
  )),.UNSPECIFIED.,.F.,.F.,.F.,(2,2),(2,2),(-0.125,0.125),(-1.15,-0.675)
  ,.PIECEWISE_BEZIER_KNOTS.);
#1793 = CARTESIAN_POINT('',(0.125,-1.15,9.999999994736E-08));
#1794 = CARTESIAN_POINT('',(0.125,-0.675,9.999999994736E-08));
#1795 = CARTESIAN_POINT('',(-0.125,-1.15,9.999999994736E-08));
#1796 = CARTESIAN_POINT('',(-0.125,-0.675,9.999999994736E-08));
#1797 = ADVANCED_FACE('',(#1798),#1804,.F.);
#1798 = FACE_BOUND('',#1799,.T.);
#1799 = EDGE_LOOP('',(#1800,#1801,#1802,#1803));
#1800 = ORIENTED_EDGE('',*,*,#1677,.F.);
#1801 = ORIENTED_EDGE('',*,*,#1769,.F.);
#1802 = ORIENTED_EDGE('',*,*,#1741,.F.);
#1803 = ORIENTED_EDGE('',*,*,#1713,.F.);
#1804 = B_SPLINE_SURFACE_WITH_KNOTS('',1,1,(
    (#1805,#1806)
    ,(#1807,#1808
  )),.UNSPECIFIED.,.F.,.F.,.F.,(2,2),(2,2),(-0.125,0.125),(-1.15,-0.675)
  ,.PIECEWISE_BEZIER_KNOTS.);
#1805 = CARTESIAN_POINT('',(0.125,-1.15,0.1000001));
#1806 = CARTESIAN_POINT('',(0.125,-0.675,0.1000001));
#1807 = CARTESIAN_POINT('',(-0.125,-1.15,0.1000001));
#1808 = CARTESIAN_POINT('',(-0.125,-0.675,0.1000001));
#1809 = MANIFOLD_SOLID_BREP('',#1810);
#1810 = CLOSED_SHELL('',(#1811,#1847,#1875,#1903,#1923,#1935));
#1811 = ADVANCED_FACE('',(#1812),#1842,.F.);
#1812 = FACE_BOUND('',#1813,.T.);
#1813 = EDGE_LOOP('',(#1814,#1823,#1830,#1837));
#1814 = ORIENTED_EDGE('',*,*,#1815,.T.);
#1815 = EDGE_CURVE('',#1816,#1818,#1820,.T.);
#1816 = VERTEX_POINT('',#1817);
#1817 = CARTESIAN_POINT('',(0.625,-1.15,0.1000001));
#1818 = VERTEX_POINT('',#1819);
#1819 = CARTESIAN_POINT('',(0.375,-1.15,0.1000001));
#1820 = B_SPLINE_CURVE_WITH_KNOTS('',1,(#1821,#1822),.UNSPECIFIED.,.F.,
  .F.,(2,2),(0.,0.25),.PIECEWISE_BEZIER_KNOTS.);
#1821 = CARTESIAN_POINT('',(0.625,-1.15,0.1000001));
#1822 = CARTESIAN_POINT('',(0.375,-1.15,0.1000001));
#1823 = ORIENTED_EDGE('',*,*,#1824,.F.);
#1824 = EDGE_CURVE('',#1825,#1818,#1827,.T.);
#1825 = VERTEX_POINT('',#1826);
#1826 = CARTESIAN_POINT('',(0.375,-1.15,9.999999994736E-08));
#1827 = B_SPLINE_CURVE_WITH_KNOTS('',1,(#1828,#1829),.UNSPECIFIED.,.F.,
  .F.,(2,2),(0.,0.1),.PIECEWISE_BEZIER_KNOTS.);
#1828 = CARTESIAN_POINT('',(0.375,-1.15,9.999999994736E-08));
#1829 = CARTESIAN_POINT('',(0.375,-1.15,0.1000001));
#1830 = ORIENTED_EDGE('',*,*,#1831,.F.);
#1831 = EDGE_CURVE('',#1832,#1825,#1834,.T.);
#1832 = VERTEX_POINT('',#1833);
#1833 = CARTESIAN_POINT('',(0.625,-1.15,9.999999994736E-08));
#1834 = B_SPLINE_CURVE_WITH_KNOTS('',1,(#1835,#1836),.UNSPECIFIED.,.F.,
  .F.,(2,2),(0.,0.25),.PIECEWISE_BEZIER_KNOTS.);
#1835 = CARTESIAN_POINT('',(0.625,-1.15,9.999999994736E-08));
#1836 = CARTESIAN_POINT('',(0.375,-1.15,9.999999994736E-08));
#1837 = ORIENTED_EDGE('',*,*,#1838,.T.);
#1838 = EDGE_CURVE('',#1832,#1816,#1839,.T.);
#1839 = B_SPLINE_CURVE_WITH_KNOTS('',1,(#1840,#1841),.UNSPECIFIED.,.F.,
  .F.,(2,2),(0.,0.1),.PIECEWISE_BEZIER_KNOTS.);
#1840 = CARTESIAN_POINT('',(0.625,-1.15,9.999999994736E-08));
#1841 = CARTESIAN_POINT('',(0.625,-1.15,0.1000001));
#1842 = B_SPLINE_SURFACE_WITH_KNOTS('',1,1,(
    (#1843,#1844)
    ,(#1845,#1846
    )),.UNSPECIFIED.,.F.,.F.,.F.,(2,2),(2,2),(0.,0.1),(-0.25,0.),
  .PIECEWISE_BEZIER_KNOTS.);
#1843 = CARTESIAN_POINT('',(0.375,-1.15,9.999999994736E-08));
#1844 = CARTESIAN_POINT('',(0.625,-1.15,9.999999994736E-08));
#1845 = CARTESIAN_POINT('',(0.375,-1.15,0.1000001));
#1846 = CARTESIAN_POINT('',(0.625,-1.15,0.1000001));
#1847 = ADVANCED_FACE('',(#1848),#1870,.F.);
#1848 = FACE_BOUND('',#1849,.T.);
#1849 = EDGE_LOOP('',(#1850,#1857,#1864,#1869));
#1850 = ORIENTED_EDGE('',*,*,#1851,.T.);
#1851 = EDGE_CURVE('',#1818,#1852,#1854,.T.);
#1852 = VERTEX_POINT('',#1853);
#1853 = CARTESIAN_POINT('',(0.375,-0.675,0.1000001));
#1854 = B_SPLINE_CURVE_WITH_KNOTS('',1,(#1855,#1856),.UNSPECIFIED.,.F.,
  .F.,(2,2),(0.,0.475),.PIECEWISE_BEZIER_KNOTS.);
#1855 = CARTESIAN_POINT('',(0.375,-1.15,0.1000001));
#1856 = CARTESIAN_POINT('',(0.375,-0.675,0.1000001));
#1857 = ORIENTED_EDGE('',*,*,#1858,.F.);
#1858 = EDGE_CURVE('',#1859,#1852,#1861,.T.);
#1859 = VERTEX_POINT('',#1860);
#1860 = CARTESIAN_POINT('',(0.375,-0.675,9.999999994736E-08));
#1861 = B_SPLINE_CURVE_WITH_KNOTS('',1,(#1862,#1863),.UNSPECIFIED.,.F.,
  .F.,(2,2),(0.,0.1),.PIECEWISE_BEZIER_KNOTS.);
#1862 = CARTESIAN_POINT('',(0.375,-0.675,9.999999994736E-08));
#1863 = CARTESIAN_POINT('',(0.375,-0.675,0.1000001));
#1864 = ORIENTED_EDGE('',*,*,#1865,.F.);
#1865 = EDGE_CURVE('',#1825,#1859,#1866,.T.);
#1866 = B_SPLINE_CURVE_WITH_KNOTS('',1,(#1867,#1868),.UNSPECIFIED.,.F.,
  .F.,(2,2),(0.,0.475),.PIECEWISE_BEZIER_KNOTS.);
#1867 = CARTESIAN_POINT('',(0.375,-1.15,9.999999994736E-08));
#1868 = CARTESIAN_POINT('',(0.375,-0.675,9.999999994736E-08));
#1869 = ORIENTED_EDGE('',*,*,#1824,.T.);
#1870 = B_SPLINE_SURFACE_WITH_KNOTS('',1,1,(
    (#1871,#1872)
    ,(#1873,#1874
    )),.UNSPECIFIED.,.F.,.F.,.F.,(2,2),(2,2),(0.,0.475),(0.,0.1),
  .PIECEWISE_BEZIER_KNOTS.);
#1871 = CARTESIAN_POINT('',(0.375,-1.15,9.999999994736E-08));
#1872 = CARTESIAN_POINT('',(0.375,-1.15,0.1000001));
#1873 = CARTESIAN_POINT('',(0.375,-0.675,9.999999994736E-08));
#1874 = CARTESIAN_POINT('',(0.375,-0.675,0.1000001));
#1875 = ADVANCED_FACE('',(#1876),#1898,.F.);
#1876 = FACE_BOUND('',#1877,.T.);
#1877 = EDGE_LOOP('',(#1878,#1885,#1892,#1897));
#1878 = ORIENTED_EDGE('',*,*,#1879,.T.);
#1879 = EDGE_CURVE('',#1852,#1880,#1882,.T.);
#1880 = VERTEX_POINT('',#1881);
#1881 = CARTESIAN_POINT('',(0.625,-0.675,0.1000001));
#1882 = B_SPLINE_CURVE_WITH_KNOTS('',1,(#1883,#1884),.UNSPECIFIED.,.F.,
  .F.,(2,2),(-0.25,0.),.PIECEWISE_BEZIER_KNOTS.);
#1883 = CARTESIAN_POINT('',(0.375,-0.675,0.1000001));
#1884 = CARTESIAN_POINT('',(0.625,-0.675,0.1000001));
#1885 = ORIENTED_EDGE('',*,*,#1886,.F.);
#1886 = EDGE_CURVE('',#1887,#1880,#1889,.T.);
#1887 = VERTEX_POINT('',#1888);
#1888 = CARTESIAN_POINT('',(0.625,-0.675,9.999999994736E-08));
#1889 = B_SPLINE_CURVE_WITH_KNOTS('',1,(#1890,#1891),.UNSPECIFIED.,.F.,
  .F.,(2,2),(0.,0.1),.PIECEWISE_BEZIER_KNOTS.);
#1890 = CARTESIAN_POINT('',(0.625,-0.675,9.999999994736E-08));
#1891 = CARTESIAN_POINT('',(0.625,-0.675,0.1000001));
#1892 = ORIENTED_EDGE('',*,*,#1893,.F.);
#1893 = EDGE_CURVE('',#1859,#1887,#1894,.T.);
#1894 = B_SPLINE_CURVE_WITH_KNOTS('',1,(#1895,#1896),.UNSPECIFIED.,.F.,
  .F.,(2,2),(-0.25,0.),.PIECEWISE_BEZIER_KNOTS.);
#1895 = CARTESIAN_POINT('',(0.375,-0.675,9.999999994736E-08));
#1896 = CARTESIAN_POINT('',(0.625,-0.675,9.999999994736E-08));
#1897 = ORIENTED_EDGE('',*,*,#1858,.T.);
#1898 = B_SPLINE_SURFACE_WITH_KNOTS('',1,1,(
    (#1899,#1900)
    ,(#1901,#1902
    )),.UNSPECIFIED.,.F.,.F.,.F.,(2,2),(2,2),(-0.1,0.),(-0.25,0.),
  .PIECEWISE_BEZIER_KNOTS.);
#1899 = CARTESIAN_POINT('',(0.375,-0.675,0.1000001));
#1900 = CARTESIAN_POINT('',(0.625,-0.675,0.1000001));
#1901 = CARTESIAN_POINT('',(0.375,-0.675,9.999999994736E-08));
#1902 = CARTESIAN_POINT('',(0.625,-0.675,9.999999994736E-08));
#1903 = ADVANCED_FACE('',(#1904),#1918,.F.);
#1904 = FACE_BOUND('',#1905,.T.);
#1905 = EDGE_LOOP('',(#1906,#1911,#1912,#1917));
#1906 = ORIENTED_EDGE('',*,*,#1907,.T.);
#1907 = EDGE_CURVE('',#1880,#1816,#1908,.T.);
#1908 = B_SPLINE_CURVE_WITH_KNOTS('',1,(#1909,#1910),.UNSPECIFIED.,.F.,
  .F.,(2,2),(-0.475,0.),.PIECEWISE_BEZIER_KNOTS.);
#1909 = CARTESIAN_POINT('',(0.625,-0.675,0.1000001));
#1910 = CARTESIAN_POINT('',(0.625,-1.15,0.1000001));
#1911 = ORIENTED_EDGE('',*,*,#1838,.F.);
#1912 = ORIENTED_EDGE('',*,*,#1913,.F.);
#1913 = EDGE_CURVE('',#1887,#1832,#1914,.T.);
#1914 = B_SPLINE_CURVE_WITH_KNOTS('',1,(#1915,#1916),.UNSPECIFIED.,.F.,
  .F.,(2,2),(-0.475,0.),.PIECEWISE_BEZIER_KNOTS.);
#1915 = CARTESIAN_POINT('',(0.625,-0.675,9.999999994736E-08));
#1916 = CARTESIAN_POINT('',(0.625,-1.15,9.999999994736E-08));
#1917 = ORIENTED_EDGE('',*,*,#1886,.T.);
#1918 = B_SPLINE_SURFACE_WITH_KNOTS('',1,1,(
    (#1919,#1920)
    ,(#1921,#1922
    )),.UNSPECIFIED.,.F.,.F.,.F.,(2,2),(2,2),(-0.475,0.),(0.,0.1),
  .PIECEWISE_BEZIER_KNOTS.);
#1919 = CARTESIAN_POINT('',(0.625,-0.675,9.999999994736E-08));
#1920 = CARTESIAN_POINT('',(0.625,-0.675,0.1000001));
#1921 = CARTESIAN_POINT('',(0.625,-1.15,9.999999994736E-08));
#1922 = CARTESIAN_POINT('',(0.625,-1.15,0.1000001));
#1923 = ADVANCED_FACE('',(#1924),#1930,.T.);
#1924 = FACE_BOUND('',#1925,.T.);
#1925 = EDGE_LOOP('',(#1926,#1927,#1928,#1929));
#1926 = ORIENTED_EDGE('',*,*,#1831,.T.);
#1927 = ORIENTED_EDGE('',*,*,#1865,.T.);
#1928 = ORIENTED_EDGE('',*,*,#1893,.T.);
#1929 = ORIENTED_EDGE('',*,*,#1913,.T.);
#1930 = B_SPLINE_SURFACE_WITH_KNOTS('',1,1,(
    (#1931,#1932)
    ,(#1933,#1934
    )),.UNSPECIFIED.,.F.,.F.,.F.,(2,2),(2,2),(-0.625,-0.375),(-1.15,
    -0.675),.PIECEWISE_BEZIER_KNOTS.);
#1931 = CARTESIAN_POINT('',(0.625,-1.15,9.999999994736E-08));
#1932 = CARTESIAN_POINT('',(0.625,-0.675,9.999999994736E-08));
#1933 = CARTESIAN_POINT('',(0.375,-1.15,9.999999994736E-08));
#1934 = CARTESIAN_POINT('',(0.375,-0.675,9.999999994736E-08));
#1935 = ADVANCED_FACE('',(#1936),#1942,.F.);
#1936 = FACE_BOUND('',#1937,.T.);
#1937 = EDGE_LOOP('',(#1938,#1939,#1940,#1941));
#1938 = ORIENTED_EDGE('',*,*,#1815,.F.);
#1939 = ORIENTED_EDGE('',*,*,#1907,.F.);
#1940 = ORIENTED_EDGE('',*,*,#1879,.F.);
#1941 = ORIENTED_EDGE('',*,*,#1851,.F.);
#1942 = B_SPLINE_SURFACE_WITH_KNOTS('',1,1,(
    (#1943,#1944)
    ,(#1945,#1946
    )),.UNSPECIFIED.,.F.,.F.,.F.,(2,2),(2,2),(-0.625,-0.375),(-1.15,
    -0.675),.PIECEWISE_BEZIER_KNOTS.);
#1943 = CARTESIAN_POINT('',(0.625,-1.15,0.1000001));
#1944 = CARTESIAN_POINT('',(0.625,-0.675,0.1000001));
#1945 = CARTESIAN_POINT('',(0.375,-1.15,0.1000001));
#1946 = CARTESIAN_POINT('',(0.375,-0.675,0.1000001));
#1947 = MANIFOLD_SOLID_BREP('',#1948);
#1948 = CLOSED_SHELL('',(#1949,#1997,#2033,#2061,#2089,#2109,#2151,#2174
    ,#2202,#2224,#2246,#2262,#2274,#2299));
#1949 = ADVANCED_FACE('',(#1950),#1986,.F.);
#1950 = FACE_BOUND('',#1951,.F.);
#1951 = EDGE_LOOP('',(#1952,#1961,#1971,#1978));
#1952 = ORIENTED_EDGE('',*,*,#1953,.T.);
#1953 = EDGE_CURVE('',#1954,#1956,#1958,.T.);
#1954 = VERTEX_POINT('',#1955);
#1955 = CARTESIAN_POINT('',(-1.2,1.05,0.8500001));
#1956 = VERTEX_POINT('',#1957);
#1957 = CARTESIAN_POINT('',(-1.2,1.05,0.8600001));
#1958 = B_SPLINE_CURVE_WITH_KNOTS('',1,(#1959,#1960),.UNSPECIFIED.,.F.,
  .F.,(2,2),(0.,1.E-02),.PIECEWISE_BEZIER_KNOTS.);
#1959 = CARTESIAN_POINT('',(-1.2,1.05,0.8500001));
#1960 = CARTESIAN_POINT('',(-1.2,1.05,0.8600001));
#1961 = ORIENTED_EDGE('',*,*,#1962,.F.);
#1962 = EDGE_CURVE('',#1963,#1956,#1965,.T.);
#1963 = VERTEX_POINT('',#1964);
#1964 = CARTESIAN_POINT('',(-1.4,1.05,0.8600001));
#1965 = ( BOUNDED_CURVE() B_SPLINE_CURVE(2,(#1966,#1967,#1968,#1969,
#1970),.UNSPECIFIED.,.F.,.F.) B_SPLINE_CURVE_WITH_KNOTS((3,2,3),(
    3.14159265359,4.712388980385,6.28318530718),
.PIECEWISE_BEZIER_KNOTS.) CURVE() GEOMETRIC_REPRESENTATION_ITEM() 
RATIONAL_B_SPLINE_CURVE((1.,0.707106781187,1.,0.707106781187,1.)) 
REPRESENTATION_ITEM('') );
#1966 = CARTESIAN_POINT('',(-1.4,1.05,0.8600001));
#1967 = CARTESIAN_POINT('',(-1.4,0.95,0.8600001));
#1968 = CARTESIAN_POINT('',(-1.3,0.95,0.8600001));
#1969 = CARTESIAN_POINT('',(-1.2,0.95,0.8600001));
#1970 = CARTESIAN_POINT('',(-1.2,1.05,0.8600001));
#1971 = ORIENTED_EDGE('',*,*,#1972,.F.);
#1972 = EDGE_CURVE('',#1973,#1963,#1975,.T.);
#1973 = VERTEX_POINT('',#1974);
#1974 = CARTESIAN_POINT('',(-1.4,1.05,0.8500001));
#1975 = B_SPLINE_CURVE_WITH_KNOTS('',1,(#1976,#1977),.UNSPECIFIED.,.F.,
  .F.,(2,2),(0.,1.E-02),.PIECEWISE_BEZIER_KNOTS.);
#1976 = CARTESIAN_POINT('',(-1.4,1.05,0.8500001));
#1977 = CARTESIAN_POINT('',(-1.4,1.05,0.8600001));
#1978 = ORIENTED_EDGE('',*,*,#1979,.T.);
#1979 = EDGE_CURVE('',#1973,#1954,#1980,.T.);
#1980 = ( BOUNDED_CURVE() B_SPLINE_CURVE(2,(#1981,#1982,#1983,#1984,
#1985),.UNSPECIFIED.,.F.,.F.) B_SPLINE_CURVE_WITH_KNOTS((3,2,3),(
    3.14159265359,4.712388980385,6.28318530718),
.PIECEWISE_BEZIER_KNOTS.) CURVE() GEOMETRIC_REPRESENTATION_ITEM() 
RATIONAL_B_SPLINE_CURVE((1.,0.707106781187,1.,0.707106781187,1.)) 
REPRESENTATION_ITEM('') );
#1981 = CARTESIAN_POINT('',(-1.4,1.05,0.8500001));
#1982 = CARTESIAN_POINT('',(-1.4,0.95,0.8500001));
#1983 = CARTESIAN_POINT('',(-1.3,0.95,0.8500001));
#1984 = CARTESIAN_POINT('',(-1.2,0.95,0.8500001));
#1985 = CARTESIAN_POINT('',(-1.2,1.05,0.8500001));
#1986 = ( BOUNDED_SURFACE() B_SPLINE_SURFACE(2,1,(
    (#1987,#1988)
    ,(#1989,#1990)
    ,(#1991,#1992)
    ,(#1993,#1994)
    ,(#1995,#1996
)),.UNSPECIFIED.,.F.,.F.,.F.) B_SPLINE_SURFACE_WITH_KNOTS((3,2,3),(2,2),
  (3.14159265359,4.712388980385,6.28318530718),(0.,1.E-02),
.PIECEWISE_BEZIER_KNOTS.) GEOMETRIC_REPRESENTATION_ITEM() 
RATIONAL_B_SPLINE_SURFACE((
    (1.,1.)
    ,(0.707106781187,0.707106781187)
    ,(1.,1.)
    ,(0.707106781187,0.707106781187)
,(1.,1.))) REPRESENTATION_ITEM('') SURFACE() );
#1987 = CARTESIAN_POINT('',(-1.4,1.05,0.8500001));
#1988 = CARTESIAN_POINT('',(-1.4,1.05,0.8600001));
#1989 = CARTESIAN_POINT('',(-1.4,0.95,0.8500001));
#1990 = CARTESIAN_POINT('',(-1.4,0.95,0.8600001));
#1991 = CARTESIAN_POINT('',(-1.3,0.95,0.8500001));
#1992 = CARTESIAN_POINT('',(-1.3,0.95,0.8600001));
#1993 = CARTESIAN_POINT('',(-1.2,0.95,0.8500001));
#1994 = CARTESIAN_POINT('',(-1.2,0.95,0.8600001));
#1995 = CARTESIAN_POINT('',(-1.2,1.05,0.8500001));
#1996 = CARTESIAN_POINT('',(-1.2,1.05,0.8600001));
#1997 = ADVANCED_FACE('',(#1998),#2028,.T.);
#1998 = FACE_BOUND('',#1999,.T.);
#1999 = EDGE_LOOP('',(#2000,#2009,#2016,#2023));
#2000 = ORIENTED_EDGE('',*,*,#2001,.F.);
#2001 = EDGE_CURVE('',#2002,#2004,#2006,.T.);
#2002 = VERTEX_POINT('',#2003);
#2003 = CARTESIAN_POINT('',(1.5,-1.25,0.8600001));
#2004 = VERTEX_POINT('',#2005);
#2005 = CARTESIAN_POINT('',(1.5,1.25,0.8600001));
#2006 = B_SPLINE_CURVE_WITH_KNOTS('',1,(#2007,#2008),.UNSPECIFIED.,.F.,
  .F.,(2,2),(-2.5,0.),.PIECEWISE_BEZIER_KNOTS.);
#2007 = CARTESIAN_POINT('',(1.5,-1.25,0.8600001));
#2008 = CARTESIAN_POINT('',(1.5,1.25,0.8600001));
#2009 = ORIENTED_EDGE('',*,*,#2010,.F.);
#2010 = EDGE_CURVE('',#2011,#2002,#2013,.T.);
#2011 = VERTEX_POINT('',#2012);
#2012 = CARTESIAN_POINT('',(1.5,-1.25,0.1000001));
#2013 = B_SPLINE_CURVE_WITH_KNOTS('',1,(#2014,#2015),.UNSPECIFIED.,.F.,
  .F.,(2,2),(0.,0.76),.PIECEWISE_BEZIER_KNOTS.);
#2014 = CARTESIAN_POINT('',(1.5,-1.25,0.1000001));
#2015 = CARTESIAN_POINT('',(1.5,-1.25,0.8600001));
#2016 = ORIENTED_EDGE('',*,*,#2017,.T.);
#2017 = EDGE_CURVE('',#2011,#2018,#2020,.T.);
#2018 = VERTEX_POINT('',#2019);
#2019 = CARTESIAN_POINT('',(1.5,1.25,0.1000001));
#2020 = B_SPLINE_CURVE_WITH_KNOTS('',1,(#2021,#2022),.UNSPECIFIED.,.F.,
  .F.,(2,2),(-2.5,0.),.PIECEWISE_BEZIER_KNOTS.);
#2021 = CARTESIAN_POINT('',(1.5,-1.25,0.1000001));
#2022 = CARTESIAN_POINT('',(1.5,1.25,0.1000001));
#2023 = ORIENTED_EDGE('',*,*,#2024,.T.);
#2024 = EDGE_CURVE('',#2018,#2004,#2025,.T.);
#2025 = B_SPLINE_CURVE_WITH_KNOTS('',1,(#2026,#2027),.UNSPECIFIED.,.F.,
  .F.,(2,2),(0.,0.76),.PIECEWISE_BEZIER_KNOTS.);
#2026 = CARTESIAN_POINT('',(1.5,1.25,0.1000001));
#2027 = CARTESIAN_POINT('',(1.5,1.25,0.8600001));
#2028 = B_SPLINE_SURFACE_WITH_KNOTS('',1,1,(
    (#2029,#2030)
    ,(#2031,#2032
    )),.UNSPECIFIED.,.F.,.F.,.F.,(2,2),(2,2),(-2.5,0.),(0.,0.76),
  .PIECEWISE_BEZIER_KNOTS.);
#2029 = CARTESIAN_POINT('',(1.5,-1.25,0.1000001));
#2030 = CARTESIAN_POINT('',(1.5,-1.25,0.8600001));
#2031 = CARTESIAN_POINT('',(1.5,1.25,0.1000001));
#2032 = CARTESIAN_POINT('',(1.5,1.25,0.8600001));
#2033 = ADVANCED_FACE('',(#2034),#2056,.T.);
#2034 = FACE_BOUND('',#2035,.T.);
#2035 = EDGE_LOOP('',(#2036,#2043,#2050,#2055));
#2036 = ORIENTED_EDGE('',*,*,#2037,.F.);
#2037 = EDGE_CURVE('',#2038,#2002,#2040,.T.);
#2038 = VERTEX_POINT('',#2039);
#2039 = CARTESIAN_POINT('',(-1.5,-1.25,0.8600001));
#2040 = B_SPLINE_CURVE_WITH_KNOTS('',1,(#2041,#2042),.UNSPECIFIED.,.F.,
  .F.,(2,2),(0.,3.),.PIECEWISE_BEZIER_KNOTS.);
#2041 = CARTESIAN_POINT('',(-1.5,-1.25,0.8600001));
#2042 = CARTESIAN_POINT('',(1.5,-1.25,0.8600001));
#2043 = ORIENTED_EDGE('',*,*,#2044,.F.);
#2044 = EDGE_CURVE('',#2045,#2038,#2047,.T.);
#2045 = VERTEX_POINT('',#2046);
#2046 = CARTESIAN_POINT('',(-1.5,-1.25,0.1000001));
#2047 = B_SPLINE_CURVE_WITH_KNOTS('',1,(#2048,#2049),.UNSPECIFIED.,.F.,
  .F.,(2,2),(0.,0.76),.PIECEWISE_BEZIER_KNOTS.);
#2048 = CARTESIAN_POINT('',(-1.5,-1.25,0.1000001));
#2049 = CARTESIAN_POINT('',(-1.5,-1.25,0.8600001));
#2050 = ORIENTED_EDGE('',*,*,#2051,.T.);
#2051 = EDGE_CURVE('',#2045,#2011,#2052,.T.);
#2052 = B_SPLINE_CURVE_WITH_KNOTS('',1,(#2053,#2054),.UNSPECIFIED.,.F.,
  .F.,(2,2),(0.,3.),.PIECEWISE_BEZIER_KNOTS.);
#2053 = CARTESIAN_POINT('',(-1.5,-1.25,0.1000001));
#2054 = CARTESIAN_POINT('',(1.5,-1.25,0.1000001));
#2055 = ORIENTED_EDGE('',*,*,#2010,.T.);
#2056 = B_SPLINE_SURFACE_WITH_KNOTS('',1,1,(
    (#2057,#2058)
    ,(#2059,#2060
    )),.UNSPECIFIED.,.F.,.F.,.F.,(2,2),(2,2),(-0.76,0.),(0.,3.),
  .PIECEWISE_BEZIER_KNOTS.);
#2057 = CARTESIAN_POINT('',(-1.5,-1.25,0.8600001));
#2058 = CARTESIAN_POINT('',(1.5,-1.25,0.8600001));
#2059 = CARTESIAN_POINT('',(-1.5,-1.25,0.1000001));
#2060 = CARTESIAN_POINT('',(1.5,-1.25,0.1000001));
#2061 = ADVANCED_FACE('',(#2062),#2084,.T.);
#2062 = FACE_BOUND('',#2063,.T.);
#2063 = EDGE_LOOP('',(#2064,#2071,#2078,#2083));
#2064 = ORIENTED_EDGE('',*,*,#2065,.F.);
#2065 = EDGE_CURVE('',#2066,#2038,#2068,.T.);
#2066 = VERTEX_POINT('',#2067);
#2067 = CARTESIAN_POINT('',(-1.5,1.25,0.8600001));
#2068 = B_SPLINE_CURVE_WITH_KNOTS('',1,(#2069,#2070),.UNSPECIFIED.,.F.,
  .F.,(2,2),(0.,2.5),.PIECEWISE_BEZIER_KNOTS.);
#2069 = CARTESIAN_POINT('',(-1.5,1.25,0.8600001));
#2070 = CARTESIAN_POINT('',(-1.5,-1.25,0.8600001));
#2071 = ORIENTED_EDGE('',*,*,#2072,.F.);
#2072 = EDGE_CURVE('',#2073,#2066,#2075,.T.);
#2073 = VERTEX_POINT('',#2074);
#2074 = CARTESIAN_POINT('',(-1.5,1.25,0.1000001));
#2075 = B_SPLINE_CURVE_WITH_KNOTS('',1,(#2076,#2077),.UNSPECIFIED.,.F.,
  .F.,(2,2),(0.,0.76),.PIECEWISE_BEZIER_KNOTS.);
#2076 = CARTESIAN_POINT('',(-1.5,1.25,0.1000001));
#2077 = CARTESIAN_POINT('',(-1.5,1.25,0.8600001));
#2078 = ORIENTED_EDGE('',*,*,#2079,.T.);
#2079 = EDGE_CURVE('',#2073,#2045,#2080,.T.);
#2080 = B_SPLINE_CURVE_WITH_KNOTS('',1,(#2081,#2082),.UNSPECIFIED.,.F.,
  .F.,(2,2),(0.,2.5),.PIECEWISE_BEZIER_KNOTS.);
#2081 = CARTESIAN_POINT('',(-1.5,1.25,0.1000001));
#2082 = CARTESIAN_POINT('',(-1.5,-1.25,0.1000001));
#2083 = ORIENTED_EDGE('',*,*,#2044,.T.);
#2084 = B_SPLINE_SURFACE_WITH_KNOTS('',1,1,(
    (#2085,#2086)
    ,(#2087,#2088
    )),.UNSPECIFIED.,.F.,.F.,.F.,(2,2),(2,2),(0.,2.5),(0.,0.76),
  .PIECEWISE_BEZIER_KNOTS.);
#2085 = CARTESIAN_POINT('',(-1.5,1.25,0.1000001));
#2086 = CARTESIAN_POINT('',(-1.5,1.25,0.8600001));
#2087 = CARTESIAN_POINT('',(-1.5,-1.25,0.1000001));
#2088 = CARTESIAN_POINT('',(-1.5,-1.25,0.8600001));
#2089 = ADVANCED_FACE('',(#2090),#2104,.T.);
#2090 = FACE_BOUND('',#2091,.T.);
#2091 = EDGE_LOOP('',(#2092,#2097,#2098,#2103));
#2092 = ORIENTED_EDGE('',*,*,#2093,.F.);
#2093 = EDGE_CURVE('',#2004,#2066,#2094,.T.);
#2094 = B_SPLINE_CURVE_WITH_KNOTS('',1,(#2095,#2096),.UNSPECIFIED.,.F.,
  .F.,(2,2),(-3.,-0.),.PIECEWISE_BEZIER_KNOTS.);
#2095 = CARTESIAN_POINT('',(1.5,1.25,0.8600001));
#2096 = CARTESIAN_POINT('',(-1.5,1.25,0.8600001));
#2097 = ORIENTED_EDGE('',*,*,#2024,.F.);
#2098 = ORIENTED_EDGE('',*,*,#2099,.T.);
#2099 = EDGE_CURVE('',#2018,#2073,#2100,.T.);
#2100 = B_SPLINE_CURVE_WITH_KNOTS('',1,(#2101,#2102),.UNSPECIFIED.,.F.,
  .F.,(2,2),(-3.,-0.),.PIECEWISE_BEZIER_KNOTS.);
#2101 = CARTESIAN_POINT('',(1.5,1.25,0.1000001));
#2102 = CARTESIAN_POINT('',(-1.5,1.25,0.1000001));
#2103 = ORIENTED_EDGE('',*,*,#2072,.T.);
#2104 = B_SPLINE_SURFACE_WITH_KNOTS('',1,1,(
    (#2105,#2106)
    ,(#2107,#2108
    )),.UNSPECIFIED.,.F.,.F.,.F.,(2,2),(2,2),(0.,0.76),(0.,3.),
  .PIECEWISE_BEZIER_KNOTS.);
#2105 = CARTESIAN_POINT('',(-1.5,1.25,0.1000001));
#2106 = CARTESIAN_POINT('',(1.5,1.25,0.1000001));
#2107 = CARTESIAN_POINT('',(-1.5,1.25,0.8600001));
#2108 = CARTESIAN_POINT('',(1.5,1.25,0.8600001));
#2109 = ADVANCED_FACE('',(#2110,#2140),#2146,.F.);
#2110 = FACE_BOUND('',#2111,.T.);
#2111 = EDGE_LOOP('',(#2112,#2121,#2128,#2135));
#2112 = ORIENTED_EDGE('',*,*,#2113,.F.);
#2113 = EDGE_CURVE('',#2114,#2116,#2118,.T.);
#2114 = VERTEX_POINT('',#2115);
#2115 = CARTESIAN_POINT('',(-1.1,1.05,0.1000001));
#2116 = VERTEX_POINT('',#2117);
#2117 = CARTESIAN_POINT('',(-1.4,1.05,0.1000001));
#2118 = B_SPLINE_CURVE_WITH_KNOTS('',1,(#2119,#2120),.UNSPECIFIED.,.F.,
  .F.,(2,2),(-0.3,-0.),.PIECEWISE_BEZIER_KNOTS.);
#2119 = CARTESIAN_POINT('',(-1.1,1.05,0.1000001));
#2120 = CARTESIAN_POINT('',(-1.4,1.05,0.1000001));
#2121 = ORIENTED_EDGE('',*,*,#2122,.F.);
#2122 = EDGE_CURVE('',#2123,#2114,#2125,.T.);
#2123 = VERTEX_POINT('',#2124);
#2124 = CARTESIAN_POINT('',(-1.1,1.15,0.1000001));
#2125 = B_SPLINE_CURVE_WITH_KNOTS('',1,(#2126,#2127),.UNSPECIFIED.,.F.,
  .F.,(2,2),(-1.E-01,-0.),.PIECEWISE_BEZIER_KNOTS.);
#2126 = CARTESIAN_POINT('',(-1.1,1.15,0.1000001));
#2127 = CARTESIAN_POINT('',(-1.1,1.05,0.1000001));
#2128 = ORIENTED_EDGE('',*,*,#2129,.F.);
#2129 = EDGE_CURVE('',#2130,#2123,#2132,.T.);
#2130 = VERTEX_POINT('',#2131);
#2131 = CARTESIAN_POINT('',(-1.4,1.15,0.1000001));
#2132 = B_SPLINE_CURVE_WITH_KNOTS('',1,(#2133,#2134),.UNSPECIFIED.,.F.,
  .F.,(2,2),(-0.3,0.),.PIECEWISE_BEZIER_KNOTS.);
#2133 = CARTESIAN_POINT('',(-1.4,1.15,0.1000001));
#2134 = CARTESIAN_POINT('',(-1.1,1.15,0.1000001));
#2135 = ORIENTED_EDGE('',*,*,#2136,.F.);
#2136 = EDGE_CURVE('',#2116,#2130,#2137,.T.);
#2137 = B_SPLINE_CURVE_WITH_KNOTS('',1,(#2138,#2139),.UNSPECIFIED.,.F.,
  .F.,(2,2),(-1.E-01,0.),.PIECEWISE_BEZIER_KNOTS.);
#2138 = CARTESIAN_POINT('',(-1.4,1.05,0.1000001));
#2139 = CARTESIAN_POINT('',(-1.4,1.15,0.1000001));
#2140 = FACE_BOUND('',#2141,.T.);
#2141 = EDGE_LOOP('',(#2142,#2143,#2144,#2145));
#2142 = ORIENTED_EDGE('',*,*,#2017,.F.);
#2143 = ORIENTED_EDGE('',*,*,#2051,.F.);
#2144 = ORIENTED_EDGE('',*,*,#2079,.F.);
#2145 = ORIENTED_EDGE('',*,*,#2099,.F.);
#2146 = B_SPLINE_SURFACE_WITH_KNOTS('',1,1,(
    (#2147,#2148)
    ,(#2149,#2150
    )),.UNSPECIFIED.,.F.,.F.,.F.,(2,2),(2,2),(-1.5,1.5),(-1.25,1.25),
  .PIECEWISE_BEZIER_KNOTS.);
#2147 = CARTESIAN_POINT('',(-1.5,-1.25,0.1000001));
#2148 = CARTESIAN_POINT('',(-1.5,1.25,0.1000001));
#2149 = CARTESIAN_POINT('',(1.5,-1.25,0.1000001));
#2150 = CARTESIAN_POINT('',(1.5,1.25,0.1000001));
#2151 = ADVANCED_FACE('',(#2152,#2163),#2169,.T.);
#2152 = FACE_BOUND('',#2153,.T.);
#2153 = EDGE_LOOP('',(#2154,#2162));
#2154 = ORIENTED_EDGE('',*,*,#2155,.F.);
#2155 = EDGE_CURVE('',#1956,#1963,#2156,.T.);
#2156 = ( BOUNDED_CURVE() B_SPLINE_CURVE(2,(#2157,#2158,#2159,#2160,
#2161),.UNSPECIFIED.,.F.,.F.) B_SPLINE_CURVE_WITH_KNOTS((3,2,3),(0.,
1.570796326795,3.14159265359),.PIECEWISE_BEZIER_KNOTS.) CURVE() 
GEOMETRIC_REPRESENTATION_ITEM() RATIONAL_B_SPLINE_CURVE((1.,
0.707106781187,1.,0.707106781187,1.)) REPRESENTATION_ITEM('') );
#2157 = CARTESIAN_POINT('',(-1.2,1.05,0.8600001));
#2158 = CARTESIAN_POINT('',(-1.2,1.15,0.8600001));
#2159 = CARTESIAN_POINT('',(-1.3,1.15,0.8600001));
#2160 = CARTESIAN_POINT('',(-1.4,1.15,0.8600001));
#2161 = CARTESIAN_POINT('',(-1.4,1.05,0.8600001));
#2162 = ORIENTED_EDGE('',*,*,#1962,.F.);
#2163 = FACE_BOUND('',#2164,.T.);
#2164 = EDGE_LOOP('',(#2165,#2166,#2167,#2168));
#2165 = ORIENTED_EDGE('',*,*,#2001,.T.);
#2166 = ORIENTED_EDGE('',*,*,#2093,.T.);
#2167 = ORIENTED_EDGE('',*,*,#2065,.T.);
#2168 = ORIENTED_EDGE('',*,*,#2037,.T.);
#2169 = B_SPLINE_SURFACE_WITH_KNOTS('',1,1,(
    (#2170,#2171)
    ,(#2172,#2173
    )),.UNSPECIFIED.,.F.,.F.,.F.,(2,2),(2,2),(-1.5,1.5),(-1.25,1.25),
  .PIECEWISE_BEZIER_KNOTS.);
#2170 = CARTESIAN_POINT('',(-1.5,-1.25,0.8600001));
#2171 = CARTESIAN_POINT('',(-1.5,1.25,0.8600001));
#2172 = CARTESIAN_POINT('',(1.5,-1.25,0.8600001));
#2173 = CARTESIAN_POINT('',(1.5,1.25,0.8600001));
#2174 = ADVANCED_FACE('',(#2175),#2197,.F.);
#2175 = FACE_BOUND('',#2176,.T.);
#2176 = EDGE_LOOP('',(#2177,#2178,#2185,#2192));
#2177 = ORIENTED_EDGE('',*,*,#2122,.T.);
#2178 = ORIENTED_EDGE('',*,*,#2179,.F.);
#2179 = EDGE_CURVE('',#2180,#2114,#2182,.T.);
#2180 = VERTEX_POINT('',#2181);
#2181 = CARTESIAN_POINT('',(-1.1,1.05,0.1100001));
#2182 = B_SPLINE_CURVE_WITH_KNOTS('',1,(#2183,#2184),.UNSPECIFIED.,.F.,
  .F.,(2,2),(-0.,1.E-02),.PIECEWISE_BEZIER_KNOTS.);
#2183 = CARTESIAN_POINT('',(-1.1,1.05,0.1100001));
#2184 = CARTESIAN_POINT('',(-1.1,1.05,0.1000001));
#2185 = ORIENTED_EDGE('',*,*,#2186,.F.);
#2186 = EDGE_CURVE('',#2187,#2180,#2189,.T.);
#2187 = VERTEX_POINT('',#2188);
#2188 = CARTESIAN_POINT('',(-1.1,1.15,0.1100001));
#2189 = B_SPLINE_CURVE_WITH_KNOTS('',1,(#2190,#2191),.UNSPECIFIED.,.F.,
  .F.,(2,2),(-1.E-01,-0.),.PIECEWISE_BEZIER_KNOTS.);
#2190 = CARTESIAN_POINT('',(-1.1,1.15,0.1100001));
#2191 = CARTESIAN_POINT('',(-1.1,1.05,0.1100001));
#2192 = ORIENTED_EDGE('',*,*,#2193,.T.);
#2193 = EDGE_CURVE('',#2187,#2123,#2194,.T.);
#2194 = B_SPLINE_CURVE_WITH_KNOTS('',1,(#2195,#2196),.UNSPECIFIED.,.F.,
  .F.,(2,2),(-0.,1.E-02),.PIECEWISE_BEZIER_KNOTS.);
#2195 = CARTESIAN_POINT('',(-1.1,1.15,0.1100001));
#2196 = CARTESIAN_POINT('',(-1.1,1.15,0.1000001));
#2197 = B_SPLINE_SURFACE_WITH_KNOTS('',1,1,(
    (#2198,#2199)
    ,(#2200,#2201
    )),.UNSPECIFIED.,.F.,.F.,.F.,(2,2),(2,2),(0.,1.E-02),(0.,1.E-01),
  .PIECEWISE_BEZIER_KNOTS.);
#2198 = CARTESIAN_POINT('',(-1.1,1.05,0.1100001));
#2199 = CARTESIAN_POINT('',(-1.1,1.15,0.1100001));
#2200 = CARTESIAN_POINT('',(-1.1,1.05,0.1000001));
#2201 = CARTESIAN_POINT('',(-1.1,1.15,0.1000001));
#2202 = ADVANCED_FACE('',(#2203),#2219,.F.);
#2203 = FACE_BOUND('',#2204,.T.);
#2204 = EDGE_LOOP('',(#2205,#2206,#2207,#2214));
#2205 = ORIENTED_EDGE('',*,*,#2129,.T.);
#2206 = ORIENTED_EDGE('',*,*,#2193,.F.);
#2207 = ORIENTED_EDGE('',*,*,#2208,.F.);
#2208 = EDGE_CURVE('',#2209,#2187,#2211,.T.);
#2209 = VERTEX_POINT('',#2210);
#2210 = CARTESIAN_POINT('',(-1.4,1.15,0.1100001));
#2211 = B_SPLINE_CURVE_WITH_KNOTS('',1,(#2212,#2213),.UNSPECIFIED.,.F.,
  .F.,(2,2),(-0.3,0.),.PIECEWISE_BEZIER_KNOTS.);
#2212 = CARTESIAN_POINT('',(-1.4,1.15,0.1100001));
#2213 = CARTESIAN_POINT('',(-1.1,1.15,0.1100001));
#2214 = ORIENTED_EDGE('',*,*,#2215,.T.);
#2215 = EDGE_CURVE('',#2209,#2130,#2216,.T.);
#2216 = B_SPLINE_CURVE_WITH_KNOTS('',1,(#2217,#2218),.UNSPECIFIED.,.F.,
  .F.,(2,2),(-0.,1.E-02),.PIECEWISE_BEZIER_KNOTS.);
#2217 = CARTESIAN_POINT('',(-1.4,1.15,0.1100001));
#2218 = CARTESIAN_POINT('',(-1.4,1.15,0.1000001));
#2219 = B_SPLINE_SURFACE_WITH_KNOTS('',1,1,(
    (#2220,#2221)
    ,(#2222,#2223
    )),.UNSPECIFIED.,.F.,.F.,.F.,(2,2),(2,2),(-1.E-02,0.),(-0.3,0.),
  .PIECEWISE_BEZIER_KNOTS.);
#2220 = CARTESIAN_POINT('',(-1.4,1.15,0.1000001));
#2221 = CARTESIAN_POINT('',(-1.1,1.15,0.1000001));
#2222 = CARTESIAN_POINT('',(-1.4,1.15,0.1100001));
#2223 = CARTESIAN_POINT('',(-1.1,1.15,0.1100001));
#2224 = ADVANCED_FACE('',(#2225),#2241,.F.);
#2225 = FACE_BOUND('',#2226,.T.);
#2226 = EDGE_LOOP('',(#2227,#2228,#2229,#2236));
#2227 = ORIENTED_EDGE('',*,*,#2136,.T.);
#2228 = ORIENTED_EDGE('',*,*,#2215,.F.);
#2229 = ORIENTED_EDGE('',*,*,#2230,.F.);
#2230 = EDGE_CURVE('',#2231,#2209,#2233,.T.);
#2231 = VERTEX_POINT('',#2232);
#2232 = CARTESIAN_POINT('',(-1.4,1.05,0.1100001));
#2233 = B_SPLINE_CURVE_WITH_KNOTS('',1,(#2234,#2235),.UNSPECIFIED.,.F.,
  .F.,(2,2),(-1.E-01,0.),.PIECEWISE_BEZIER_KNOTS.);
#2234 = CARTESIAN_POINT('',(-1.4,1.05,0.1100001));
#2235 = CARTESIAN_POINT('',(-1.4,1.15,0.1100001));
#2236 = ORIENTED_EDGE('',*,*,#2237,.T.);
#2237 = EDGE_CURVE('',#2231,#2116,#2238,.T.);
#2238 = B_SPLINE_CURVE_WITH_KNOTS('',1,(#2239,#2240),.UNSPECIFIED.,.F.,
  .F.,(2,2),(-0.,1.E-02),.PIECEWISE_BEZIER_KNOTS.);
#2239 = CARTESIAN_POINT('',(-1.4,1.05,0.1100001));
#2240 = CARTESIAN_POINT('',(-1.4,1.05,0.1000001));
#2241 = B_SPLINE_SURFACE_WITH_KNOTS('',1,1,(
    (#2242,#2243)
    ,(#2244,#2245
    )),.UNSPECIFIED.,.F.,.F.,.F.,(2,2),(2,2),(-1.E-02,0.),(-1.E-01,0.),
  .PIECEWISE_BEZIER_KNOTS.);
#2242 = CARTESIAN_POINT('',(-1.4,1.05,0.1000001));
#2243 = CARTESIAN_POINT('',(-1.4,1.15,0.1000001));
#2244 = CARTESIAN_POINT('',(-1.4,1.05,0.1100001));
#2245 = CARTESIAN_POINT('',(-1.4,1.15,0.1100001));
#2246 = ADVANCED_FACE('',(#2247),#2257,.F.);
#2247 = FACE_BOUND('',#2248,.T.);
#2248 = EDGE_LOOP('',(#2249,#2250,#2251,#2256));
#2249 = ORIENTED_EDGE('',*,*,#2113,.T.);
#2250 = ORIENTED_EDGE('',*,*,#2237,.F.);
#2251 = ORIENTED_EDGE('',*,*,#2252,.F.);
#2252 = EDGE_CURVE('',#2180,#2231,#2253,.T.);
#2253 = B_SPLINE_CURVE_WITH_KNOTS('',1,(#2254,#2255),.UNSPECIFIED.,.F.,
  .F.,(2,2),(-0.3,-0.),.PIECEWISE_BEZIER_KNOTS.);
#2254 = CARTESIAN_POINT('',(-1.1,1.05,0.1100001));
#2255 = CARTESIAN_POINT('',(-1.4,1.05,0.1100001));
#2256 = ORIENTED_EDGE('',*,*,#2179,.T.);
#2257 = B_SPLINE_SURFACE_WITH_KNOTS('',1,1,(
    (#2258,#2259)
    ,(#2260,#2261
    )),.UNSPECIFIED.,.F.,.F.,.F.,(2,2),(2,2),(0.,1.E-02),(0.,0.3),
  .PIECEWISE_BEZIER_KNOTS.);
#2258 = CARTESIAN_POINT('',(-1.4,1.05,0.1100001));
#2259 = CARTESIAN_POINT('',(-1.1,1.05,0.1100001));
#2260 = CARTESIAN_POINT('',(-1.4,1.05,0.1000001));
#2261 = CARTESIAN_POINT('',(-1.1,1.05,0.1000001));
#2262 = ADVANCED_FACE('',(#2263),#2269,.F.);
#2263 = FACE_BOUND('',#2264,.T.);
#2264 = EDGE_LOOP('',(#2265,#2266,#2267,#2268));
#2265 = ORIENTED_EDGE('',*,*,#2186,.T.);
#2266 = ORIENTED_EDGE('',*,*,#2252,.T.);
#2267 = ORIENTED_EDGE('',*,*,#2230,.T.);
#2268 = ORIENTED_EDGE('',*,*,#2208,.T.);
#2269 = B_SPLINE_SURFACE_WITH_KNOTS('',1,1,(
    (#2270,#2271)
    ,(#2272,#2273
    )),.UNSPECIFIED.,.F.,.F.,.F.,(2,2),(2,2),(-1.4,-1.1),(1.05,1.15),
  .PIECEWISE_BEZIER_KNOTS.);
#2270 = CARTESIAN_POINT('',(-1.4,1.05,0.1100001));
#2271 = CARTESIAN_POINT('',(-1.4,1.15,0.1100001));
#2272 = CARTESIAN_POINT('',(-1.1,1.05,0.1100001));
#2273 = CARTESIAN_POINT('',(-1.1,1.15,0.1100001));
#2274 = ADVANCED_FACE('',(#2275),#2288,.F.);
#2275 = FACE_BOUND('',#2276,.F.);
#2276 = EDGE_LOOP('',(#2277,#2278,#2279,#2287));
#2277 = ORIENTED_EDGE('',*,*,#2155,.F.);
#2278 = ORIENTED_EDGE('',*,*,#1953,.F.);
#2279 = ORIENTED_EDGE('',*,*,#2280,.T.);
#2280 = EDGE_CURVE('',#1954,#1973,#2281,.T.);
#2281 = ( BOUNDED_CURVE() B_SPLINE_CURVE(2,(#2282,#2283,#2284,#2285,
#2286),.UNSPECIFIED.,.F.,.F.) B_SPLINE_CURVE_WITH_KNOTS((3,2,3),(0.,
1.570796326795,3.14159265359),.PIECEWISE_BEZIER_KNOTS.) CURVE() 
GEOMETRIC_REPRESENTATION_ITEM() RATIONAL_B_SPLINE_CURVE((1.,
0.707106781187,1.,0.707106781187,1.)) REPRESENTATION_ITEM('') );
#2282 = CARTESIAN_POINT('',(-1.2,1.05,0.8500001));
#2283 = CARTESIAN_POINT('',(-1.2,1.15,0.8500001));
#2284 = CARTESIAN_POINT('',(-1.3,1.15,0.8500001));
#2285 = CARTESIAN_POINT('',(-1.4,1.15,0.8500001));
#2286 = CARTESIAN_POINT('',(-1.4,1.05,0.8500001));
#2287 = ORIENTED_EDGE('',*,*,#1972,.T.);
#2288 = ( BOUNDED_SURFACE() B_SPLINE_SURFACE(2,1,(
    (#2289,#2290)
    ,(#2291,#2292)
    ,(#2293,#2294)
    ,(#2295,#2296)
    ,(#2297,#2298
)),.UNSPECIFIED.,.F.,.F.,.F.) B_SPLINE_SURFACE_WITH_KNOTS((3,2,3),(2,2),
  (0.,1.570796326795,3.14159265359),(0.,1.E-02),
.PIECEWISE_BEZIER_KNOTS.) GEOMETRIC_REPRESENTATION_ITEM() 
RATIONAL_B_SPLINE_SURFACE((
    (1.,1.)
    ,(0.707106781187,0.707106781187)
    ,(1.,1.)
    ,(0.707106781187,0.707106781187)
,(1.,1.))) REPRESENTATION_ITEM('') SURFACE() );
#2289 = CARTESIAN_POINT('',(-1.2,1.05,0.8500001));
#2290 = CARTESIAN_POINT('',(-1.2,1.05,0.8600001));
#2291 = CARTESIAN_POINT('',(-1.2,1.15,0.8500001));
#2292 = CARTESIAN_POINT('',(-1.2,1.15,0.8600001));
#2293 = CARTESIAN_POINT('',(-1.3,1.15,0.8500001));
#2294 = CARTESIAN_POINT('',(-1.3,1.15,0.8600001));
#2295 = CARTESIAN_POINT('',(-1.4,1.15,0.8500001));
#2296 = CARTESIAN_POINT('',(-1.4,1.15,0.8600001));
#2297 = CARTESIAN_POINT('',(-1.4,1.05,0.8500001));
#2298 = CARTESIAN_POINT('',(-1.4,1.05,0.8600001));
#2299 = ADVANCED_FACE('',(#2300),#2304,.T.);
#2300 = FACE_BOUND('',#2301,.T.);
#2301 = EDGE_LOOP('',(#2302,#2303));
#2302 = ORIENTED_EDGE('',*,*,#2280,.T.);
#2303 = ORIENTED_EDGE('',*,*,#1979,.T.);
#2304 = B_SPLINE_SURFACE_WITH_KNOTS('',1,1,(
    (#2305,#2306)
    ,(#2307,#2308
    )),.UNSPECIFIED.,.F.,.F.,.F.,(2,2),(2,2),(-0.1,0.1),(-0.1,0.1),
  .PIECEWISE_BEZIER_KNOTS.);
#2305 = CARTESIAN_POINT('',(-1.4,0.95,0.8500001));
#2306 = CARTESIAN_POINT('',(-1.4,1.15,0.8500001));
#2307 = CARTESIAN_POINT('',(-1.2,0.95,0.8500001));
#2308 = CARTESIAN_POINT('',(-1.2,1.15,0.8500001));
#2309 = MANIFOLD_SOLID_BREP('',#2310);
#2310 = CLOSED_SHELL('',(#2311,#2347,#2375,#2403,#2431,#2459,#2479,#2493
    ));
#2311 = ADVANCED_FACE('',(#2312),#2342,.F.);
#2312 = FACE_BOUND('',#2313,.T.);
#2313 = EDGE_LOOP('',(#2314,#2323,#2330,#2337));
#2314 = ORIENTED_EDGE('',*,*,#2315,.T.);
#2315 = EDGE_CURVE('',#2316,#2318,#2320,.T.);
#2316 = VERTEX_POINT('',#2317);
#2317 = CARTESIAN_POINT('',(-0.944002081535,-0.965224102501,0.8600001));
#2318 = VERTEX_POINT('',#2319);
#2319 = CARTESIAN_POINT('',(-0.944002081535,-0.957495235323,0.8600001));
#2320 = B_SPLINE_CURVE_WITH_KNOTS('',1,(#2321,#2322),.UNSPECIFIED.,.F.,
  .F.,(2,2),(-7.728867177928E-03,0.),.PIECEWISE_BEZIER_KNOTS.);
#2321 = CARTESIAN_POINT('',(-0.944002081535,-0.965224102501,0.8600001));
#2322 = CARTESIAN_POINT('',(-0.944002081535,-0.957495235323,0.8600001));
#2323 = ORIENTED_EDGE('',*,*,#2324,.F.);
#2324 = EDGE_CURVE('',#2325,#2318,#2327,.T.);
#2325 = VERTEX_POINT('',#2326);
#2326 = CARTESIAN_POINT('',(-0.944002081535,-0.957495235323,0.8700001));
#2327 = B_SPLINE_CURVE_WITH_KNOTS('',1,(#2328,#2329),.UNSPECIFIED.,.F.,
  .F.,(2,2),(-0.,1.E-02),.PIECEWISE_BEZIER_KNOTS.);
#2328 = CARTESIAN_POINT('',(-0.944002081535,-0.957495235323,0.8700001));
#2329 = CARTESIAN_POINT('',(-0.944002081535,-0.957495235323,0.8600001));
#2330 = ORIENTED_EDGE('',*,*,#2331,.F.);
#2331 = EDGE_CURVE('',#2332,#2325,#2334,.T.);
#2332 = VERTEX_POINT('',#2333);
#2333 = CARTESIAN_POINT('',(-0.944002081535,-0.965224102501,0.8700001));
#2334 = B_SPLINE_CURVE_WITH_KNOTS('',1,(#2335,#2336),.UNSPECIFIED.,.F.,
  .F.,(2,2),(-7.728867177928E-03,0.),.PIECEWISE_BEZIER_KNOTS.);
#2335 = CARTESIAN_POINT('',(-0.944002081535,-0.965224102501,0.8700001));
#2336 = CARTESIAN_POINT('',(-0.944002081535,-0.957495235323,0.8700001));
#2337 = ORIENTED_EDGE('',*,*,#2338,.T.);
#2338 = EDGE_CURVE('',#2332,#2316,#2339,.T.);
#2339 = B_SPLINE_CURVE_WITH_KNOTS('',1,(#2340,#2341),.UNSPECIFIED.,.F.,
  .F.,(2,2),(-0.,1.E-02),.PIECEWISE_BEZIER_KNOTS.);
#2340 = CARTESIAN_POINT('',(-0.944002081535,-0.965224102501,0.8700001));
#2341 = CARTESIAN_POINT('',(-0.944002081535,-0.965224102501,0.8600001));
#2342 = B_SPLINE_SURFACE_WITH_KNOTS('',1,1,(
    (#2343,#2344)
    ,(#2345,#2346)),.UNSPECIFIED.,.F.,.F.,.F.,(2,2),(2,2),(-1.E-02,0.),(
    -7.728867177928E-03,0.),.PIECEWISE_BEZIER_KNOTS.);
#2343 = CARTESIAN_POINT('',(-0.944002081535,-0.965224102501,0.8600001));
#2344 = CARTESIAN_POINT('',(-0.944002081535,-0.957495235323,0.8600001));
#2345 = CARTESIAN_POINT('',(-0.944002081535,-0.965224102501,0.8700001));
#2346 = CARTESIAN_POINT('',(-0.944002081535,-0.957495235323,0.8700001));
#2347 = ADVANCED_FACE('',(#2348),#2370,.F.);
#2348 = FACE_BOUND('',#2349,.T.);
#2349 = EDGE_LOOP('',(#2350,#2357,#2364,#2369));
#2350 = ORIENTED_EDGE('',*,*,#2351,.T.);
#2351 = EDGE_CURVE('',#2318,#2352,#2354,.T.);
#2352 = VERTEX_POINT('',#2353);
#2353 = CARTESIAN_POINT('',(-0.971001128763,-0.957495235323,0.8600001));
#2354 = B_SPLINE_CURVE_WITH_KNOTS('',1,(#2355,#2356),.UNSPECIFIED.,.F.,
  .F.,(2,2),(-2.699904722722E-02,-0.),.PIECEWISE_BEZIER_KNOTS.);
#2355 = CARTESIAN_POINT('',(-0.944002081535,-0.957495235323,0.8600001));
#2356 = CARTESIAN_POINT('',(-0.971001128763,-0.957495235323,0.8600001));
#2357 = ORIENTED_EDGE('',*,*,#2358,.F.);
#2358 = EDGE_CURVE('',#2359,#2352,#2361,.T.);
#2359 = VERTEX_POINT('',#2360);
#2360 = CARTESIAN_POINT('',(-0.971001128763,-0.957495235323,0.8700001));
#2361 = B_SPLINE_CURVE_WITH_KNOTS('',1,(#2362,#2363),.UNSPECIFIED.,.F.,
  .F.,(2,2),(-0.,1.E-02),.PIECEWISE_BEZIER_KNOTS.);
#2362 = CARTESIAN_POINT('',(-0.971001128763,-0.957495235323,0.8700001));
#2363 = CARTESIAN_POINT('',(-0.971001128763,-0.957495235323,0.8600001));
#2364 = ORIENTED_EDGE('',*,*,#2365,.F.);
#2365 = EDGE_CURVE('',#2325,#2359,#2366,.T.);
#2366 = B_SPLINE_CURVE_WITH_KNOTS('',1,(#2367,#2368),.UNSPECIFIED.,.F.,
  .F.,(2,2),(-2.699904722722E-02,-0.),.PIECEWISE_BEZIER_KNOTS.);
#2367 = CARTESIAN_POINT('',(-0.944002081535,-0.957495235323,0.8700001));
#2368 = CARTESIAN_POINT('',(-0.971001128763,-0.957495235323,0.8700001));
#2369 = ORIENTED_EDGE('',*,*,#2324,.T.);
#2370 = B_SPLINE_SURFACE_WITH_KNOTS('',1,1,(
    (#2371,#2372)
    ,(#2373,#2374
    )),.UNSPECIFIED.,.F.,.F.,.F.,(2,2),(2,2),(0.,1.E-02),(0.,
    2.699904722722E-02),.PIECEWISE_BEZIER_KNOTS.);
#2371 = CARTESIAN_POINT('',(-0.971001128763,-0.957495235323,0.8700001));
#2372 = CARTESIAN_POINT('',(-0.944002081535,-0.957495235323,0.8700001));
#2373 = CARTESIAN_POINT('',(-0.971001128763,-0.957495235323,0.8600001));
#2374 = CARTESIAN_POINT('',(-0.944002081535,-0.957495235323,0.8600001));
#2375 = ADVANCED_FACE('',(#2376),#2398,.F.);
#2376 = FACE_BOUND('',#2377,.T.);
#2377 = EDGE_LOOP('',(#2378,#2385,#2392,#2397));
#2378 = ORIENTED_EDGE('',*,*,#2379,.T.);
#2379 = EDGE_CURVE('',#2352,#2380,#2382,.T.);
#2380 = VERTEX_POINT('',#2381);
#2381 = CARTESIAN_POINT('',(-0.971001128763,-0.897431886357,0.8600001));
#2382 = B_SPLINE_CURVE_WITH_KNOTS('',1,(#2383,#2384),.UNSPECIFIED.,.F.,
  .F.,(2,2),(-6.006334896585E-02,0.),.PIECEWISE_BEZIER_KNOTS.);
#2383 = CARTESIAN_POINT('',(-0.971001128763,-0.957495235323,0.8600001));
#2384 = CARTESIAN_POINT('',(-0.971001128763,-0.897431886357,0.8600001));
#2385 = ORIENTED_EDGE('',*,*,#2386,.F.);
#2386 = EDGE_CURVE('',#2387,#2380,#2389,.T.);
#2387 = VERTEX_POINT('',#2388);
#2388 = CARTESIAN_POINT('',(-0.971001128763,-0.897431886357,0.8700001));
#2389 = B_SPLINE_CURVE_WITH_KNOTS('',1,(#2390,#2391),.UNSPECIFIED.,.F.,
  .F.,(2,2),(-0.,1.E-02),.PIECEWISE_BEZIER_KNOTS.);
#2390 = CARTESIAN_POINT('',(-0.971001128763,-0.897431886357,0.8700001));
#2391 = CARTESIAN_POINT('',(-0.971001128763,-0.897431886357,0.8600001));
#2392 = ORIENTED_EDGE('',*,*,#2393,.F.);
#2393 = EDGE_CURVE('',#2359,#2387,#2394,.T.);
#2394 = B_SPLINE_CURVE_WITH_KNOTS('',1,(#2395,#2396),.UNSPECIFIED.,.F.,
  .F.,(2,2),(-6.006334896585E-02,0.),.PIECEWISE_BEZIER_KNOTS.);
#2395 = CARTESIAN_POINT('',(-0.971001128763,-0.957495235323,0.8700001));
#2396 = CARTESIAN_POINT('',(-0.971001128763,-0.897431886357,0.8700001));
#2397 = ORIENTED_EDGE('',*,*,#2358,.T.);
#2398 = B_SPLINE_SURFACE_WITH_KNOTS('',1,1,(
    (#2399,#2400)
    ,(#2401,#2402)),.UNSPECIFIED.,.F.,.F.,.F.,(2,2),(2,2),(-1.E-02,0.),(
    -6.006334896585E-02,0.),.PIECEWISE_BEZIER_KNOTS.);
#2399 = CARTESIAN_POINT('',(-0.971001128763,-0.957495235323,0.8600001));
#2400 = CARTESIAN_POINT('',(-0.971001128763,-0.897431886357,0.8600001));
#2401 = CARTESIAN_POINT('',(-0.971001128763,-0.957495235323,0.8700001));
#2402 = CARTESIAN_POINT('',(-0.971001128763,-0.897431886357,0.8700001));
#2403 = ADVANCED_FACE('',(#2404),#2426,.F.);
#2404 = FACE_BOUND('',#2405,.T.);
#2405 = EDGE_LOOP('',(#2406,#2413,#2420,#2425));
#2406 = ORIENTED_EDGE('',*,*,#2407,.T.);
#2407 = EDGE_CURVE('',#2380,#2408,#2410,.T.);
#2408 = VERTEX_POINT('',#2409);
#2409 = CARTESIAN_POINT('',(-0.979752424558,-0.897431886357,0.8600001));
#2410 = B_SPLINE_CURVE_WITH_KNOTS('',1,(#2411,#2412),.UNSPECIFIED.,.F.,
  .F.,(2,2),(-8.751295795631E-03,-0.),.PIECEWISE_BEZIER_KNOTS.);
#2411 = CARTESIAN_POINT('',(-0.971001128763,-0.897431886357,0.8600001));
#2412 = CARTESIAN_POINT('',(-0.979752424558,-0.897431886357,0.8600001));
#2413 = ORIENTED_EDGE('',*,*,#2414,.F.);
#2414 = EDGE_CURVE('',#2415,#2408,#2417,.T.);
#2415 = VERTEX_POINT('',#2416);
#2416 = CARTESIAN_POINT('',(-0.979752424558,-0.897431886357,0.8700001));
#2417 = B_SPLINE_CURVE_WITH_KNOTS('',1,(#2418,#2419),.UNSPECIFIED.,.F.,
  .F.,(2,2),(-0.,1.E-02),.PIECEWISE_BEZIER_KNOTS.);
#2418 = CARTESIAN_POINT('',(-0.979752424558,-0.897431886357,0.8700001));
#2419 = CARTESIAN_POINT('',(-0.979752424558,-0.897431886357,0.8600001));
#2420 = ORIENTED_EDGE('',*,*,#2421,.F.);
#2421 = EDGE_CURVE('',#2387,#2415,#2422,.T.);
#2422 = B_SPLINE_CURVE_WITH_KNOTS('',1,(#2423,#2424),.UNSPECIFIED.,.F.,
  .F.,(2,2),(-8.751295795631E-03,-0.),.PIECEWISE_BEZIER_KNOTS.);
#2423 = CARTESIAN_POINT('',(-0.971001128763,-0.897431886357,0.8700001));
#2424 = CARTESIAN_POINT('',(-0.979752424558,-0.897431886357,0.8700001));
#2425 = ORIENTED_EDGE('',*,*,#2386,.T.);
#2426 = B_SPLINE_SURFACE_WITH_KNOTS('',1,1,(
    (#2427,#2428)
    ,(#2429,#2430
    )),.UNSPECIFIED.,.F.,.F.,.F.,(2,2),(2,2),(0.,1.E-02),(0.,
    8.751295795631E-03),.PIECEWISE_BEZIER_KNOTS.);
#2427 = CARTESIAN_POINT('',(-0.979752424558,-0.897431886357,0.8700001));
#2428 = CARTESIAN_POINT('',(-0.971001128763,-0.897431886357,0.8700001));
#2429 = CARTESIAN_POINT('',(-0.979752424558,-0.897431886357,0.8600001));
#2430 = CARTESIAN_POINT('',(-0.971001128763,-0.897431886357,0.8600001));
#2431 = ADVANCED_FACE('',(#2432),#2454,.F.);
#2432 = FACE_BOUND('',#2433,.T.);
#2433 = EDGE_LOOP('',(#2434,#2441,#2448,#2453));
#2434 = ORIENTED_EDGE('',*,*,#2435,.T.);
#2435 = EDGE_CURVE('',#2408,#2436,#2438,.T.);
#2436 = VERTEX_POINT('',#2437);
#2437 = CARTESIAN_POINT('',(-0.979752424558,-0.965224102501,0.8600001));
#2438 = B_SPLINE_CURVE_WITH_KNOTS('',1,(#2439,#2440),.UNSPECIFIED.,.F.,
  .F.,(2,2),(-6.779221614378E-02,-0.),.PIECEWISE_BEZIER_KNOTS.);
#2439 = CARTESIAN_POINT('',(-0.979752424558,-0.897431886357,0.8600001));
#2440 = CARTESIAN_POINT('',(-0.979752424558,-0.965224102501,0.8600001));
#2441 = ORIENTED_EDGE('',*,*,#2442,.F.);
#2442 = EDGE_CURVE('',#2443,#2436,#2445,.T.);
#2443 = VERTEX_POINT('',#2444);
#2444 = CARTESIAN_POINT('',(-0.979752424558,-0.965224102501,0.8700001));
#2445 = B_SPLINE_CURVE_WITH_KNOTS('',1,(#2446,#2447),.UNSPECIFIED.,.F.,
  .F.,(2,2),(-0.,1.E-02),.PIECEWISE_BEZIER_KNOTS.);
#2446 = CARTESIAN_POINT('',(-0.979752424558,-0.965224102501,0.8700001));
#2447 = CARTESIAN_POINT('',(-0.979752424558,-0.965224102501,0.8600001));
#2448 = ORIENTED_EDGE('',*,*,#2449,.F.);
#2449 = EDGE_CURVE('',#2415,#2443,#2450,.T.);
#2450 = B_SPLINE_CURVE_WITH_KNOTS('',1,(#2451,#2452),.UNSPECIFIED.,.F.,
  .F.,(2,2),(-6.779221614378E-02,-0.),.PIECEWISE_BEZIER_KNOTS.);
#2451 = CARTESIAN_POINT('',(-0.979752424558,-0.897431886357,0.8700001));
#2452 = CARTESIAN_POINT('',(-0.979752424558,-0.965224102501,0.8700001));
#2453 = ORIENTED_EDGE('',*,*,#2414,.T.);
#2454 = B_SPLINE_SURFACE_WITH_KNOTS('',1,1,(
    (#2455,#2456)
    ,(#2457,#2458
    )),.UNSPECIFIED.,.F.,.F.,.F.,(2,2),(2,2),(0.,1.E-02),(0.,
    6.779221614378E-02),.PIECEWISE_BEZIER_KNOTS.);
#2455 = CARTESIAN_POINT('',(-0.979752424558,-0.965224102501,0.8700001));
#2456 = CARTESIAN_POINT('',(-0.979752424558,-0.897431886357,0.8700001));
#2457 = CARTESIAN_POINT('',(-0.979752424558,-0.965224102501,0.8600001));
#2458 = CARTESIAN_POINT('',(-0.979752424558,-0.897431886357,0.8600001));
#2459 = ADVANCED_FACE('',(#2460),#2474,.F.);
#2460 = FACE_BOUND('',#2461,.T.);
#2461 = EDGE_LOOP('',(#2462,#2467,#2468,#2473));
#2462 = ORIENTED_EDGE('',*,*,#2463,.T.);
#2463 = EDGE_CURVE('',#2436,#2316,#2464,.T.);
#2464 = B_SPLINE_CURVE_WITH_KNOTS('',1,(#2465,#2466),.UNSPECIFIED.,.F.,
  .F.,(2,2),(-3.575034302285E-02,0.),.PIECEWISE_BEZIER_KNOTS.);
#2465 = CARTESIAN_POINT('',(-0.979752424558,-0.965224102501,0.8600001));
#2466 = CARTESIAN_POINT('',(-0.944002081535,-0.965224102501,0.8600001));
#2467 = ORIENTED_EDGE('',*,*,#2338,.F.);
#2468 = ORIENTED_EDGE('',*,*,#2469,.F.);
#2469 = EDGE_CURVE('',#2443,#2332,#2470,.T.);
#2470 = B_SPLINE_CURVE_WITH_KNOTS('',1,(#2471,#2472),.UNSPECIFIED.,.F.,
  .F.,(2,2),(-3.575034302285E-02,0.),.PIECEWISE_BEZIER_KNOTS.);
#2471 = CARTESIAN_POINT('',(-0.979752424558,-0.965224102501,0.8700001));
#2472 = CARTESIAN_POINT('',(-0.944002081535,-0.965224102501,0.8700001));
#2473 = ORIENTED_EDGE('',*,*,#2442,.T.);
#2474 = B_SPLINE_SURFACE_WITH_KNOTS('',1,1,(
    (#2475,#2476)
    ,(#2477,#2478)),.UNSPECIFIED.,.F.,.F.,.F.,(2,2),(2,2),(-1.E-02,0.),(
    -3.575034302285E-02,0.),.PIECEWISE_BEZIER_KNOTS.);
#2475 = CARTESIAN_POINT('',(-0.979752424558,-0.965224102501,0.8600001));
#2476 = CARTESIAN_POINT('',(-0.944002081535,-0.965224102501,0.8600001));
#2477 = CARTESIAN_POINT('',(-0.979752424558,-0.965224102501,0.8700001));
#2478 = CARTESIAN_POINT('',(-0.944002081535,-0.965224102501,0.8700001));
#2479 = ADVANCED_FACE('',(#2480),#2488,.F.);
#2480 = FACE_BOUND('',#2481,.T.);
#2481 = EDGE_LOOP('',(#2482,#2483,#2484,#2485,#2486,#2487));
#2482 = ORIENTED_EDGE('',*,*,#2331,.T.);
#2483 = ORIENTED_EDGE('',*,*,#2365,.T.);
#2484 = ORIENTED_EDGE('',*,*,#2393,.T.);
#2485 = ORIENTED_EDGE('',*,*,#2421,.T.);
#2486 = ORIENTED_EDGE('',*,*,#2449,.T.);
#2487 = ORIENTED_EDGE('',*,*,#2469,.T.);
#2488 = B_SPLINE_SURFACE_WITH_KNOTS('',1,1,(
    (#2489,#2490)
    ,(#2491,#2492
    )),.UNSPECIFIED.,.F.,.F.,.F.,(2,2),(2,2),(0.944002081535,
    0.979752424558),(-0.965224102501,-0.897431886357),
  .PIECEWISE_BEZIER_KNOTS.);
#2489 = CARTESIAN_POINT('',(-0.944002081535,-0.965224102501,0.8700001));
#2490 = CARTESIAN_POINT('',(-0.944002081535,-0.897431886357,0.8700001));
#2491 = CARTESIAN_POINT('',(-0.979752424558,-0.965224102501,0.8700001));
#2492 = CARTESIAN_POINT('',(-0.979752424558,-0.897431886357,0.8700001));
#2493 = ADVANCED_FACE('',(#2494),#2502,.T.);
#2494 = FACE_BOUND('',#2495,.T.);
#2495 = EDGE_LOOP('',(#2496,#2497,#2498,#2499,#2500,#2501));
#2496 = ORIENTED_EDGE('',*,*,#2315,.F.);
#2497 = ORIENTED_EDGE('',*,*,#2463,.F.);
#2498 = ORIENTED_EDGE('',*,*,#2435,.F.);
#2499 = ORIENTED_EDGE('',*,*,#2407,.F.);
#2500 = ORIENTED_EDGE('',*,*,#2379,.F.);
#2501 = ORIENTED_EDGE('',*,*,#2351,.F.);
#2502 = B_SPLINE_SURFACE_WITH_KNOTS('',1,1,(
    (#2503,#2504)
    ,(#2505,#2506
    )),.UNSPECIFIED.,.F.,.F.,.F.,(2,2),(2,2),(0.944002081535,
    0.979752424558),(-0.965224102501,-0.897431886357),
  .PIECEWISE_BEZIER_KNOTS.);
#2503 = CARTESIAN_POINT('',(-0.944002081535,-0.965224102501,0.8600001));
#2504 = CARTESIAN_POINT('',(-0.944002081535,-0.897431886357,0.8600001));
#2505 = CARTESIAN_POINT('',(-0.979752424558,-0.965224102501,0.8600001));
#2506 = CARTESIAN_POINT('',(-0.979752424558,-0.897431886357,0.8600001));
#2507 = MANIFOLD_SOLID_BREP('',#2508);
#2508 = CLOSED_SHELL('',(#2509,#2553,#2581,#2617,#2653,#2689,#2725,#2761
    ,#2797,#2825,#2861,#2897,#2933,#2969,#2997,#3019));
#2509 = ADVANCED_FACE('',(#2510),#2544,.F.);
#2510 = FACE_BOUND('',#2511,.F.);
#2511 = EDGE_LOOP('',(#2512,#2521,#2530,#2537));
#2512 = ORIENTED_EDGE('',*,*,#2513,.F.);
#2513 = EDGE_CURVE('',#2514,#2516,#2518,.T.);
#2514 = VERTEX_POINT('',#2515);
#2515 = CARTESIAN_POINT('',(-0.909239508533,-0.966367836209,0.8700001));
#2516 = VERTEX_POINT('',#2517);
#2517 = CARTESIAN_POINT('',(-0.909239508533,-0.966367836209,0.8600001));
#2518 = B_SPLINE_CURVE_WITH_KNOTS('',1,(#2519,#2520),.UNSPECIFIED.,.F.,
  .F.,(2,2),(-0.,1.E-02),.PIECEWISE_BEZIER_KNOTS.);
#2519 = CARTESIAN_POINT('',(-0.909239508533,-0.966367836209,0.8700001));
#2520 = CARTESIAN_POINT('',(-0.909239508533,-0.966367836209,0.8600001));
#2521 = ORIENTED_EDGE('',*,*,#2522,.T.);
#2522 = EDGE_CURVE('',#2514,#2523,#2525,.T.);
#2523 = VERTEX_POINT('',#2524);
#2524 = CARTESIAN_POINT('',(-0.890471878144,-0.962416756127,0.8700001));
#2525 = B_SPLINE_CURVE_WITH_KNOTS('',3,(#2526,#2527,#2528,#2529),
  .UNSPECIFIED.,.F.,.F.,(4,4),(0.,1.),.PIECEWISE_BEZIER_KNOTS.);
#2526 = CARTESIAN_POINT('',(-0.909239508533,-0.966367836209,0.8700001));
#2527 = CARTESIAN_POINT('',(-0.901718592939,-0.966367836209,0.8700001));
#2528 = CARTESIAN_POINT('',(-0.895462716142,-0.965050809515,0.8700001));
#2529 = CARTESIAN_POINT('',(-0.890471878144,-0.962416756127,0.8700001));
#2530 = ORIENTED_EDGE('',*,*,#2531,.T.);
#2531 = EDGE_CURVE('',#2523,#2532,#2534,.T.);
#2532 = VERTEX_POINT('',#2533);
#2533 = CARTESIAN_POINT('',(-0.890471878144,-0.962416756127,0.8600001));
#2534 = B_SPLINE_CURVE_WITH_KNOTS('',1,(#2535,#2536),.UNSPECIFIED.,.F.,
  .F.,(2,2),(-0.,1.E-02),.PIECEWISE_BEZIER_KNOTS.);
#2535 = CARTESIAN_POINT('',(-0.890471878144,-0.962416756127,0.8700001));
#2536 = CARTESIAN_POINT('',(-0.890471878144,-0.962416756127,0.8600001));
#2537 = ORIENTED_EDGE('',*,*,#2538,.F.);
#2538 = EDGE_CURVE('',#2516,#2532,#2539,.T.);
#2539 = B_SPLINE_CURVE_WITH_KNOTS('',3,(#2540,#2541,#2542,#2543),
  .UNSPECIFIED.,.F.,.F.,(4,4),(0.,1.),.PIECEWISE_BEZIER_KNOTS.);
#2540 = CARTESIAN_POINT('',(-0.909239508533,-0.966367836209,0.8600001));
#2541 = CARTESIAN_POINT('',(-0.901718592939,-0.966367836209,0.8600001));
#2542 = CARTESIAN_POINT('',(-0.895462716142,-0.965050809515,0.8600001));
#2543 = CARTESIAN_POINT('',(-0.890471878144,-0.962416756127,0.8600001));
#2544 = B_SPLINE_SURFACE_WITH_KNOTS('',3,1,(
    (#2545,#2546)
    ,(#2547,#2548)
    ,(#2549,#2550)
    ,(#2551,#2552
    )),.UNSPECIFIED.,.F.,.F.,.F.,(4,4),(2,2),(0.,1.),(0.,1.),
  .PIECEWISE_BEZIER_KNOTS.);
#2545 = CARTESIAN_POINT('',(-0.909239508533,-0.966367836209,0.8700001));
#2546 = CARTESIAN_POINT('',(-0.909239508533,-0.966367836209,0.8600001));
#2547 = CARTESIAN_POINT('',(-0.901718592939,-0.966367836209,0.8700001));
#2548 = CARTESIAN_POINT('',(-0.901718592939,-0.966367836209,0.8600001));
#2549 = CARTESIAN_POINT('',(-0.895462716142,-0.965050809515,0.8700001));
#2550 = CARTESIAN_POINT('',(-0.895462716142,-0.965050809515,0.8600001));
#2551 = CARTESIAN_POINT('',(-0.890471878144,-0.962416756127,0.8700001));
#2552 = CARTESIAN_POINT('',(-0.890471878144,-0.962416756127,0.8600001));
#2553 = ADVANCED_FACE('',(#2554),#2576,.F.);
#2554 = FACE_BOUND('',#2555,.T.);
#2555 = EDGE_LOOP('',(#2556,#2563,#2570,#2575));
#2556 = ORIENTED_EDGE('',*,*,#2557,.T.);
#2557 = EDGE_CURVE('',#2532,#2558,#2560,.T.);
#2558 = VERTEX_POINT('',#2559);
#2559 = CARTESIAN_POINT('',(-0.890471878144,-0.954029375602,0.8600001));
#2560 = B_SPLINE_CURVE_WITH_KNOTS('',1,(#2561,#2562),.UNSPECIFIED.,.F.,
  .F.,(2,2),(-8.387380525102E-03,0.),.PIECEWISE_BEZIER_KNOTS.);
#2561 = CARTESIAN_POINT('',(-0.890471878144,-0.962416756127,0.8600001));
#2562 = CARTESIAN_POINT('',(-0.890471878144,-0.954029375602,0.8600001));
#2563 = ORIENTED_EDGE('',*,*,#2564,.F.);
#2564 = EDGE_CURVE('',#2565,#2558,#2567,.T.);
#2565 = VERTEX_POINT('',#2566);
#2566 = CARTESIAN_POINT('',(-0.890471878144,-0.954029375602,0.8700001));
#2567 = B_SPLINE_CURVE_WITH_KNOTS('',1,(#2568,#2569),.UNSPECIFIED.,.F.,
  .F.,(2,2),(-0.,1.E-02),.PIECEWISE_BEZIER_KNOTS.);
#2568 = CARTESIAN_POINT('',(-0.890471878144,-0.954029375602,0.8700001));
#2569 = CARTESIAN_POINT('',(-0.890471878144,-0.954029375602,0.8600001));
#2570 = ORIENTED_EDGE('',*,*,#2571,.F.);
#2571 = EDGE_CURVE('',#2523,#2565,#2572,.T.);
#2572 = B_SPLINE_CURVE_WITH_KNOTS('',1,(#2573,#2574),.UNSPECIFIED.,.F.,
  .F.,(2,2),(-8.387380525102E-03,0.),.PIECEWISE_BEZIER_KNOTS.);
#2573 = CARTESIAN_POINT('',(-0.890471878144,-0.962416756127,0.8700001));
#2574 = CARTESIAN_POINT('',(-0.890471878144,-0.954029375602,0.8700001));
#2575 = ORIENTED_EDGE('',*,*,#2531,.T.);
#2576 = B_SPLINE_SURFACE_WITH_KNOTS('',1,1,(
    (#2577,#2578)
    ,(#2579,#2580)),.UNSPECIFIED.,.F.,.F.,.F.,(2,2),(2,2),(-1.E-02,0.),(
    -8.387380525102E-03,0.),.PIECEWISE_BEZIER_KNOTS.);
#2577 = CARTESIAN_POINT('',(-0.890471878144,-0.962416756127,0.8600001));
#2578 = CARTESIAN_POINT('',(-0.890471878144,-0.954029375602,0.8600001));
#2579 = CARTESIAN_POINT('',(-0.890471878144,-0.962416756127,0.8700001));
#2580 = CARTESIAN_POINT('',(-0.890471878144,-0.954029375602,0.8700001));
#2581 = ADVANCED_FACE('',(#2582),#2608,.F.);
#2582 = FACE_BOUND('',#2583,.F.);
#2583 = EDGE_LOOP('',(#2584,#2585,#2594,#2601));
#2584 = ORIENTED_EDGE('',*,*,#2564,.F.);
#2585 = ORIENTED_EDGE('',*,*,#2586,.T.);
#2586 = EDGE_CURVE('',#2565,#2587,#2589,.T.);
#2587 = VERTEX_POINT('',#2588);
#2588 = CARTESIAN_POINT('',(-0.907974469735,-0.958569651837,0.8700001));
#2589 = B_SPLINE_CURVE_WITH_KNOTS('',3,(#2590,#2591,#2592,#2593),
  .UNSPECIFIED.,.F.,.F.,(4,4),(12.,13.),.PIECEWISE_BEZIER_KNOTS.);
#2590 = CARTESIAN_POINT('',(-0.890471878144,-0.954029375602,0.8700001));
#2591 = CARTESIAN_POINT('',(-0.895428057545,-0.957044673559,0.8700001));
#2592 = CARTESIAN_POINT('',(-0.901268031175,-0.958569651837,0.8700001));
#2593 = CARTESIAN_POINT('',(-0.907974469735,-0.958569651837,0.8700001));
#2594 = ORIENTED_EDGE('',*,*,#2595,.T.);
#2595 = EDGE_CURVE('',#2587,#2596,#2598,.T.);
#2596 = VERTEX_POINT('',#2597);
#2597 = CARTESIAN_POINT('',(-0.907974469735,-0.958569651837,0.8600001));
#2598 = B_SPLINE_CURVE_WITH_KNOTS('',1,(#2599,#2600),.UNSPECIFIED.,.F.,
  .F.,(2,2),(-0.,1.E-02),.PIECEWISE_BEZIER_KNOTS.);
#2599 = CARTESIAN_POINT('',(-0.907974469735,-0.958569651837,0.8700001));
#2600 = CARTESIAN_POINT('',(-0.907974469735,-0.958569651837,0.8600001));
#2601 = ORIENTED_EDGE('',*,*,#2602,.F.);
#2602 = EDGE_CURVE('',#2558,#2596,#2603,.T.);
#2603 = B_SPLINE_CURVE_WITH_KNOTS('',3,(#2604,#2605,#2606,#2607),
  .UNSPECIFIED.,.F.,.F.,(4,4),(12.,13.),.PIECEWISE_BEZIER_KNOTS.);
#2604 = CARTESIAN_POINT('',(-0.890471878144,-0.954029375602,0.8600001));
#2605 = CARTESIAN_POINT('',(-0.895428057545,-0.957044673559,0.8600001));
#2606 = CARTESIAN_POINT('',(-0.901268031175,-0.958569651837,0.8600001));
#2607 = CARTESIAN_POINT('',(-0.907974469735,-0.958569651837,0.8600001));
#2608 = B_SPLINE_SURFACE_WITH_KNOTS('',3,1,(
    (#2609,#2610)
    ,(#2611,#2612)
    ,(#2613,#2614)
    ,(#2615,#2616
    )),.UNSPECIFIED.,.F.,.F.,.F.,(4,4),(2,2),(12.,13.),(0.,1.),
  .PIECEWISE_BEZIER_KNOTS.);
#2609 = CARTESIAN_POINT('',(-0.890471878144,-0.954029375602,0.8700001));
#2610 = CARTESIAN_POINT('',(-0.890471878144,-0.954029375602,0.8600001));
#2611 = CARTESIAN_POINT('',(-0.895428057545,-0.957044673559,0.8700001));
#2612 = CARTESIAN_POINT('',(-0.895428057545,-0.957044673559,0.8600001));
#2613 = CARTESIAN_POINT('',(-0.901268031175,-0.958569651837,0.8700001));
#2614 = CARTESIAN_POINT('',(-0.901268031175,-0.958569651837,0.8600001));
#2615 = CARTESIAN_POINT('',(-0.907974469735,-0.958569651837,0.8700001));
#2616 = CARTESIAN_POINT('',(-0.907974469735,-0.958569651837,0.8600001));
#2617 = ADVANCED_FACE('',(#2618),#2644,.F.);
#2618 = FACE_BOUND('',#2619,.F.);
#2619 = EDGE_LOOP('',(#2620,#2621,#2630,#2637));
#2620 = ORIENTED_EDGE('',*,*,#2595,.F.);
#2621 = ORIENTED_EDGE('',*,*,#2622,.T.);
#2622 = EDGE_CURVE('',#2587,#2623,#2625,.T.);
#2623 = VERTEX_POINT('',#2624);
#2624 = CARTESIAN_POINT('',(-0.925390414833,-0.951429980811,0.8700001));
#2625 = B_SPLINE_CURVE_WITH_KNOTS('',3,(#2626,#2627,#2628,#2629),
  .UNSPECIFIED.,.F.,.F.,(4,4),(11.,12.),.PIECEWISE_BEZIER_KNOTS.);
#2626 = CARTESIAN_POINT('',(-0.907974469735,-0.958569651837,0.8700001));
#2627 = CARTESIAN_POINT('',(-0.915148799358,-0.958569651837,0.8700001));
#2628 = CARTESIAN_POINT('',(-0.92095411439,-0.956178208629,0.8700001));
#2629 = CARTESIAN_POINT('',(-0.925390414833,-0.951429980811,0.8700001));
#2630 = ORIENTED_EDGE('',*,*,#2631,.T.);
#2631 = EDGE_CURVE('',#2623,#2632,#2634,.T.);
#2632 = VERTEX_POINT('',#2633);
#2633 = CARTESIAN_POINT('',(-0.925390414833,-0.951429980811,0.8600001));
#2634 = B_SPLINE_CURVE_WITH_KNOTS('',1,(#2635,#2636),.UNSPECIFIED.,.F.,
  .F.,(2,2),(-0.,1.E-02),.PIECEWISE_BEZIER_KNOTS.);
#2635 = CARTESIAN_POINT('',(-0.925390414833,-0.951429980811,0.8700001));
#2636 = CARTESIAN_POINT('',(-0.925390414833,-0.951429980811,0.8600001));
#2637 = ORIENTED_EDGE('',*,*,#2638,.F.);
#2638 = EDGE_CURVE('',#2596,#2632,#2639,.T.);
#2639 = B_SPLINE_CURVE_WITH_KNOTS('',3,(#2640,#2641,#2642,#2643),
  .UNSPECIFIED.,.F.,.F.,(4,4),(11.,12.),.PIECEWISE_BEZIER_KNOTS.);
#2640 = CARTESIAN_POINT('',(-0.907974469735,-0.958569651837,0.8600001));
#2641 = CARTESIAN_POINT('',(-0.915148799358,-0.958569651837,0.8600001));
#2642 = CARTESIAN_POINT('',(-0.92095411439,-0.956178208629,0.8600001));
#2643 = CARTESIAN_POINT('',(-0.925390414833,-0.951429980811,0.8600001));
#2644 = B_SPLINE_SURFACE_WITH_KNOTS('',3,1,(
    (#2645,#2646)
    ,(#2647,#2648)
    ,(#2649,#2650)
    ,(#2651,#2652
    )),.UNSPECIFIED.,.F.,.F.,.F.,(4,4),(2,2),(11.,12.),(0.,1.),
  .PIECEWISE_BEZIER_KNOTS.);
#2645 = CARTESIAN_POINT('',(-0.907974469735,-0.958569651837,0.8700001));
#2646 = CARTESIAN_POINT('',(-0.907974469735,-0.958569651837,0.8600001));
#2647 = CARTESIAN_POINT('',(-0.915148799358,-0.958569651837,0.8700001));
#2648 = CARTESIAN_POINT('',(-0.915148799358,-0.958569651837,0.8600001));
#2649 = CARTESIAN_POINT('',(-0.92095411439,-0.956178208629,0.8700001));
#2650 = CARTESIAN_POINT('',(-0.92095411439,-0.956178208629,0.8600001));
#2651 = CARTESIAN_POINT('',(-0.925390414833,-0.951429980811,0.8700001));
#2652 = CARTESIAN_POINT('',(-0.925390414833,-0.951429980811,0.8600001));
#2653 = ADVANCED_FACE('',(#2654),#2680,.F.);
#2654 = FACE_BOUND('',#2655,.F.);
#2655 = EDGE_LOOP('',(#2656,#2657,#2666,#2673));
#2656 = ORIENTED_EDGE('',*,*,#2631,.F.);
#2657 = ORIENTED_EDGE('',*,*,#2658,.T.);
#2658 = EDGE_CURVE('',#2623,#2659,#2661,.T.);
#2659 = VERTEX_POINT('',#2660);
#2660 = CARTESIAN_POINT('',(-0.932044865498,-0.932090483567,0.8700001));
#2661 = B_SPLINE_CURVE_WITH_KNOTS('',3,(#2662,#2663,#2664,#2665),
  .UNSPECIFIED.,.F.,.F.,(4,4),(10.,11.),.PIECEWISE_BEZIER_KNOTS.);
#2662 = CARTESIAN_POINT('',(-0.925390414833,-0.951429980811,0.8700001));
#2663 = CARTESIAN_POINT('',(-0.929826715276,-0.946647094396,0.8700001));
#2664 = CARTESIAN_POINT('',(-0.932044865498,-0.940200595315,0.8700001));
#2665 = CARTESIAN_POINT('',(-0.932044865498,-0.932090483567,0.8700001));
#2666 = ORIENTED_EDGE('',*,*,#2667,.T.);
#2667 = EDGE_CURVE('',#2659,#2668,#2670,.T.);
#2668 = VERTEX_POINT('',#2669);
#2669 = CARTESIAN_POINT('',(-0.932044865498,-0.932090483567,0.8600001));
#2670 = B_SPLINE_CURVE_WITH_KNOTS('',1,(#2671,#2672),.UNSPECIFIED.,.F.,
  .F.,(2,2),(-0.,1.E-02),.PIECEWISE_BEZIER_KNOTS.);
#2671 = CARTESIAN_POINT('',(-0.932044865498,-0.932090483567,0.8700001));
#2672 = CARTESIAN_POINT('',(-0.932044865498,-0.932090483567,0.8600001));
#2673 = ORIENTED_EDGE('',*,*,#2674,.F.);
#2674 = EDGE_CURVE('',#2632,#2668,#2675,.T.);
#2675 = B_SPLINE_CURVE_WITH_KNOTS('',3,(#2676,#2677,#2678,#2679),
  .UNSPECIFIED.,.F.,.F.,(4,4),(10.,11.),.PIECEWISE_BEZIER_KNOTS.);
#2676 = CARTESIAN_POINT('',(-0.925390414833,-0.951429980811,0.8600001));
#2677 = CARTESIAN_POINT('',(-0.929826715276,-0.946647094396,0.8600001));
#2678 = CARTESIAN_POINT('',(-0.932044865498,-0.940200595315,0.8600001));
#2679 = CARTESIAN_POINT('',(-0.932044865498,-0.932090483567,0.8600001));
#2680 = B_SPLINE_SURFACE_WITH_KNOTS('',3,1,(
    (#2681,#2682)
    ,(#2683,#2684)
    ,(#2685,#2686)
    ,(#2687,#2688
    )),.UNSPECIFIED.,.F.,.F.,.F.,(4,4),(2,2),(10.,11.),(0.,1.),
  .PIECEWISE_BEZIER_KNOTS.);
#2681 = CARTESIAN_POINT('',(-0.925390414833,-0.951429980811,0.8700001));
#2682 = CARTESIAN_POINT('',(-0.925390414833,-0.951429980811,0.8600001));
#2683 = CARTESIAN_POINT('',(-0.929826715276,-0.946647094396,0.8700001));
#2684 = CARTESIAN_POINT('',(-0.929826715276,-0.946647094396,0.8600001));
#2685 = CARTESIAN_POINT('',(-0.932044865498,-0.940200595315,0.8700001));
#2686 = CARTESIAN_POINT('',(-0.932044865498,-0.940200595315,0.8600001));
#2687 = CARTESIAN_POINT('',(-0.932044865498,-0.932090483567,0.8700001));
#2688 = CARTESIAN_POINT('',(-0.932044865498,-0.932090483567,0.8600001));
#2689 = ADVANCED_FACE('',(#2690),#2716,.F.);
#2690 = FACE_BOUND('',#2691,.F.);
#2691 = EDGE_LOOP('',(#2692,#2693,#2702,#2709));
#2692 = ORIENTED_EDGE('',*,*,#2667,.F.);
#2693 = ORIENTED_EDGE('',*,*,#2694,.T.);
#2694 = EDGE_CURVE('',#2659,#2695,#2697,.T.);
#2695 = VERTEX_POINT('',#2696);
#2696 = CARTESIAN_POINT('',(-0.924922523771,-0.911711228408,0.8700001));
#2697 = B_SPLINE_CURVE_WITH_KNOTS('',3,(#2698,#2699,#2700,#2701),
  .UNSPECIFIED.,.F.,.F.,(4,4),(9.,10.),.PIECEWISE_BEZIER_KNOTS.);
#2698 = CARTESIAN_POINT('',(-0.932044865498,-0.932090483567,0.8700001));
#2699 = CARTESIAN_POINT('',(-0.932044865498,-0.923564468654,0.8700001));
#2700 = CARTESIAN_POINT('',(-0.929670751589,-0.916771383601,0.8700001));
#2701 = CARTESIAN_POINT('',(-0.924922523771,-0.911711228408,0.8700001));
#2702 = ORIENTED_EDGE('',*,*,#2703,.T.);
#2703 = EDGE_CURVE('',#2695,#2704,#2706,.T.);
#2704 = VERTEX_POINT('',#2705);
#2705 = CARTESIAN_POINT('',(-0.924922523771,-0.911711228408,0.8600001));
#2706 = B_SPLINE_CURVE_WITH_KNOTS('',1,(#2707,#2708),.UNSPECIFIED.,.F.,
  .F.,(2,2),(-0.,1.E-02),.PIECEWISE_BEZIER_KNOTS.);
#2707 = CARTESIAN_POINT('',(-0.924922523771,-0.911711228408,0.8700001));
#2708 = CARTESIAN_POINT('',(-0.924922523771,-0.911711228408,0.8600001));
#2709 = ORIENTED_EDGE('',*,*,#2710,.F.);
#2710 = EDGE_CURVE('',#2668,#2704,#2711,.T.);
#2711 = B_SPLINE_CURVE_WITH_KNOTS('',3,(#2712,#2713,#2714,#2715),
  .UNSPECIFIED.,.F.,.F.,(4,4),(9.,10.),.PIECEWISE_BEZIER_KNOTS.);
#2712 = CARTESIAN_POINT('',(-0.932044865498,-0.932090483567,0.8600001));
#2713 = CARTESIAN_POINT('',(-0.932044865498,-0.923564468654,0.8600001));
#2714 = CARTESIAN_POINT('',(-0.929670751589,-0.916771383601,0.8600001));
#2715 = CARTESIAN_POINT('',(-0.924922523771,-0.911711228408,0.8600001));
#2716 = B_SPLINE_SURFACE_WITH_KNOTS('',3,1,(
    (#2717,#2718)
    ,(#2719,#2720)
    ,(#2721,#2722)
    ,(#2723,#2724
    )),.UNSPECIFIED.,.F.,.F.,.F.,(4,4),(2,2),(9.,10.),(0.,1.),
  .PIECEWISE_BEZIER_KNOTS.);
#2717 = CARTESIAN_POINT('',(-0.932044865498,-0.932090483567,0.8700001));
#2718 = CARTESIAN_POINT('',(-0.932044865498,-0.932090483567,0.8600001));
#2719 = CARTESIAN_POINT('',(-0.932044865498,-0.923564468654,0.8700001));
#2720 = CARTESIAN_POINT('',(-0.932044865498,-0.923564468654,0.8600001));
#2721 = CARTESIAN_POINT('',(-0.929670751589,-0.916771383601,0.8700001));
#2722 = CARTESIAN_POINT('',(-0.929670751589,-0.916771383601,0.8600001));
#2723 = CARTESIAN_POINT('',(-0.924922523771,-0.911711228408,0.8700001));
#2724 = CARTESIAN_POINT('',(-0.924922523771,-0.911711228408,0.8600001));
#2725 = ADVANCED_FACE('',(#2726),#2752,.F.);
#2726 = FACE_BOUND('',#2727,.F.);
#2727 = EDGE_LOOP('',(#2728,#2729,#2738,#2745));
#2728 = ORIENTED_EDGE('',*,*,#2703,.F.);
#2729 = ORIENTED_EDGE('',*,*,#2730,.T.);
#2730 = EDGE_CURVE('',#2695,#2731,#2733,.T.);
#2731 = VERTEX_POINT('',#2732);
#2732 = CARTESIAN_POINT('',(-0.906449491458,-0.904190312813,0.8700001));
#2733 = B_SPLINE_CURVE_WITH_KNOTS('',3,(#2734,#2735,#2736,#2737),
  .UNSPECIFIED.,.F.,.F.,(4,4),(8.,9.),.PIECEWISE_BEZIER_KNOTS.);
#2734 = CARTESIAN_POINT('',(-0.924922523771,-0.911711228408,0.8700001));
#2735 = CARTESIAN_POINT('',(-0.920156966655,-0.906685731812,0.8700001));
#2736 = CARTESIAN_POINT('',(-0.91400506565,-0.904190312813,0.8700001));
#2737 = CARTESIAN_POINT('',(-0.906449491458,-0.904190312813,0.8700001));
#2738 = ORIENTED_EDGE('',*,*,#2739,.T.);
#2739 = EDGE_CURVE('',#2731,#2740,#2742,.T.);
#2740 = VERTEX_POINT('',#2741);
#2741 = CARTESIAN_POINT('',(-0.906449491458,-0.904190312813,0.8600001));
#2742 = B_SPLINE_CURVE_WITH_KNOTS('',1,(#2743,#2744),.UNSPECIFIED.,.F.,
  .F.,(2,2),(-0.,1.E-02),.PIECEWISE_BEZIER_KNOTS.);
#2743 = CARTESIAN_POINT('',(-0.906449491458,-0.904190312813,0.8700001));
#2744 = CARTESIAN_POINT('',(-0.906449491458,-0.904190312813,0.8600001));
#2745 = ORIENTED_EDGE('',*,*,#2746,.F.);
#2746 = EDGE_CURVE('',#2704,#2740,#2747,.T.);
#2747 = B_SPLINE_CURVE_WITH_KNOTS('',3,(#2748,#2749,#2750,#2751),
  .UNSPECIFIED.,.F.,.F.,(4,4),(8.,9.),.PIECEWISE_BEZIER_KNOTS.);
#2748 = CARTESIAN_POINT('',(-0.924922523771,-0.911711228408,0.8600001));
#2749 = CARTESIAN_POINT('',(-0.920156966655,-0.906685731812,0.8600001));
#2750 = CARTESIAN_POINT('',(-0.91400506565,-0.904190312813,0.8600001));
#2751 = CARTESIAN_POINT('',(-0.906449491458,-0.904190312813,0.8600001));
#2752 = B_SPLINE_SURFACE_WITH_KNOTS('',3,1,(
    (#2753,#2754)
    ,(#2755,#2756)
    ,(#2757,#2758)
    ,(#2759,#2760
    )),.UNSPECIFIED.,.F.,.F.,.F.,(4,4),(2,2),(8.,9.),(0.,1.),
  .PIECEWISE_BEZIER_KNOTS.);
#2753 = CARTESIAN_POINT('',(-0.924922523771,-0.911711228408,0.8700001));
#2754 = CARTESIAN_POINT('',(-0.924922523771,-0.911711228408,0.8600001));
#2755 = CARTESIAN_POINT('',(-0.920156966655,-0.906685731812,0.8700001));
#2756 = CARTESIAN_POINT('',(-0.920156966655,-0.906685731812,0.8600001));
#2757 = CARTESIAN_POINT('',(-0.91400506565,-0.904190312813,0.8700001));
#2758 = CARTESIAN_POINT('',(-0.91400506565,-0.904190312813,0.8600001));
#2759 = CARTESIAN_POINT('',(-0.906449491458,-0.904190312813,0.8700001));
#2760 = CARTESIAN_POINT('',(-0.906449491458,-0.904190312813,0.8600001));
#2761 = ADVANCED_FACE('',(#2762),#2788,.F.);
#2762 = FACE_BOUND('',#2763,.F.);
#2763 = EDGE_LOOP('',(#2764,#2765,#2774,#2781));
#2764 = ORIENTED_EDGE('',*,*,#2739,.F.);
#2765 = ORIENTED_EDGE('',*,*,#2766,.T.);
#2766 = EDGE_CURVE('',#2731,#2767,#2769,.T.);
#2767 = VERTEX_POINT('',#2768);
#2768 = CARTESIAN_POINT('',(-0.890471878144,-0.908210710089,0.8700001));
#2769 = B_SPLINE_CURVE_WITH_KNOTS('',3,(#2770,#2771,#2772,#2773),
  .UNSPECIFIED.,.F.,.F.,(4,4),(7.,8.),.PIECEWISE_BEZIER_KNOTS.);
#2770 = CARTESIAN_POINT('',(-0.906449491458,-0.904190312813,0.8700001));
#2771 = CARTESIAN_POINT('',(-0.900644176425,-0.904190312813,0.8700001));
#2772 = CARTESIAN_POINT('',(-0.895324081753,-0.905507339507,0.8700001));
#2773 = CARTESIAN_POINT('',(-0.890471878144,-0.908210710089,0.8700001));
#2774 = ORIENTED_EDGE('',*,*,#2775,.T.);
#2775 = EDGE_CURVE('',#2767,#2776,#2778,.T.);
#2776 = VERTEX_POINT('',#2777);
#2777 = CARTESIAN_POINT('',(-0.890471878144,-0.908210710089,0.8600001));
#2778 = B_SPLINE_CURVE_WITH_KNOTS('',1,(#2779,#2780),.UNSPECIFIED.,.F.,
  .F.,(2,2),(-0.,1.E-02),.PIECEWISE_BEZIER_KNOTS.);
#2779 = CARTESIAN_POINT('',(-0.890471878144,-0.908210710089,0.8700001));
#2780 = CARTESIAN_POINT('',(-0.890471878144,-0.908210710089,0.8600001));
#2781 = ORIENTED_EDGE('',*,*,#2782,.F.);
#2782 = EDGE_CURVE('',#2740,#2776,#2783,.T.);
#2783 = B_SPLINE_CURVE_WITH_KNOTS('',3,(#2784,#2785,#2786,#2787),
  .UNSPECIFIED.,.F.,.F.,(4,4),(7.,8.),.PIECEWISE_BEZIER_KNOTS.);
#2784 = CARTESIAN_POINT('',(-0.906449491458,-0.904190312813,0.8600001));
#2785 = CARTESIAN_POINT('',(-0.900644176425,-0.904190312813,0.8600001));
#2786 = CARTESIAN_POINT('',(-0.895324081753,-0.905507339507,0.8600001));
#2787 = CARTESIAN_POINT('',(-0.890471878144,-0.908210710089,0.8600001));
#2788 = B_SPLINE_SURFACE_WITH_KNOTS('',3,1,(
    (#2789,#2790)
    ,(#2791,#2792)
    ,(#2793,#2794)
    ,(#2795,#2796
    )),.UNSPECIFIED.,.F.,.F.,.F.,(4,4),(2,2),(7.,8.),(0.,1.),
  .PIECEWISE_BEZIER_KNOTS.);
#2789 = CARTESIAN_POINT('',(-0.906449491458,-0.904190312813,0.8700001));
#2790 = CARTESIAN_POINT('',(-0.906449491458,-0.904190312813,0.8600001));
#2791 = CARTESIAN_POINT('',(-0.900644176425,-0.904190312813,0.8700001));
#2792 = CARTESIAN_POINT('',(-0.900644176425,-0.904190312813,0.8600001));
#2793 = CARTESIAN_POINT('',(-0.895324081753,-0.905507339507,0.8700001));
#2794 = CARTESIAN_POINT('',(-0.895324081753,-0.905507339507,0.8600001));
#2795 = CARTESIAN_POINT('',(-0.890471878144,-0.908210710089,0.8700001));
#2796 = CARTESIAN_POINT('',(-0.890471878144,-0.908210710089,0.8600001));
#2797 = ADVANCED_FACE('',(#2798),#2820,.F.);
#2798 = FACE_BOUND('',#2799,.T.);
#2799 = EDGE_LOOP('',(#2800,#2807,#2814,#2819));
#2800 = ORIENTED_EDGE('',*,*,#2801,.T.);
#2801 = EDGE_CURVE('',#2776,#2802,#2804,.T.);
#2802 = VERTEX_POINT('',#2803);
#2803 = CARTESIAN_POINT('',(-0.890471878144,-0.899060840426,0.8600001));
#2804 = B_SPLINE_CURVE_WITH_KNOTS('',1,(#2805,#2806),.UNSPECIFIED.,.F.,
  .F.,(2,2),(-9.149869663328E-03,0.),.PIECEWISE_BEZIER_KNOTS.);
#2805 = CARTESIAN_POINT('',(-0.890471878144,-0.908210710089,0.8600001));
#2806 = CARTESIAN_POINT('',(-0.890471878144,-0.899060840426,0.8600001));
#2807 = ORIENTED_EDGE('',*,*,#2808,.F.);
#2808 = EDGE_CURVE('',#2809,#2802,#2811,.T.);
#2809 = VERTEX_POINT('',#2810);
#2810 = CARTESIAN_POINT('',(-0.890471878144,-0.899060840426,0.8700001));
#2811 = B_SPLINE_CURVE_WITH_KNOTS('',1,(#2812,#2813),.UNSPECIFIED.,.F.,
  .F.,(2,2),(-0.,1.E-02),.PIECEWISE_BEZIER_KNOTS.);
#2812 = CARTESIAN_POINT('',(-0.890471878144,-0.899060840426,0.8700001));
#2813 = CARTESIAN_POINT('',(-0.890471878144,-0.899060840426,0.8600001));
#2814 = ORIENTED_EDGE('',*,*,#2815,.F.);
#2815 = EDGE_CURVE('',#2767,#2809,#2816,.T.);
#2816 = B_SPLINE_CURVE_WITH_KNOTS('',1,(#2817,#2818),.UNSPECIFIED.,.F.,
  .F.,(2,2),(-9.149869663328E-03,0.),.PIECEWISE_BEZIER_KNOTS.);
#2817 = CARTESIAN_POINT('',(-0.890471878144,-0.908210710089,0.8700001));
#2818 = CARTESIAN_POINT('',(-0.890471878144,-0.899060840426,0.8700001));
#2819 = ORIENTED_EDGE('',*,*,#2775,.T.);
#2820 = B_SPLINE_SURFACE_WITH_KNOTS('',1,1,(
    (#2821,#2822)
    ,(#2823,#2824)),.UNSPECIFIED.,.F.,.F.,.F.,(2,2),(2,2),(-1.E-02,0.),(
    -9.149869663328E-03,0.),.PIECEWISE_BEZIER_KNOTS.);
#2821 = CARTESIAN_POINT('',(-0.890471878144,-0.908210710089,0.8600001));
#2822 = CARTESIAN_POINT('',(-0.890471878144,-0.899060840426,0.8600001));
#2823 = CARTESIAN_POINT('',(-0.890471878144,-0.908210710089,0.8700001));
#2824 = CARTESIAN_POINT('',(-0.890471878144,-0.899060840426,0.8700001));
#2825 = ADVANCED_FACE('',(#2826),#2852,.F.);
#2826 = FACE_BOUND('',#2827,.F.);
#2827 = EDGE_LOOP('',(#2828,#2829,#2838,#2845));
#2828 = ORIENTED_EDGE('',*,*,#2808,.F.);
#2829 = ORIENTED_EDGE('',*,*,#2830,.T.);
#2830 = EDGE_CURVE('',#2809,#2831,#2833,.T.);
#2831 = VERTEX_POINT('',#2832);
#2832 = CARTESIAN_POINT('',(-0.906536137951,-0.896288152649,0.8700001));
#2833 = B_SPLINE_CURVE_WITH_KNOTS('',3,(#2834,#2835,#2836,#2837),
  .UNSPECIFIED.,.F.,.F.,(4,4),(5.,6.),.PIECEWISE_BEZIER_KNOTS.);
#2834 = CARTESIAN_POINT('',(-0.890471878144,-0.899060840426,0.8700001));
#2835 = CARTESIAN_POINT('',(-0.894700227003,-0.897223934774,0.8700001));
#2836 = CARTESIAN_POINT('',(-0.900054980273,-0.896288152649,0.8700001));
#2837 = CARTESIAN_POINT('',(-0.906536137951,-0.896288152649,0.8700001));
#2838 = ORIENTED_EDGE('',*,*,#2839,.T.);
#2839 = EDGE_CURVE('',#2831,#2840,#2842,.T.);
#2840 = VERTEX_POINT('',#2841);
#2841 = CARTESIAN_POINT('',(-0.906536137951,-0.896288152649,0.8600001));
#2842 = B_SPLINE_CURVE_WITH_KNOTS('',1,(#2843,#2844),.UNSPECIFIED.,.F.,
  .F.,(2,2),(-0.,1.E-02),.PIECEWISE_BEZIER_KNOTS.);
#2843 = CARTESIAN_POINT('',(-0.906536137951,-0.896288152649,0.8700001));
#2844 = CARTESIAN_POINT('',(-0.906536137951,-0.896288152649,0.8600001));
#2845 = ORIENTED_EDGE('',*,*,#2846,.F.);
#2846 = EDGE_CURVE('',#2802,#2840,#2847,.T.);
#2847 = B_SPLINE_CURVE_WITH_KNOTS('',3,(#2848,#2849,#2850,#2851),
  .UNSPECIFIED.,.F.,.F.,(4,4),(5.,6.),.PIECEWISE_BEZIER_KNOTS.);
#2848 = CARTESIAN_POINT('',(-0.890471878144,-0.899060840426,0.8600001));
#2849 = CARTESIAN_POINT('',(-0.894700227003,-0.897223934774,0.8600001));
#2850 = CARTESIAN_POINT('',(-0.900054980273,-0.896288152649,0.8600001));
#2851 = CARTESIAN_POINT('',(-0.906536137951,-0.896288152649,0.8600001));
#2852 = B_SPLINE_SURFACE_WITH_KNOTS('',3,1,(
    (#2853,#2854)
    ,(#2855,#2856)
    ,(#2857,#2858)
    ,(#2859,#2860
    )),.UNSPECIFIED.,.F.,.F.,.F.,(4,4),(2,2),(5.,6.),(0.,1.),
  .PIECEWISE_BEZIER_KNOTS.);
#2853 = CARTESIAN_POINT('',(-0.890471878144,-0.899060840426,0.8700001));
#2854 = CARTESIAN_POINT('',(-0.890471878144,-0.899060840426,0.8600001));
#2855 = CARTESIAN_POINT('',(-0.894700227003,-0.897223934774,0.8700001));
#2856 = CARTESIAN_POINT('',(-0.894700227003,-0.897223934774,0.8600001));
#2857 = CARTESIAN_POINT('',(-0.900054980273,-0.896288152649,0.8700001));
#2858 = CARTESIAN_POINT('',(-0.900054980273,-0.896288152649,0.8600001));
#2859 = CARTESIAN_POINT('',(-0.906536137951,-0.896288152649,0.8700001));
#2860 = CARTESIAN_POINT('',(-0.906536137951,-0.896288152649,0.8600001));
#2861 = ADVANCED_FACE('',(#2862),#2888,.F.);
#2862 = FACE_BOUND('',#2863,.F.);
#2863 = EDGE_LOOP('',(#2864,#2865,#2874,#2881));
#2864 = ORIENTED_EDGE('',*,*,#2839,.F.);
#2865 = ORIENTED_EDGE('',*,*,#2866,.T.);
#2866 = EDGE_CURVE('',#2831,#2867,#2869,.T.);
#2867 = VERTEX_POINT('',#2868);
#2868 = CARTESIAN_POINT('',(-0.931438340047,-0.906269828646,0.8700001));
#2869 = B_SPLINE_CURVE_WITH_KNOTS('',3,(#2870,#2871,#2872,#2873),
  .UNSPECIFIED.,.F.,.F.,(4,4),(4.,5.),.PIECEWISE_BEZIER_KNOTS.);
#2870 = CARTESIAN_POINT('',(-0.906536137951,-0.896288152649,0.8700001));
#2871 = CARTESIAN_POINT('',(-0.91660446044,-0.896288152649,0.8700001));
#2872 = CARTESIAN_POINT('',(-0.924905194472,-0.899615377981,0.8700001));
#2873 = CARTESIAN_POINT('',(-0.931438340047,-0.906269828646,0.8700001));
#2874 = ORIENTED_EDGE('',*,*,#2875,.T.);
#2875 = EDGE_CURVE('',#2867,#2876,#2878,.T.);
#2876 = VERTEX_POINT('',#2877);
#2877 = CARTESIAN_POINT('',(-0.931438340047,-0.906269828646,0.8600001));
#2878 = B_SPLINE_CURVE_WITH_KNOTS('',1,(#2879,#2880),.UNSPECIFIED.,.F.,
  .F.,(2,2),(-0.,1.E-02),.PIECEWISE_BEZIER_KNOTS.);
#2879 = CARTESIAN_POINT('',(-0.931438340047,-0.906269828646,0.8700001));
#2880 = CARTESIAN_POINT('',(-0.931438340047,-0.906269828646,0.8600001));
#2881 = ORIENTED_EDGE('',*,*,#2882,.F.);
#2882 = EDGE_CURVE('',#2840,#2876,#2883,.T.);
#2883 = B_SPLINE_CURVE_WITH_KNOTS('',3,(#2884,#2885,#2886,#2887),
  .UNSPECIFIED.,.F.,.F.,(4,4),(4.,5.),.PIECEWISE_BEZIER_KNOTS.);
#2884 = CARTESIAN_POINT('',(-0.906536137951,-0.896288152649,0.8600001));
#2885 = CARTESIAN_POINT('',(-0.91660446044,-0.896288152649,0.8600001));
#2886 = CARTESIAN_POINT('',(-0.924905194472,-0.899615377981,0.8600001));
#2887 = CARTESIAN_POINT('',(-0.931438340047,-0.906269828646,0.8600001));
#2888 = B_SPLINE_SURFACE_WITH_KNOTS('',3,1,(
    (#2889,#2890)
    ,(#2891,#2892)
    ,(#2893,#2894)
    ,(#2895,#2896
    )),.UNSPECIFIED.,.F.,.F.,.F.,(4,4),(2,2),(4.,5.),(0.,1.),
  .PIECEWISE_BEZIER_KNOTS.);
#2889 = CARTESIAN_POINT('',(-0.906536137951,-0.896288152649,0.8700001));
#2890 = CARTESIAN_POINT('',(-0.906536137951,-0.896288152649,0.8600001));
#2891 = CARTESIAN_POINT('',(-0.91660446044,-0.896288152649,0.8700001));
#2892 = CARTESIAN_POINT('',(-0.91660446044,-0.896288152649,0.8600001));
#2893 = CARTESIAN_POINT('',(-0.924905194472,-0.899615377981,0.8700001));
#2894 = CARTESIAN_POINT('',(-0.924905194472,-0.899615377981,0.8600001));
#2895 = CARTESIAN_POINT('',(-0.931438340047,-0.906269828646,0.8700001));
#2896 = CARTESIAN_POINT('',(-0.931438340047,-0.906269828646,0.8600001));
#2897 = ADVANCED_FACE('',(#2898),#2924,.F.);
#2898 = FACE_BOUND('',#2899,.F.);
#2899 = EDGE_LOOP('',(#2900,#2901,#2910,#2917));
#2900 = ORIENTED_EDGE('',*,*,#2875,.F.);
#2901 = ORIENTED_EDGE('',*,*,#2902,.T.);
#2902 = EDGE_CURVE('',#2867,#2903,#2905,.T.);
#2903 = VERTEX_POINT('',#2904);
#2904 = CARTESIAN_POINT('',(-0.941229393759,-0.932610362526,0.8700001));
#2905 = B_SPLINE_CURVE_WITH_KNOTS('',3,(#2906,#2907,#2908,#2909),
  .UNSPECIFIED.,.F.,.F.,(4,4),(3.,4.),.PIECEWISE_BEZIER_KNOTS.);
#2906 = CARTESIAN_POINT('',(-0.931438340047,-0.906269828646,0.8700001));
#2907 = CARTESIAN_POINT('',(-0.937971485621,-0.91292427931,0.8700001));
#2908 = CARTESIAN_POINT('',(-0.941229393759,-0.921692904404,0.8700001));
#2909 = CARTESIAN_POINT('',(-0.941229393759,-0.932610362526,0.8700001));
#2910 = ORIENTED_EDGE('',*,*,#2911,.T.);
#2911 = EDGE_CURVE('',#2903,#2912,#2914,.T.);
#2912 = VERTEX_POINT('',#2913);
#2913 = CARTESIAN_POINT('',(-0.941229393759,-0.932610362526,0.8600001));
#2914 = B_SPLINE_CURVE_WITH_KNOTS('',1,(#2915,#2916),.UNSPECIFIED.,.F.,
  .F.,(2,2),(-0.,1.E-02),.PIECEWISE_BEZIER_KNOTS.);
#2915 = CARTESIAN_POINT('',(-0.941229393759,-0.932610362526,0.8700001));
#2916 = CARTESIAN_POINT('',(-0.941229393759,-0.932610362526,0.8600001));
#2917 = ORIENTED_EDGE('',*,*,#2918,.F.);
#2918 = EDGE_CURVE('',#2876,#2912,#2919,.T.);
#2919 = B_SPLINE_CURVE_WITH_KNOTS('',3,(#2920,#2921,#2922,#2923),
  .UNSPECIFIED.,.F.,.F.,(4,4),(3.,4.),.PIECEWISE_BEZIER_KNOTS.);
#2920 = CARTESIAN_POINT('',(-0.931438340047,-0.906269828646,0.8600001));
#2921 = CARTESIAN_POINT('',(-0.937971485621,-0.91292427931,0.8600001));
#2922 = CARTESIAN_POINT('',(-0.941229393759,-0.921692904404,0.8600001));
#2923 = CARTESIAN_POINT('',(-0.941229393759,-0.932610362526,0.8600001));
#2924 = B_SPLINE_SURFACE_WITH_KNOTS('',3,1,(
    (#2925,#2926)
    ,(#2927,#2928)
    ,(#2929,#2930)
    ,(#2931,#2932
    )),.UNSPECIFIED.,.F.,.F.,.F.,(4,4),(2,2),(3.,4.),(0.,1.),
  .PIECEWISE_BEZIER_KNOTS.);
#2925 = CARTESIAN_POINT('',(-0.931438340047,-0.906269828646,0.8700001));
#2926 = CARTESIAN_POINT('',(-0.931438340047,-0.906269828646,0.8600001));
#2927 = CARTESIAN_POINT('',(-0.937971485621,-0.91292427931,0.8700001));
#2928 = CARTESIAN_POINT('',(-0.937971485621,-0.91292427931,0.8600001));
#2929 = CARTESIAN_POINT('',(-0.941229393759,-0.921692904404,0.8700001));
#2930 = CARTESIAN_POINT('',(-0.941229393759,-0.921692904404,0.8600001));
#2931 = CARTESIAN_POINT('',(-0.941229393759,-0.932610362526,0.8700001));
#2932 = CARTESIAN_POINT('',(-0.941229393759,-0.932610362526,0.8600001));
#2933 = ADVANCED_FACE('',(#2934),#2960,.F.);
#2934 = FACE_BOUND('',#2935,.F.);
#2935 = EDGE_LOOP('',(#2936,#2937,#2946,#2953));
#2936 = ORIENTED_EDGE('',*,*,#2911,.F.);
#2937 = ORIENTED_EDGE('',*,*,#2938,.T.);
#2938 = EDGE_CURVE('',#2903,#2939,#2941,.T.);
#2939 = VERTEX_POINT('',#2940);
#2940 = CARTESIAN_POINT('',(-0.932530085859,-0.957113990754,0.8700001));
#2941 = B_SPLINE_CURVE_WITH_KNOTS('',3,(#2942,#2943,#2944,#2945),
  .UNSPECIFIED.,.F.,.F.,(4,4),(2.,3.),.PIECEWISE_BEZIER_KNOTS.);
#2942 = CARTESIAN_POINT('',(-0.941229393759,-0.932610362526,0.8700001));
#2943 = CARTESIAN_POINT('',(-0.941229393759,-0.942765331509,0.8700001));
#2944 = CARTESIAN_POINT('',(-0.938335400892,-0.95094476045,0.8700001));
#2945 = CARTESIAN_POINT('',(-0.932530085859,-0.957113990754,0.8700001));
#2946 = ORIENTED_EDGE('',*,*,#2947,.T.);
#2947 = EDGE_CURVE('',#2939,#2948,#2950,.T.);
#2948 = VERTEX_POINT('',#2949);
#2949 = CARTESIAN_POINT('',(-0.932530085859,-0.957113990754,0.8600001));
#2950 = B_SPLINE_CURVE_WITH_KNOTS('',1,(#2951,#2952),.UNSPECIFIED.,.F.,
  .F.,(2,2),(-0.,1.E-02),.PIECEWISE_BEZIER_KNOTS.);
#2951 = CARTESIAN_POINT('',(-0.932530085859,-0.957113990754,0.8700001));
#2952 = CARTESIAN_POINT('',(-0.932530085859,-0.957113990754,0.8600001));
#2953 = ORIENTED_EDGE('',*,*,#2954,.F.);
#2954 = EDGE_CURVE('',#2912,#2948,#2955,.T.);
#2955 = B_SPLINE_CURVE_WITH_KNOTS('',3,(#2956,#2957,#2958,#2959),
  .UNSPECIFIED.,.F.,.F.,(4,4),(2.,3.),.PIECEWISE_BEZIER_KNOTS.);
#2956 = CARTESIAN_POINT('',(-0.941229393759,-0.932610362526,0.8600001));
#2957 = CARTESIAN_POINT('',(-0.941229393759,-0.942765331509,0.8600001));
#2958 = CARTESIAN_POINT('',(-0.938335400892,-0.95094476045,0.8600001));
#2959 = CARTESIAN_POINT('',(-0.932530085859,-0.957113990754,0.8600001));
#2960 = B_SPLINE_SURFACE_WITH_KNOTS('',3,1,(
    (#2961,#2962)
    ,(#2963,#2964)
    ,(#2965,#2966)
    ,(#2967,#2968
    )),.UNSPECIFIED.,.F.,.F.,.F.,(4,4),(2,2),(2.,3.),(0.,1.),
  .PIECEWISE_BEZIER_KNOTS.);
#2961 = CARTESIAN_POINT('',(-0.941229393759,-0.932610362526,0.8700001));
#2962 = CARTESIAN_POINT('',(-0.941229393759,-0.932610362526,0.8600001));
#2963 = CARTESIAN_POINT('',(-0.941229393759,-0.942765331509,0.8700001));
#2964 = CARTESIAN_POINT('',(-0.941229393759,-0.942765331509,0.8600001));
#2965 = CARTESIAN_POINT('',(-0.938335400892,-0.95094476045,0.8700001));
#2966 = CARTESIAN_POINT('',(-0.938335400892,-0.95094476045,0.8600001));
#2967 = CARTESIAN_POINT('',(-0.932530085859,-0.957113990754,0.8700001));
#2968 = CARTESIAN_POINT('',(-0.932530085859,-0.957113990754,0.8600001));
#2969 = ADVANCED_FACE('',(#2970),#2988,.F.);
#2970 = FACE_BOUND('',#2971,.F.);
#2971 = EDGE_LOOP('',(#2972,#2973,#2980,#2981));
#2972 = ORIENTED_EDGE('',*,*,#2947,.F.);
#2973 = ORIENTED_EDGE('',*,*,#2974,.T.);
#2974 = EDGE_CURVE('',#2939,#2514,#2975,.T.);
#2975 = B_SPLINE_CURVE_WITH_KNOTS('',3,(#2976,#2977,#2978,#2979),
  .UNSPECIFIED.,.F.,.F.,(4,4),(1.,2.),.PIECEWISE_BEZIER_KNOTS.);
#2976 = CARTESIAN_POINT('',(-0.932530085859,-0.957113990754,0.8700001));
#2977 = CARTESIAN_POINT('',(-0.926724770826,-0.963283221057,0.8700001));
#2978 = CARTESIAN_POINT('',(-0.918961245051,-0.966367836209,0.8700001));
#2979 = CARTESIAN_POINT('',(-0.909239508533,-0.966367836209,0.8700001));
#2980 = ORIENTED_EDGE('',*,*,#2513,.T.);
#2981 = ORIENTED_EDGE('',*,*,#2982,.F.);
#2982 = EDGE_CURVE('',#2948,#2516,#2983,.T.);
#2983 = B_SPLINE_CURVE_WITH_KNOTS('',3,(#2984,#2985,#2986,#2987),
  .UNSPECIFIED.,.F.,.F.,(4,4),(1.,2.),.PIECEWISE_BEZIER_KNOTS.);
#2984 = CARTESIAN_POINT('',(-0.932530085859,-0.957113990754,0.8600001));
#2985 = CARTESIAN_POINT('',(-0.926724770826,-0.963283221057,0.8600001));
#2986 = CARTESIAN_POINT('',(-0.918961245051,-0.966367836209,0.8600001));
#2987 = CARTESIAN_POINT('',(-0.909239508533,-0.966367836209,0.8600001));
#2988 = B_SPLINE_SURFACE_WITH_KNOTS('',3,1,(
    (#2989,#2990)
    ,(#2991,#2992)
    ,(#2993,#2994)
    ,(#2995,#2996
    )),.UNSPECIFIED.,.F.,.F.,.F.,(4,4),(2,2),(1.,2.),(0.,1.),
  .PIECEWISE_BEZIER_KNOTS.);
#2989 = CARTESIAN_POINT('',(-0.932530085859,-0.957113990754,0.8700001));
#2990 = CARTESIAN_POINT('',(-0.932530085859,-0.957113990754,0.8600001));
#2991 = CARTESIAN_POINT('',(-0.926724770826,-0.963283221057,0.8700001));
#2992 = CARTESIAN_POINT('',(-0.926724770826,-0.963283221057,0.8600001));
#2993 = CARTESIAN_POINT('',(-0.918961245051,-0.966367836209,0.8700001));
#2994 = CARTESIAN_POINT('',(-0.918961245051,-0.966367836209,0.8600001));
#2995 = CARTESIAN_POINT('',(-0.909239508533,-0.966367836209,0.8700001));
#2996 = CARTESIAN_POINT('',(-0.909239508533,-0.966367836209,0.8600001));
#2997 = ADVANCED_FACE('',(#2998),#3014,.T.);
#2998 = FACE_BOUND('',#2999,.T.);
#2999 = EDGE_LOOP('',(#3000,#3001,#3002,#3003,#3004,#3005,#3006,#3007,
    #3008,#3009,#3010,#3011,#3012,#3013));
#3000 = ORIENTED_EDGE('',*,*,#2522,.T.);
#3001 = ORIENTED_EDGE('',*,*,#2571,.T.);
#3002 = ORIENTED_EDGE('',*,*,#2586,.T.);
#3003 = ORIENTED_EDGE('',*,*,#2622,.T.);
#3004 = ORIENTED_EDGE('',*,*,#2658,.T.);
#3005 = ORIENTED_EDGE('',*,*,#2694,.T.);
#3006 = ORIENTED_EDGE('',*,*,#2730,.T.);
#3007 = ORIENTED_EDGE('',*,*,#2766,.T.);
#3008 = ORIENTED_EDGE('',*,*,#2815,.T.);
#3009 = ORIENTED_EDGE('',*,*,#2830,.T.);
#3010 = ORIENTED_EDGE('',*,*,#2866,.T.);
#3011 = ORIENTED_EDGE('',*,*,#2902,.T.);
#3012 = ORIENTED_EDGE('',*,*,#2938,.T.);
#3013 = ORIENTED_EDGE('',*,*,#2974,.T.);
#3014 = B_SPLINE_SURFACE_WITH_KNOTS('',1,1,(
    (#3015,#3016)
    ,(#3017,#3018
    )),.UNSPECIFIED.,.F.,.F.,.F.,(2,2),(2,2),(-4.232247951881E-02,
    8.435036096212E-03),(-9.877700204729E-04,6.909191353937E-02),
  .PIECEWISE_BEZIER_KNOTS.);
#3015 = CARTESIAN_POINT('',(-0.941229393759,-0.966367836209,0.8700001));
#3016 = CARTESIAN_POINT('',(-0.941229393759,-0.896288152649,0.8700001));
#3017 = CARTESIAN_POINT('',(-0.890471878144,-0.966367836209,0.8700001));
#3018 = CARTESIAN_POINT('',(-0.890471878144,-0.896288152649,0.8700001));
#3019 = ADVANCED_FACE('',(#3020),#3036,.F.);
#3020 = FACE_BOUND('',#3021,.T.);
#3021 = EDGE_LOOP('',(#3022,#3023,#3024,#3025,#3026,#3027,#3028,#3029,
    #3030,#3031,#3032,#3033,#3034,#3035));
#3022 = ORIENTED_EDGE('',*,*,#2538,.F.);
#3023 = ORIENTED_EDGE('',*,*,#2982,.F.);
#3024 = ORIENTED_EDGE('',*,*,#2954,.F.);
#3025 = ORIENTED_EDGE('',*,*,#2918,.F.);
#3026 = ORIENTED_EDGE('',*,*,#2882,.F.);
#3027 = ORIENTED_EDGE('',*,*,#2846,.F.);
#3028 = ORIENTED_EDGE('',*,*,#2801,.F.);
#3029 = ORIENTED_EDGE('',*,*,#2782,.F.);
#3030 = ORIENTED_EDGE('',*,*,#2746,.F.);
#3031 = ORIENTED_EDGE('',*,*,#2710,.F.);
#3032 = ORIENTED_EDGE('',*,*,#2674,.F.);
#3033 = ORIENTED_EDGE('',*,*,#2638,.F.);
#3034 = ORIENTED_EDGE('',*,*,#2602,.F.);
#3035 = ORIENTED_EDGE('',*,*,#2557,.F.);
#3036 = B_SPLINE_SURFACE_WITH_KNOTS('',1,1,(
    (#3037,#3038)
    ,(#3039,#3040
    )),.UNSPECIFIED.,.F.,.F.,.F.,(2,2),(2,2),(-4.232247951881E-02,
    8.435036096212E-03),(-9.877700204729E-04,6.909191353937E-02),
  .PIECEWISE_BEZIER_KNOTS.);
#3037 = CARTESIAN_POINT('',(-0.941229393759,-0.966367836209,0.8600001));
#3038 = CARTESIAN_POINT('',(-0.941229393759,-0.896288152649,0.8600001));
#3039 = CARTESIAN_POINT('',(-0.890471878144,-0.966367836209,0.8600001));
#3040 = CARTESIAN_POINT('',(-0.890471878144,-0.896288152649,0.8600001));
#3041 = MANIFOLD_SOLID_BREP('',#3042);
#3042 = CLOSED_SHELL('',(#3043,#3079,#3107,#3135,#3163,#3191,#3219,#3247
    ,#3275,#3303,#3331,#3359,#3379,#3399));
#3043 = ADVANCED_FACE('',(#3044),#3074,.F.);
#3044 = FACE_BOUND('',#3045,.T.);
#3045 = EDGE_LOOP('',(#3046,#3055,#3062,#3069));
#3046 = ORIENTED_EDGE('',*,*,#3047,.T.);
#3047 = EDGE_CURVE('',#3048,#3050,#3052,.T.);
#3048 = VERTEX_POINT('',#3049);
#3049 = CARTESIAN_POINT('',(-0.84044219307,-0.965224102501,0.8600001));
#3050 = VERTEX_POINT('',#3051);
#3051 = CARTESIAN_POINT('',(-0.84044219307,-0.957495235323,0.8600001));
#3052 = B_SPLINE_CURVE_WITH_KNOTS('',1,(#3053,#3054),.UNSPECIFIED.,.F.,
  .F.,(2,2),(-7.728867177928E-03,0.),.PIECEWISE_BEZIER_KNOTS.);
#3053 = CARTESIAN_POINT('',(-0.84044219307,-0.965224102501,0.8600001));
#3054 = CARTESIAN_POINT('',(-0.84044219307,-0.957495235323,0.8600001));
#3055 = ORIENTED_EDGE('',*,*,#3056,.F.);
#3056 = EDGE_CURVE('',#3057,#3050,#3059,.T.);
#3057 = VERTEX_POINT('',#3058);
#3058 = CARTESIAN_POINT('',(-0.84044219307,-0.957495235323,0.8700001));
#3059 = B_SPLINE_CURVE_WITH_KNOTS('',1,(#3060,#3061),.UNSPECIFIED.,.F.,
  .F.,(2,2),(-0.,1.E-02),.PIECEWISE_BEZIER_KNOTS.);
#3060 = CARTESIAN_POINT('',(-0.84044219307,-0.957495235323,0.8700001));
#3061 = CARTESIAN_POINT('',(-0.84044219307,-0.957495235323,0.8600001));
#3062 = ORIENTED_EDGE('',*,*,#3063,.F.);
#3063 = EDGE_CURVE('',#3064,#3057,#3066,.T.);
#3064 = VERTEX_POINT('',#3065);
#3065 = CARTESIAN_POINT('',(-0.84044219307,-0.965224102501,0.8700001));
#3066 = B_SPLINE_CURVE_WITH_KNOTS('',1,(#3067,#3068),.UNSPECIFIED.,.F.,
  .F.,(2,2),(-7.728867177928E-03,0.),.PIECEWISE_BEZIER_KNOTS.);
#3067 = CARTESIAN_POINT('',(-0.84044219307,-0.965224102501,0.8700001));
#3068 = CARTESIAN_POINT('',(-0.84044219307,-0.957495235323,0.8700001));
#3069 = ORIENTED_EDGE('',*,*,#3070,.T.);
#3070 = EDGE_CURVE('',#3064,#3048,#3071,.T.);
#3071 = B_SPLINE_CURVE_WITH_KNOTS('',1,(#3072,#3073),.UNSPECIFIED.,.F.,
  .F.,(2,2),(-0.,1.E-02),.PIECEWISE_BEZIER_KNOTS.);
#3072 = CARTESIAN_POINT('',(-0.84044219307,-0.965224102501,0.8700001));
#3073 = CARTESIAN_POINT('',(-0.84044219307,-0.965224102501,0.8600001));
#3074 = B_SPLINE_SURFACE_WITH_KNOTS('',1,1,(
    (#3075,#3076)
    ,(#3077,#3078)),.UNSPECIFIED.,.F.,.F.,.F.,(2,2),(2,2),(-1.E-02,0.),(
    -7.728867177928E-03,0.),.PIECEWISE_BEZIER_KNOTS.);
#3075 = CARTESIAN_POINT('',(-0.84044219307,-0.965224102501,0.8600001));
#3076 = CARTESIAN_POINT('',(-0.84044219307,-0.957495235323,0.8600001));
#3077 = CARTESIAN_POINT('',(-0.84044219307,-0.965224102501,0.8700001));
#3078 = CARTESIAN_POINT('',(-0.84044219307,-0.957495235323,0.8700001));
#3079 = ADVANCED_FACE('',(#3080),#3102,.F.);
#3080 = FACE_BOUND('',#3081,.T.);
#3081 = EDGE_LOOP('',(#3082,#3089,#3096,#3101));
#3082 = ORIENTED_EDGE('',*,*,#3083,.T.);
#3083 = EDGE_CURVE('',#3050,#3084,#3086,.T.);
#3084 = VERTEX_POINT('',#3085);
#3085 = CARTESIAN_POINT('',(-0.86815174154,-0.957495235323,0.8600001));
#3086 = B_SPLINE_CURVE_WITH_KNOTS('',1,(#3087,#3088),.UNSPECIFIED.,.F.,
  .F.,(2,2),(-2.770954846969E-02,-0.),.PIECEWISE_BEZIER_KNOTS.);
#3087 = CARTESIAN_POINT('',(-0.84044219307,-0.957495235323,0.8600001));
#3088 = CARTESIAN_POINT('',(-0.86815174154,-0.957495235323,0.8600001));
#3089 = ORIENTED_EDGE('',*,*,#3090,.F.);
#3090 = EDGE_CURVE('',#3091,#3084,#3093,.T.);
#3091 = VERTEX_POINT('',#3092);
#3092 = CARTESIAN_POINT('',(-0.86815174154,-0.957495235323,0.8700001));
#3093 = B_SPLINE_CURVE_WITH_KNOTS('',1,(#3094,#3095),.UNSPECIFIED.,.F.,
  .F.,(2,2),(-0.,1.E-02),.PIECEWISE_BEZIER_KNOTS.);
#3094 = CARTESIAN_POINT('',(-0.86815174154,-0.957495235323,0.8700001));
#3095 = CARTESIAN_POINT('',(-0.86815174154,-0.957495235323,0.8600001));
#3096 = ORIENTED_EDGE('',*,*,#3097,.F.);
#3097 = EDGE_CURVE('',#3057,#3091,#3098,.T.);
#3098 = B_SPLINE_CURVE_WITH_KNOTS('',1,(#3099,#3100),.UNSPECIFIED.,.F.,
  .F.,(2,2),(-2.770954846969E-02,-0.),.PIECEWISE_BEZIER_KNOTS.);
#3099 = CARTESIAN_POINT('',(-0.84044219307,-0.957495235323,0.8700001));
#3100 = CARTESIAN_POINT('',(-0.86815174154,-0.957495235323,0.8700001));
#3101 = ORIENTED_EDGE('',*,*,#3056,.T.);
#3102 = B_SPLINE_SURFACE_WITH_KNOTS('',1,1,(
    (#3103,#3104)
    ,(#3105,#3106
    )),.UNSPECIFIED.,.F.,.F.,.F.,(2,2),(2,2),(0.,1.E-02),(0.,
    2.770954846969E-02),.PIECEWISE_BEZIER_KNOTS.);
#3103 = CARTESIAN_POINT('',(-0.86815174154,-0.957495235323,0.8700001));
#3104 = CARTESIAN_POINT('',(-0.84044219307,-0.957495235323,0.8700001));
#3105 = CARTESIAN_POINT('',(-0.86815174154,-0.957495235323,0.8600001));
#3106 = CARTESIAN_POINT('',(-0.84044219307,-0.957495235323,0.8600001));
#3107 = ADVANCED_FACE('',(#3108),#3130,.F.);
#3108 = FACE_BOUND('',#3109,.T.);
#3109 = EDGE_LOOP('',(#3110,#3117,#3124,#3129));
#3110 = ORIENTED_EDGE('',*,*,#3111,.T.);
#3111 = EDGE_CURVE('',#3084,#3112,#3114,.T.);
#3112 = VERTEX_POINT('',#3113);
#3113 = CARTESIAN_POINT('',(-0.86815174154,-0.934689878358,0.8600001));
#3114 = B_SPLINE_CURVE_WITH_KNOTS('',1,(#3115,#3116),.UNSPECIFIED.,.F.,
  .F.,(2,2),(-2.280535696444E-02,0.),.PIECEWISE_BEZIER_KNOTS.);
#3115 = CARTESIAN_POINT('',(-0.86815174154,-0.957495235323,0.8600001));
#3116 = CARTESIAN_POINT('',(-0.86815174154,-0.934689878358,0.8600001));
#3117 = ORIENTED_EDGE('',*,*,#3118,.F.);
#3118 = EDGE_CURVE('',#3119,#3112,#3121,.T.);
#3119 = VERTEX_POINT('',#3120);
#3120 = CARTESIAN_POINT('',(-0.86815174154,-0.934689878358,0.8700001));
#3121 = B_SPLINE_CURVE_WITH_KNOTS('',1,(#3122,#3123),.UNSPECIFIED.,.F.,
  .F.,(2,2),(-0.,1.E-02),.PIECEWISE_BEZIER_KNOTS.);
#3122 = CARTESIAN_POINT('',(-0.86815174154,-0.934689878358,0.8700001));
#3123 = CARTESIAN_POINT('',(-0.86815174154,-0.934689878358,0.8600001));
#3124 = ORIENTED_EDGE('',*,*,#3125,.F.);
#3125 = EDGE_CURVE('',#3091,#3119,#3126,.T.);
#3126 = B_SPLINE_CURVE_WITH_KNOTS('',1,(#3127,#3128),.UNSPECIFIED.,.F.,
  .F.,(2,2),(-2.280535696444E-02,0.),.PIECEWISE_BEZIER_KNOTS.);
#3127 = CARTESIAN_POINT('',(-0.86815174154,-0.957495235323,0.8700001));
#3128 = CARTESIAN_POINT('',(-0.86815174154,-0.934689878358,0.8700001));
#3129 = ORIENTED_EDGE('',*,*,#3090,.T.);
#3130 = B_SPLINE_SURFACE_WITH_KNOTS('',1,1,(
    (#3131,#3132)
    ,(#3133,#3134)),.UNSPECIFIED.,.F.,.F.,.F.,(2,2),(2,2),(-1.E-02,0.),(
    -2.280535696444E-02,0.),.PIECEWISE_BEZIER_KNOTS.);
#3131 = CARTESIAN_POINT('',(-0.86815174154,-0.957495235323,0.8600001));
#3132 = CARTESIAN_POINT('',(-0.86815174154,-0.934689878358,0.8600001));
#3133 = CARTESIAN_POINT('',(-0.86815174154,-0.957495235323,0.8700001));
#3134 = CARTESIAN_POINT('',(-0.86815174154,-0.934689878358,0.8700001));
#3135 = ADVANCED_FACE('',(#3136),#3158,.F.);
#3136 = FACE_BOUND('',#3137,.T.);
#3137 = EDGE_LOOP('',(#3138,#3145,#3152,#3157));
#3138 = ORIENTED_EDGE('',*,*,#3139,.T.);
#3139 = EDGE_CURVE('',#3112,#3140,#3142,.T.);
#3140 = VERTEX_POINT('',#3141);
#3141 = CARTESIAN_POINT('',(-0.843908052791,-0.934689878358,0.8600001));
#3142 = B_SPLINE_CURVE_WITH_KNOTS('',1,(#3143,#3144),.UNSPECIFIED.,.F.,
  .F.,(2,2),(-2.424368874866E-02,0.),.PIECEWISE_BEZIER_KNOTS.);
#3143 = CARTESIAN_POINT('',(-0.86815174154,-0.934689878358,0.8600001));
#3144 = CARTESIAN_POINT('',(-0.843908052791,-0.934689878358,0.8600001));
#3145 = ORIENTED_EDGE('',*,*,#3146,.F.);
#3146 = EDGE_CURVE('',#3147,#3140,#3149,.T.);
#3147 = VERTEX_POINT('',#3148);
#3148 = CARTESIAN_POINT('',(-0.843908052791,-0.934689878358,0.8700001));
#3149 = B_SPLINE_CURVE_WITH_KNOTS('',1,(#3150,#3151),.UNSPECIFIED.,.F.,
  .F.,(2,2),(-0.,1.E-02),.PIECEWISE_BEZIER_KNOTS.);
#3150 = CARTESIAN_POINT('',(-0.843908052791,-0.934689878358,0.8700001));
#3151 = CARTESIAN_POINT('',(-0.843908052791,-0.934689878358,0.8600001));
#3152 = ORIENTED_EDGE('',*,*,#3153,.F.);
#3153 = EDGE_CURVE('',#3119,#3147,#3154,.T.);
#3154 = B_SPLINE_CURVE_WITH_KNOTS('',1,(#3155,#3156),.UNSPECIFIED.,.F.,
  .F.,(2,2),(-2.424368874866E-02,0.),.PIECEWISE_BEZIER_KNOTS.);
#3155 = CARTESIAN_POINT('',(-0.86815174154,-0.934689878358,0.8700001));
#3156 = CARTESIAN_POINT('',(-0.843908052791,-0.934689878358,0.8700001));
#3157 = ORIENTED_EDGE('',*,*,#3118,.T.);
#3158 = B_SPLINE_SURFACE_WITH_KNOTS('',1,1,(
    (#3159,#3160)
    ,(#3161,#3162)),.UNSPECIFIED.,.F.,.F.,.F.,(2,2),(2,2),(-1.E-02,0.),(
    -2.424368874866E-02,0.),.PIECEWISE_BEZIER_KNOTS.);
#3159 = CARTESIAN_POINT('',(-0.86815174154,-0.934689878358,0.8600001));
#3160 = CARTESIAN_POINT('',(-0.843908052791,-0.934689878358,0.8600001));
#3161 = CARTESIAN_POINT('',(-0.86815174154,-0.934689878358,0.8700001));
#3162 = CARTESIAN_POINT('',(-0.843908052791,-0.934689878358,0.8700001));
#3163 = ADVANCED_FACE('',(#3164),#3186,.F.);
#3164 = FACE_BOUND('',#3165,.T.);
#3165 = EDGE_LOOP('',(#3166,#3173,#3180,#3185));
#3166 = ORIENTED_EDGE('',*,*,#3167,.T.);
#3167 = EDGE_CURVE('',#3140,#3168,#3170,.T.);
#3168 = VERTEX_POINT('',#3169);
#3169 = CARTESIAN_POINT('',(-0.843908052791,-0.926926352583,0.8600001));
#3170 = B_SPLINE_CURVE_WITH_KNOTS('',1,(#3171,#3172),.UNSPECIFIED.,.F.,
  .F.,(2,2),(-7.763525775099E-03,0.),.PIECEWISE_BEZIER_KNOTS.);
#3171 = CARTESIAN_POINT('',(-0.843908052791,-0.934689878358,0.8600001));
#3172 = CARTESIAN_POINT('',(-0.843908052791,-0.926926352583,0.8600001));
#3173 = ORIENTED_EDGE('',*,*,#3174,.F.);
#3174 = EDGE_CURVE('',#3175,#3168,#3177,.T.);
#3175 = VERTEX_POINT('',#3176);
#3176 = CARTESIAN_POINT('',(-0.843908052791,-0.926926352583,0.8700001));
#3177 = B_SPLINE_CURVE_WITH_KNOTS('',1,(#3178,#3179),.UNSPECIFIED.,.F.,
  .F.,(2,2),(-0.,1.E-02),.PIECEWISE_BEZIER_KNOTS.);
#3178 = CARTESIAN_POINT('',(-0.843908052791,-0.926926352583,0.8700001));
#3179 = CARTESIAN_POINT('',(-0.843908052791,-0.926926352583,0.8600001));
#3180 = ORIENTED_EDGE('',*,*,#3181,.F.);
#3181 = EDGE_CURVE('',#3147,#3175,#3182,.T.);
#3182 = B_SPLINE_CURVE_WITH_KNOTS('',1,(#3183,#3184),.UNSPECIFIED.,.F.,
  .F.,(2,2),(-7.763525775099E-03,0.),.PIECEWISE_BEZIER_KNOTS.);
#3183 = CARTESIAN_POINT('',(-0.843908052791,-0.934689878358,0.8700001));
#3184 = CARTESIAN_POINT('',(-0.843908052791,-0.926926352583,0.8700001));
#3185 = ORIENTED_EDGE('',*,*,#3146,.T.);
#3186 = B_SPLINE_SURFACE_WITH_KNOTS('',1,1,(
    (#3187,#3188)
    ,(#3189,#3190)),.UNSPECIFIED.,.F.,.F.,.F.,(2,2),(2,2),(-1.E-02,0.),(
    -7.763525775099E-03,0.),.PIECEWISE_BEZIER_KNOTS.);
#3187 = CARTESIAN_POINT('',(-0.843908052791,-0.934689878358,0.8600001));
#3188 = CARTESIAN_POINT('',(-0.843908052791,-0.926926352583,0.8600001));
#3189 = CARTESIAN_POINT('',(-0.843908052791,-0.934689878358,0.8700001));
#3190 = CARTESIAN_POINT('',(-0.843908052791,-0.926926352583,0.8700001));
#3191 = ADVANCED_FACE('',(#3192),#3214,.F.);
#3192 = FACE_BOUND('',#3193,.T.);
#3193 = EDGE_LOOP('',(#3194,#3201,#3208,#3213));
#3194 = ORIENTED_EDGE('',*,*,#3195,.T.);
#3195 = EDGE_CURVE('',#3168,#3196,#3198,.T.);
#3196 = VERTEX_POINT('',#3197);
#3197 = CARTESIAN_POINT('',(-0.86815174154,-0.926926352583,0.8600001));
#3198 = B_SPLINE_CURVE_WITH_KNOTS('',1,(#3199,#3200),.UNSPECIFIED.,.F.,
  .F.,(2,2),(-2.424368874866E-02,-0.),.PIECEWISE_BEZIER_KNOTS.);
#3199 = CARTESIAN_POINT('',(-0.843908052791,-0.926926352583,0.8600001));
#3200 = CARTESIAN_POINT('',(-0.86815174154,-0.926926352583,0.8600001));
#3201 = ORIENTED_EDGE('',*,*,#3202,.F.);
#3202 = EDGE_CURVE('',#3203,#3196,#3205,.T.);
#3203 = VERTEX_POINT('',#3204);
#3204 = CARTESIAN_POINT('',(-0.86815174154,-0.926926352583,0.8700001));
#3205 = B_SPLINE_CURVE_WITH_KNOTS('',1,(#3206,#3207),.UNSPECIFIED.,.F.,
  .F.,(2,2),(-0.,1.E-02),.PIECEWISE_BEZIER_KNOTS.);
#3206 = CARTESIAN_POINT('',(-0.86815174154,-0.926926352583,0.8700001));
#3207 = CARTESIAN_POINT('',(-0.86815174154,-0.926926352583,0.8600001));
#3208 = ORIENTED_EDGE('',*,*,#3209,.F.);
#3209 = EDGE_CURVE('',#3175,#3203,#3210,.T.);
#3210 = B_SPLINE_CURVE_WITH_KNOTS('',1,(#3211,#3212),.UNSPECIFIED.,.F.,
  .F.,(2,2),(-2.424368874866E-02,-0.),.PIECEWISE_BEZIER_KNOTS.);
#3211 = CARTESIAN_POINT('',(-0.843908052791,-0.926926352583,0.8700001));
#3212 = CARTESIAN_POINT('',(-0.86815174154,-0.926926352583,0.8700001));
#3213 = ORIENTED_EDGE('',*,*,#3174,.T.);
#3214 = B_SPLINE_SURFACE_WITH_KNOTS('',1,1,(
    (#3215,#3216)
    ,(#3217,#3218
    )),.UNSPECIFIED.,.F.,.F.,.F.,(2,2),(2,2),(0.,1.E-02),(0.,
    2.424368874866E-02),.PIECEWISE_BEZIER_KNOTS.);
#3215 = CARTESIAN_POINT('',(-0.86815174154,-0.926926352583,0.8700001));
#3216 = CARTESIAN_POINT('',(-0.843908052791,-0.926926352583,0.8700001));
#3217 = CARTESIAN_POINT('',(-0.86815174154,-0.926926352583,0.8600001));
#3218 = CARTESIAN_POINT('',(-0.843908052791,-0.926926352583,0.8600001));
#3219 = ADVANCED_FACE('',(#3220),#3242,.F.);
#3220 = FACE_BOUND('',#3221,.T.);
#3221 = EDGE_LOOP('',(#3222,#3229,#3236,#3241));
#3222 = ORIENTED_EDGE('',*,*,#3223,.T.);
#3223 = EDGE_CURVE('',#3196,#3224,#3226,.T.);
#3224 = VERTEX_POINT('',#3225);
#3225 = CARTESIAN_POINT('',(-0.86815174154,-0.905230070729,0.8600001));
#3226 = B_SPLINE_CURVE_WITH_KNOTS('',1,(#3227,#3228),.UNSPECIFIED.,.F.,
  .F.,(2,2),(-2.169628185404E-02,0.),.PIECEWISE_BEZIER_KNOTS.);
#3227 = CARTESIAN_POINT('',(-0.86815174154,-0.926926352583,0.8600001));
#3228 = CARTESIAN_POINT('',(-0.86815174154,-0.905230070729,0.8600001));
#3229 = ORIENTED_EDGE('',*,*,#3230,.F.);
#3230 = EDGE_CURVE('',#3231,#3224,#3233,.T.);
#3231 = VERTEX_POINT('',#3232);
#3232 = CARTESIAN_POINT('',(-0.86815174154,-0.905230070729,0.8700001));
#3233 = B_SPLINE_CURVE_WITH_KNOTS('',1,(#3234,#3235),.UNSPECIFIED.,.F.,
  .F.,(2,2),(-0.,1.E-02),.PIECEWISE_BEZIER_KNOTS.);
#3234 = CARTESIAN_POINT('',(-0.86815174154,-0.905230070729,0.8700001));
#3235 = CARTESIAN_POINT('',(-0.86815174154,-0.905230070729,0.8600001));
#3236 = ORIENTED_EDGE('',*,*,#3237,.F.);
#3237 = EDGE_CURVE('',#3203,#3231,#3238,.T.);
#3238 = B_SPLINE_CURVE_WITH_KNOTS('',1,(#3239,#3240),.UNSPECIFIED.,.F.,
  .F.,(2,2),(-2.169628185404E-02,0.),.PIECEWISE_BEZIER_KNOTS.);
#3239 = CARTESIAN_POINT('',(-0.86815174154,-0.926926352583,0.8700001));
#3240 = CARTESIAN_POINT('',(-0.86815174154,-0.905230070729,0.8700001));
#3241 = ORIENTED_EDGE('',*,*,#3202,.T.);
#3242 = B_SPLINE_SURFACE_WITH_KNOTS('',1,1,(
    (#3243,#3244)
    ,(#3245,#3246)),.UNSPECIFIED.,.F.,.F.,.F.,(2,2),(2,2),(-1.E-02,0.),(
    -2.169628185404E-02,0.),.PIECEWISE_BEZIER_KNOTS.);
#3243 = CARTESIAN_POINT('',(-0.86815174154,-0.926926352583,0.8600001));
#3244 = CARTESIAN_POINT('',(-0.86815174154,-0.905230070729,0.8600001));
#3245 = CARTESIAN_POINT('',(-0.86815174154,-0.926926352583,0.8700001));
#3246 = CARTESIAN_POINT('',(-0.86815174154,-0.905230070729,0.8700001));
#3247 = ADVANCED_FACE('',(#3248),#3270,.F.);
#3248 = FACE_BOUND('',#3249,.T.);
#3249 = EDGE_LOOP('',(#3250,#3257,#3264,#3269));
#3250 = ORIENTED_EDGE('',*,*,#3251,.T.);
#3251 = EDGE_CURVE('',#3224,#3252,#3254,.T.);
#3252 = VERTEX_POINT('',#3253);
#3253 = CARTESIAN_POINT('',(-0.841984500646,-0.905230070729,0.8600001));
#3254 = B_SPLINE_CURVE_WITH_KNOTS('',1,(#3255,#3256),.UNSPECIFIED.,.F.,
  .F.,(2,2),(-2.616724089396E-02,0.),.PIECEWISE_BEZIER_KNOTS.);
#3255 = CARTESIAN_POINT('',(-0.86815174154,-0.905230070729,0.8600001));
#3256 = CARTESIAN_POINT('',(-0.841984500646,-0.905230070729,0.8600001));
#3257 = ORIENTED_EDGE('',*,*,#3258,.F.);
#3258 = EDGE_CURVE('',#3259,#3252,#3261,.T.);
#3259 = VERTEX_POINT('',#3260);
#3260 = CARTESIAN_POINT('',(-0.841984500646,-0.905230070729,0.8700001));
#3261 = B_SPLINE_CURVE_WITH_KNOTS('',1,(#3262,#3263),.UNSPECIFIED.,.F.,
  .F.,(2,2),(-0.,1.E-02),.PIECEWISE_BEZIER_KNOTS.);
#3262 = CARTESIAN_POINT('',(-0.841984500646,-0.905230070729,0.8700001));
#3263 = CARTESIAN_POINT('',(-0.841984500646,-0.905230070729,0.8600001));
#3264 = ORIENTED_EDGE('',*,*,#3265,.F.);
#3265 = EDGE_CURVE('',#3231,#3259,#3266,.T.);
#3266 = B_SPLINE_CURVE_WITH_KNOTS('',1,(#3267,#3268),.UNSPECIFIED.,.F.,
  .F.,(2,2),(-2.616724089396E-02,0.),.PIECEWISE_BEZIER_KNOTS.);
#3267 = CARTESIAN_POINT('',(-0.86815174154,-0.905230070729,0.8700001));
#3268 = CARTESIAN_POINT('',(-0.841984500646,-0.905230070729,0.8700001));
#3269 = ORIENTED_EDGE('',*,*,#3230,.T.);
#3270 = B_SPLINE_SURFACE_WITH_KNOTS('',1,1,(
    (#3271,#3272)
    ,(#3273,#3274)),.UNSPECIFIED.,.F.,.F.,.F.,(2,2),(2,2),(-1.E-02,0.),(
    -2.616724089396E-02,0.),.PIECEWISE_BEZIER_KNOTS.);
#3271 = CARTESIAN_POINT('',(-0.86815174154,-0.905230070729,0.8600001));
#3272 = CARTESIAN_POINT('',(-0.841984500646,-0.905230070729,0.8600001));
#3273 = CARTESIAN_POINT('',(-0.86815174154,-0.905230070729,0.8700001));
#3274 = CARTESIAN_POINT('',(-0.841984500646,-0.905230070729,0.8700001));
#3275 = ADVANCED_FACE('',(#3276),#3298,.F.);
#3276 = FACE_BOUND('',#3277,.T.);
#3277 = EDGE_LOOP('',(#3278,#3285,#3292,#3297));
#3278 = ORIENTED_EDGE('',*,*,#3279,.T.);
#3279 = EDGE_CURVE('',#3252,#3280,#3282,.T.);
#3280 = VERTEX_POINT('',#3281);
#3281 = CARTESIAN_POINT('',(-0.841984500646,-0.897431886357,0.8600001));
#3282 = B_SPLINE_CURVE_WITH_KNOTS('',1,(#3283,#3284),.UNSPECIFIED.,.F.,
  .F.,(2,2),(-7.79818437227E-03,0.),.PIECEWISE_BEZIER_KNOTS.);
#3283 = CARTESIAN_POINT('',(-0.841984500646,-0.905230070729,0.8600001));
#3284 = CARTESIAN_POINT('',(-0.841984500646,-0.897431886357,0.8600001));
#3285 = ORIENTED_EDGE('',*,*,#3286,.F.);
#3286 = EDGE_CURVE('',#3287,#3280,#3289,.T.);
#3287 = VERTEX_POINT('',#3288);
#3288 = CARTESIAN_POINT('',(-0.841984500646,-0.897431886357,0.8700001));
#3289 = B_SPLINE_CURVE_WITH_KNOTS('',1,(#3290,#3291),.UNSPECIFIED.,.F.,
  .F.,(2,2),(-0.,1.E-02),.PIECEWISE_BEZIER_KNOTS.);
#3290 = CARTESIAN_POINT('',(-0.841984500646,-0.897431886357,0.8700001));
#3291 = CARTESIAN_POINT('',(-0.841984500646,-0.897431886357,0.8600001));
#3292 = ORIENTED_EDGE('',*,*,#3293,.F.);
#3293 = EDGE_CURVE('',#3259,#3287,#3294,.T.);
#3294 = B_SPLINE_CURVE_WITH_KNOTS('',1,(#3295,#3296),.UNSPECIFIED.,.F.,
  .F.,(2,2),(-7.79818437227E-03,0.),.PIECEWISE_BEZIER_KNOTS.);
#3295 = CARTESIAN_POINT('',(-0.841984500646,-0.905230070729,0.8700001));
#3296 = CARTESIAN_POINT('',(-0.841984500646,-0.897431886357,0.8700001));
#3297 = ORIENTED_EDGE('',*,*,#3258,.T.);
#3298 = B_SPLINE_SURFACE_WITH_KNOTS('',1,1,(
    (#3299,#3300)
    ,(#3301,#3302)),.UNSPECIFIED.,.F.,.F.,.F.,(2,2),(2,2),(-1.E-02,0.),(
    -7.79818437227E-03,0.),.PIECEWISE_BEZIER_KNOTS.);
#3299 = CARTESIAN_POINT('',(-0.841984500646,-0.905230070729,0.8600001));
#3300 = CARTESIAN_POINT('',(-0.841984500646,-0.897431886357,0.8600001));
#3301 = CARTESIAN_POINT('',(-0.841984500646,-0.905230070729,0.8700001));
#3302 = CARTESIAN_POINT('',(-0.841984500646,-0.897431886357,0.8700001));
#3303 = ADVANCED_FACE('',(#3304),#3326,.F.);
#3304 = FACE_BOUND('',#3305,.T.);
#3305 = EDGE_LOOP('',(#3306,#3313,#3320,#3325));
#3306 = ORIENTED_EDGE('',*,*,#3307,.T.);
#3307 = EDGE_CURVE('',#3280,#3308,#3310,.T.);
#3308 = VERTEX_POINT('',#3309);
#3309 = CARTESIAN_POINT('',(-0.876903037336,-0.897431886357,0.8600001));
#3310 = B_SPLINE_CURVE_WITH_KNOTS('',1,(#3311,#3312),.UNSPECIFIED.,.F.,
  .F.,(2,2),(-3.491853668959E-02,-0.),.PIECEWISE_BEZIER_KNOTS.);
#3311 = CARTESIAN_POINT('',(-0.841984500646,-0.897431886357,0.8600001));
#3312 = CARTESIAN_POINT('',(-0.876903037336,-0.897431886357,0.8600001));
#3313 = ORIENTED_EDGE('',*,*,#3314,.F.);
#3314 = EDGE_CURVE('',#3315,#3308,#3317,.T.);
#3315 = VERTEX_POINT('',#3316);
#3316 = CARTESIAN_POINT('',(-0.876903037336,-0.897431886357,0.8700001));
#3317 = B_SPLINE_CURVE_WITH_KNOTS('',1,(#3318,#3319),.UNSPECIFIED.,.F.,
  .F.,(2,2),(-0.,1.E-02),.PIECEWISE_BEZIER_KNOTS.);
#3318 = CARTESIAN_POINT('',(-0.876903037336,-0.897431886357,0.8700001));
#3319 = CARTESIAN_POINT('',(-0.876903037336,-0.897431886357,0.8600001));
#3320 = ORIENTED_EDGE('',*,*,#3321,.F.);
#3321 = EDGE_CURVE('',#3287,#3315,#3322,.T.);
#3322 = B_SPLINE_CURVE_WITH_KNOTS('',1,(#3323,#3324),.UNSPECIFIED.,.F.,
  .F.,(2,2),(-3.491853668959E-02,-0.),.PIECEWISE_BEZIER_KNOTS.);
#3323 = CARTESIAN_POINT('',(-0.841984500646,-0.897431886357,0.8700001));
#3324 = CARTESIAN_POINT('',(-0.876903037336,-0.897431886357,0.8700001));
#3325 = ORIENTED_EDGE('',*,*,#3286,.T.);
#3326 = B_SPLINE_SURFACE_WITH_KNOTS('',1,1,(
    (#3327,#3328)
    ,(#3329,#3330
    )),.UNSPECIFIED.,.F.,.F.,.F.,(2,2),(2,2),(0.,1.E-02),(0.,
    3.491853668959E-02),.PIECEWISE_BEZIER_KNOTS.);
#3327 = CARTESIAN_POINT('',(-0.876903037336,-0.897431886357,0.8700001));
#3328 = CARTESIAN_POINT('',(-0.841984500646,-0.897431886357,0.8700001));
#3329 = CARTESIAN_POINT('',(-0.876903037336,-0.897431886357,0.8600001));
#3330 = CARTESIAN_POINT('',(-0.841984500646,-0.897431886357,0.8600001));
#3331 = ADVANCED_FACE('',(#3332),#3354,.F.);
#3332 = FACE_BOUND('',#3333,.T.);
#3333 = EDGE_LOOP('',(#3334,#3341,#3348,#3353));
#3334 = ORIENTED_EDGE('',*,*,#3335,.T.);
#3335 = EDGE_CURVE('',#3308,#3336,#3338,.T.);
#3336 = VERTEX_POINT('',#3337);
#3337 = CARTESIAN_POINT('',(-0.876903037336,-0.965224102501,0.8600001));
#3338 = B_SPLINE_CURVE_WITH_KNOTS('',1,(#3339,#3340),.UNSPECIFIED.,.F.,
  .F.,(2,2),(-6.779221614378E-02,-0.),.PIECEWISE_BEZIER_KNOTS.);
#3339 = CARTESIAN_POINT('',(-0.876903037336,-0.897431886357,0.8600001));
#3340 = CARTESIAN_POINT('',(-0.876903037336,-0.965224102501,0.8600001));
#3341 = ORIENTED_EDGE('',*,*,#3342,.F.);
#3342 = EDGE_CURVE('',#3343,#3336,#3345,.T.);
#3343 = VERTEX_POINT('',#3344);
#3344 = CARTESIAN_POINT('',(-0.876903037336,-0.965224102501,0.8700001));
#3345 = B_SPLINE_CURVE_WITH_KNOTS('',1,(#3346,#3347),.UNSPECIFIED.,.F.,
  .F.,(2,2),(-0.,1.E-02),.PIECEWISE_BEZIER_KNOTS.);
#3346 = CARTESIAN_POINT('',(-0.876903037336,-0.965224102501,0.8700001));
#3347 = CARTESIAN_POINT('',(-0.876903037336,-0.965224102501,0.8600001));
#3348 = ORIENTED_EDGE('',*,*,#3349,.F.);
#3349 = EDGE_CURVE('',#3315,#3343,#3350,.T.);
#3350 = B_SPLINE_CURVE_WITH_KNOTS('',1,(#3351,#3352),.UNSPECIFIED.,.F.,
  .F.,(2,2),(-6.779221614378E-02,-0.),.PIECEWISE_BEZIER_KNOTS.);
#3351 = CARTESIAN_POINT('',(-0.876903037336,-0.897431886357,0.8700001));
#3352 = CARTESIAN_POINT('',(-0.876903037336,-0.965224102501,0.8700001));
#3353 = ORIENTED_EDGE('',*,*,#3314,.T.);
#3354 = B_SPLINE_SURFACE_WITH_KNOTS('',1,1,(
    (#3355,#3356)
    ,(#3357,#3358
    )),.UNSPECIFIED.,.F.,.F.,.F.,(2,2),(2,2),(0.,1.E-02),(0.,
    6.779221614378E-02),.PIECEWISE_BEZIER_KNOTS.);
#3355 = CARTESIAN_POINT('',(-0.876903037336,-0.965224102501,0.8700001));
#3356 = CARTESIAN_POINT('',(-0.876903037336,-0.897431886357,0.8700001));
#3357 = CARTESIAN_POINT('',(-0.876903037336,-0.965224102501,0.8600001));
#3358 = CARTESIAN_POINT('',(-0.876903037336,-0.897431886357,0.8600001));
#3359 = ADVANCED_FACE('',(#3360),#3374,.F.);
#3360 = FACE_BOUND('',#3361,.T.);
#3361 = EDGE_LOOP('',(#3362,#3367,#3368,#3373));
#3362 = ORIENTED_EDGE('',*,*,#3363,.T.);
#3363 = EDGE_CURVE('',#3336,#3048,#3364,.T.);
#3364 = B_SPLINE_CURVE_WITH_KNOTS('',1,(#3365,#3366),.UNSPECIFIED.,.F.,
  .F.,(2,2),(-3.646084426532E-02,0.),.PIECEWISE_BEZIER_KNOTS.);
#3365 = CARTESIAN_POINT('',(-0.876903037336,-0.965224102501,0.8600001));
#3366 = CARTESIAN_POINT('',(-0.84044219307,-0.965224102501,0.8600001));
#3367 = ORIENTED_EDGE('',*,*,#3070,.F.);
#3368 = ORIENTED_EDGE('',*,*,#3369,.F.);
#3369 = EDGE_CURVE('',#3343,#3064,#3370,.T.);
#3370 = B_SPLINE_CURVE_WITH_KNOTS('',1,(#3371,#3372),.UNSPECIFIED.,.F.,
  .F.,(2,2),(-3.646084426532E-02,0.),.PIECEWISE_BEZIER_KNOTS.);
#3371 = CARTESIAN_POINT('',(-0.876903037336,-0.965224102501,0.8700001));
#3372 = CARTESIAN_POINT('',(-0.84044219307,-0.965224102501,0.8700001));
#3373 = ORIENTED_EDGE('',*,*,#3342,.T.);
#3374 = B_SPLINE_SURFACE_WITH_KNOTS('',1,1,(
    (#3375,#3376)
    ,(#3377,#3378)),.UNSPECIFIED.,.F.,.F.,.F.,(2,2),(2,2),(-1.E-02,0.),(
    -3.646084426532E-02,0.),.PIECEWISE_BEZIER_KNOTS.);
#3375 = CARTESIAN_POINT('',(-0.876903037336,-0.965224102501,0.8600001));
#3376 = CARTESIAN_POINT('',(-0.84044219307,-0.965224102501,0.8600001));
#3377 = CARTESIAN_POINT('',(-0.876903037336,-0.965224102501,0.8700001));
#3378 = CARTESIAN_POINT('',(-0.84044219307,-0.965224102501,0.8700001));
#3379 = ADVANCED_FACE('',(#3380),#3394,.F.);
#3380 = FACE_BOUND('',#3381,.T.);
#3381 = EDGE_LOOP('',(#3382,#3383,#3384,#3385,#3386,#3387,#3388,#3389,
    #3390,#3391,#3392,#3393));
#3382 = ORIENTED_EDGE('',*,*,#3063,.T.);
#3383 = ORIENTED_EDGE('',*,*,#3097,.T.);
#3384 = ORIENTED_EDGE('',*,*,#3125,.T.);
#3385 = ORIENTED_EDGE('',*,*,#3153,.T.);
#3386 = ORIENTED_EDGE('',*,*,#3181,.T.);
#3387 = ORIENTED_EDGE('',*,*,#3209,.T.);
#3388 = ORIENTED_EDGE('',*,*,#3237,.T.);
#3389 = ORIENTED_EDGE('',*,*,#3265,.T.);
#3390 = ORIENTED_EDGE('',*,*,#3293,.T.);
#3391 = ORIENTED_EDGE('',*,*,#3321,.T.);
#3392 = ORIENTED_EDGE('',*,*,#3349,.T.);
#3393 = ORIENTED_EDGE('',*,*,#3369,.T.);
#3394 = B_SPLINE_SURFACE_WITH_KNOTS('',1,1,(
    (#3395,#3396)
    ,(#3397,#3398
    )),.UNSPECIFIED.,.F.,.F.,.F.,(2,2),(2,2),(0.84044219307,
    0.876903037336),(-0.965224102501,-0.897431886357),
  .PIECEWISE_BEZIER_KNOTS.);
#3395 = CARTESIAN_POINT('',(-0.84044219307,-0.965224102501,0.8700001));
#3396 = CARTESIAN_POINT('',(-0.84044219307,-0.897431886357,0.8700001));
#3397 = CARTESIAN_POINT('',(-0.876903037336,-0.965224102501,0.8700001));
#3398 = CARTESIAN_POINT('',(-0.876903037336,-0.897431886357,0.8700001));
#3399 = ADVANCED_FACE('',(#3400),#3414,.T.);
#3400 = FACE_BOUND('',#3401,.T.);
#3401 = EDGE_LOOP('',(#3402,#3403,#3404,#3405,#3406,#3407,#3408,#3409,
    #3410,#3411,#3412,#3413));
#3402 = ORIENTED_EDGE('',*,*,#3047,.F.);
#3403 = ORIENTED_EDGE('',*,*,#3363,.F.);
#3404 = ORIENTED_EDGE('',*,*,#3335,.F.);
#3405 = ORIENTED_EDGE('',*,*,#3307,.F.);
#3406 = ORIENTED_EDGE('',*,*,#3279,.F.);
#3407 = ORIENTED_EDGE('',*,*,#3251,.F.);
#3408 = ORIENTED_EDGE('',*,*,#3223,.F.);
#3409 = ORIENTED_EDGE('',*,*,#3195,.F.);
#3410 = ORIENTED_EDGE('',*,*,#3167,.F.);
#3411 = ORIENTED_EDGE('',*,*,#3139,.F.);
#3412 = ORIENTED_EDGE('',*,*,#3111,.F.);
#3413 = ORIENTED_EDGE('',*,*,#3083,.F.);
#3414 = B_SPLINE_SURFACE_WITH_KNOTS('',1,1,(
    (#3415,#3416)
    ,(#3417,#3418
    )),.UNSPECIFIED.,.F.,.F.,.F.,(2,2),(2,2),(0.84044219307,
    0.876903037336),(-0.965224102501,-0.897431886357),
  .PIECEWISE_BEZIER_KNOTS.);
#3415 = CARTESIAN_POINT('',(-0.84044219307,-0.965224102501,0.8600001));
#3416 = CARTESIAN_POINT('',(-0.84044219307,-0.897431886357,0.8600001));
#3417 = CARTESIAN_POINT('',(-0.876903037336,-0.965224102501,0.8600001));
#3418 = CARTESIAN_POINT('',(-0.876903037336,-0.897431886357,0.8600001));
#3419 = MANIFOLD_SOLID_BREP('',#3420);
#3420 = CLOSED_SHELL('',(#3421,#3545,#3669,#3689,#3709,#3729,#3749,#3769
    ,#3785,#3797,#3817,#3833,#3849,#3869,#3889,#3909));
#3421 = ADVANCED_FACE('',(#3422,#3481),#3540,.T.);
#3422 = FACE_BOUND('',#3423,.T.);
#3423 = EDGE_LOOP('',(#3424,#3433,#3442,#3451,#3460,#3469,#3476));
#3424 = ORIENTED_EDGE('',*,*,#3425,.T.);
#3425 = EDGE_CURVE('',#3426,#3428,#3430,.T.);
#3426 = VERTEX_POINT('',#3427);
#3427 = CARTESIAN_POINT('',(-0.827635841401,-0.965224102501,0.8700001));
#3428 = VERTEX_POINT('',#3429);
#3429 = CARTESIAN_POINT('',(-0.808989516102,-0.965224102501,0.8700001));
#3430 = B_SPLINE_CURVE_WITH_KNOTS('',1,(#3431,#3432),.UNSPECIFIED.,.F.,
  .F.,(2,2),(-1.864632529929E-02,0.),.PIECEWISE_BEZIER_KNOTS.);
#3431 = CARTESIAN_POINT('',(-0.827635841401,-0.965224102501,0.8700001));
#3432 = CARTESIAN_POINT('',(-0.808989516102,-0.965224102501,0.8700001));
#3433 = ORIENTED_EDGE('',*,*,#3434,.T.);
#3434 = EDGE_CURVE('',#3428,#3435,#3437,.T.);
#3435 = VERTEX_POINT('',#3436);
#3436 = CARTESIAN_POINT('',(-0.78266631152,-0.955727646865,0.8700001));
#3437 = B_SPLINE_CURVE_WITH_KNOTS('',3,(#3438,#3439,#3440,#3441),
  .UNSPECIFIED.,.F.,.F.,(4,4),(5.,6.),.PIECEWISE_BEZIER_KNOTS.);
#3438 = CARTESIAN_POINT('',(-0.808989516102,-0.965224102501,0.8700001));
#3439 = CARTESIAN_POINT('',(-0.798262680265,-0.965224102501,0.8700001));
#3440 = CARTESIAN_POINT('',(-0.789476725872,-0.962070170155,0.8700001));
#3441 = CARTESIAN_POINT('',(-0.78266631152,-0.955727646865,0.8700001));
#3442 = ORIENTED_EDGE('',*,*,#3443,.T.);
#3443 = EDGE_CURVE('',#3435,#3444,#3446,.T.);
#3444 = VERTEX_POINT('',#3445);
#3445 = CARTESIAN_POINT('',(-0.772442025343,-0.930461529498,0.8700001));
#3446 = B_SPLINE_CURVE_WITH_KNOTS('',3,(#3447,#3448,#3449,#3450),
  .UNSPECIFIED.,.F.,.F.,(4,4),(4.,5.),.PIECEWISE_BEZIER_KNOTS.);
#3447 = CARTESIAN_POINT('',(-0.78266631152,-0.955727646865,0.8700001));
#3448 = CARTESIAN_POINT('',(-0.775855897168,-0.949385123576,0.8700001));
#3449 = CARTESIAN_POINT('',(-0.772442025343,-0.940963084453,0.8700001));
#3450 = CARTESIAN_POINT('',(-0.772442025343,-0.930461529498,0.8700001));
#3451 = ORIENTED_EDGE('',*,*,#3452,.T.);
#3452 = EDGE_CURVE('',#3444,#3453,#3455,.T.);
#3453 = VERTEX_POINT('',#3454);
#3454 = CARTESIAN_POINT('',(-0.78266631152,-0.906408463034,0.8700001));
#3455 = B_SPLINE_CURVE_WITH_KNOTS('',3,(#3456,#3457,#3458,#3459),
  .UNSPECIFIED.,.F.,.F.,(4,4),(3.,4.),.PIECEWISE_BEZIER_KNOTS.);
#3456 = CARTESIAN_POINT('',(-0.772442025343,-0.930461529498,0.8700001));
#3457 = CARTESIAN_POINT('',(-0.772442025343,-0.920410536308,0.8700001));
#3458 = CARTESIAN_POINT('',(-0.775855897168,-0.912404400352,0.8700001));
#3459 = CARTESIAN_POINT('',(-0.78266631152,-0.906408463034,0.8700001));
#3460 = ORIENTED_EDGE('',*,*,#3461,.T.);
#3461 = EDGE_CURVE('',#3453,#3462,#3464,.T.);
#3462 = VERTEX_POINT('',#3463);
#3463 = CARTESIAN_POINT('',(-0.808296344157,-0.897431886357,0.8700001));
#3464 = B_SPLINE_CURVE_WITH_KNOTS('',3,(#3465,#3466,#3467,#3468),
  .UNSPECIFIED.,.F.,.F.,(4,4),(2.,3.),.PIECEWISE_BEZIER_KNOTS.);
#3465 = CARTESIAN_POINT('',(-0.78266631152,-0.906408463034,0.8700001));
#3466 = CARTESIAN_POINT('',(-0.789476725872,-0.900412525717,0.8700001));
#3467 = CARTESIAN_POINT('',(-0.798020070084,-0.897431886357,0.8700001));
#3468 = CARTESIAN_POINT('',(-0.808296344157,-0.897431886357,0.8700001));
#3469 = ORIENTED_EDGE('',*,*,#3470,.T.);
#3470 = EDGE_CURVE('',#3462,#3471,#3473,.T.);
#3471 = VERTEX_POINT('',#3472);
#3472 = CARTESIAN_POINT('',(-0.827635841401,-0.897431886357,0.8700001));
#3473 = B_SPLINE_CURVE_WITH_KNOTS('',1,(#3474,#3475),.UNSPECIFIED.,.F.,
  .F.,(2,2),(-1.933949724364E-02,-0.),.PIECEWISE_BEZIER_KNOTS.);
#3474 = CARTESIAN_POINT('',(-0.808296344157,-0.897431886357,0.8700001));
#3475 = CARTESIAN_POINT('',(-0.827635841401,-0.897431886357,0.8700001));
#3476 = ORIENTED_EDGE('',*,*,#3477,.T.);
#3477 = EDGE_CURVE('',#3471,#3426,#3478,.T.);
#3478 = B_SPLINE_CURVE_WITH_KNOTS('',1,(#3479,#3480),.UNSPECIFIED.,.F.,
  .F.,(2,2),(-6.779221614378E-02,-0.),.PIECEWISE_BEZIER_KNOTS.);
#3479 = CARTESIAN_POINT('',(-0.827635841401,-0.897431886357,0.8700001));
#3480 = CARTESIAN_POINT('',(-0.827635841401,-0.965224102501,0.8700001));
#3481 = FACE_BOUND('',#3482,.T.);
#3482 = EDGE_LOOP('',(#3483,#3492,#3499,#3508,#3517,#3526,#3535));
#3483 = ORIENTED_EDGE('',*,*,#3484,.F.);
#3484 = EDGE_CURVE('',#3485,#3487,#3489,.T.);
#3485 = VERTEX_POINT('',#3486);
#3486 = CARTESIAN_POINT('',(-0.818884545605,-0.905230070729,0.8700001));
#3487 = VERTEX_POINT('',#3488);
#3488 = CARTESIAN_POINT('',(-0.818884545605,-0.957495235323,0.8700001));
#3489 = B_SPLINE_CURVE_WITH_KNOTS('',1,(#3490,#3491),.UNSPECIFIED.,.F.,
  .F.,(2,2),(0.,5.226516459358E-02),.PIECEWISE_BEZIER_KNOTS.);
#3490 = CARTESIAN_POINT('',(-0.818884545605,-0.905230070729,0.8700001));
#3491 = CARTESIAN_POINT('',(-0.818884545605,-0.957495235323,0.8700001));
#3492 = ORIENTED_EDGE('',*,*,#3493,.F.);
#3493 = EDGE_CURVE('',#3494,#3485,#3496,.T.);
#3494 = VERTEX_POINT('',#3495);
#3495 = CARTESIAN_POINT('',(-0.80864293013,-0.905230070729,0.8700001));
#3496 = B_SPLINE_CURVE_WITH_KNOTS('',1,(#3497,#3498),.UNSPECIFIED.,.F.,
  .F.,(2,2),(-1.110223024625E-16,1.024161547514E-02),
  .PIECEWISE_BEZIER_KNOTS.);
#3497 = CARTESIAN_POINT('',(-0.80864293013,-0.905230070729,0.8700001));
#3498 = CARTESIAN_POINT('',(-0.818884545605,-0.905230070729,0.8700001));
#3499 = ORIENTED_EDGE('',*,*,#3500,.F.);
#3500 = EDGE_CURVE('',#3501,#3494,#3503,.T.);
#3501 = VERTEX_POINT('',#3502);
#3502 = CARTESIAN_POINT('',(-0.789078152004,-0.911607252616,0.8700001));
#3503 = B_SPLINE_CURVE_WITH_KNOTS('',3,(#3504,#3505,#3506,#3507),
  .UNSPECIFIED.,.F.,.F.,(4,4),(5.,6.),.PIECEWISE_BEZIER_KNOTS.);
#3504 = CARTESIAN_POINT('',(-0.789078152004,-0.911607252616,0.8700001));
#3505 = CARTESIAN_POINT('',(-0.794034331406,-0.907344245159,0.8700001));
#3506 = CARTESIAN_POINT('',(-0.80056747698,-0.905230070729,0.8700001));
#3507 = CARTESIAN_POINT('',(-0.80864293013,-0.905230070729,0.8700001));
#3508 = ORIENTED_EDGE('',*,*,#3509,.F.);
#3509 = EDGE_CURVE('',#3510,#3501,#3512,.T.);
#3510 = VERTEX_POINT('',#3511);
#3511 = CARTESIAN_POINT('',(-0.781643882902,-0.930704139679,0.8700001));
#3512 = B_SPLINE_CURVE_WITH_KNOTS('',3,(#3513,#3514,#3515,#3516),
  .UNSPECIFIED.,.F.,.F.,(4,4),(4.,5.),.PIECEWISE_BEZIER_KNOTS.);
#3513 = CARTESIAN_POINT('',(-0.781643882902,-0.930704139679,0.8700001));
#3514 = CARTESIAN_POINT('',(-0.781643882902,-0.92224744196,0.8700001));
#3515 = CARTESIAN_POINT('',(-0.784121972603,-0.915870260073,0.8700001));
#3516 = CARTESIAN_POINT('',(-0.789078152004,-0.911607252616,0.8700001));
#3517 = ORIENTED_EDGE('',*,*,#3518,.F.);
#3518 = EDGE_CURVE('',#3519,#3510,#3521,.T.);
#3519 = VERTEX_POINT('',#3520);
#3520 = CARTESIAN_POINT('',(-0.788887529719,-0.950424881492,0.8700001));
#3521 = B_SPLINE_CURVE_WITH_KNOTS('',3,(#3522,#3523,#3524,#3525),
  .UNSPECIFIED.,.F.,.F.,(4,4),(3.,4.),.PIECEWISE_BEZIER_KNOTS.);
#3522 = CARTESIAN_POINT('',(-0.788887529719,-0.950424881492,0.8700001));
#3523 = CARTESIAN_POINT('',(-0.784052655408,-0.945745970868,0.8700001));
#3524 = CARTESIAN_POINT('',(-0.781643882902,-0.939160837399,0.8700001));
#3525 = CARTESIAN_POINT('',(-0.781643882902,-0.930704139679,0.8700001));
#3526 = ORIENTED_EDGE('',*,*,#3527,.F.);
#3527 = EDGE_CURVE('',#3528,#3519,#3530,.T.);
#3528 = VERTEX_POINT('',#3529);
#3529 = CARTESIAN_POINT('',(-0.809041503997,-0.957495235323,0.8700001));
#3530 = B_SPLINE_CURVE_WITH_KNOTS('',3,(#3531,#3532,#3533,#3534),
  .UNSPECIFIED.,.F.,.F.,(4,4),(2.,3.),.PIECEWISE_BEZIER_KNOTS.);
#3531 = CARTESIAN_POINT('',(-0.809041503997,-0.957495235323,0.8700001));
#3532 = CARTESIAN_POINT('',(-0.800428842591,-0.957495235323,0.8700001));
#3533 = CARTESIAN_POINT('',(-0.793705074732,-0.955138450712,0.8700001));
#3534 = CARTESIAN_POINT('',(-0.788887529719,-0.950424881492,0.8700001));
#3535 = ORIENTED_EDGE('',*,*,#3536,.F.);
#3536 = EDGE_CURVE('',#3487,#3528,#3537,.T.);
#3537 = B_SPLINE_CURVE_WITH_KNOTS('',1,(#3538,#3539),.UNSPECIFIED.,.F.,
  .F.,(2,2),(0.,9.843041607672E-03),.PIECEWISE_BEZIER_KNOTS.);
#3538 = CARTESIAN_POINT('',(-0.818884545605,-0.957495235323,0.8700001));
#3539 = CARTESIAN_POINT('',(-0.809041503997,-0.957495235323,0.8700001));
#3540 = B_SPLINE_SURFACE_WITH_KNOTS('',1,1,(
    (#3541,#3542)
    ,(#3543,#3544
    )),.UNSPECIFIED.,.F.,.F.,.F.,(2,2),(2,2),(-3.34542109575E-02,
    2.173960510027E-02),(-6.555240429911E-02,2.239811844664E-03),
  .PIECEWISE_BEZIER_KNOTS.);
#3541 = CARTESIAN_POINT('',(-0.827635841401,-0.965224102501,0.8700001));
#3542 = CARTESIAN_POINT('',(-0.827635841401,-0.897431886357,0.8700001));
#3543 = CARTESIAN_POINT('',(-0.772442025343,-0.965224102501,0.8700001));
#3544 = CARTESIAN_POINT('',(-0.772442025343,-0.897431886357,0.8700001));
#3545 = ADVANCED_FACE('',(#3546,#3605),#3664,.F.);
#3546 = FACE_BOUND('',#3547,.T.);
#3547 = EDGE_LOOP('',(#3548,#3557,#3564,#3571,#3580,#3589,#3598));
#3548 = ORIENTED_EDGE('',*,*,#3549,.F.);
#3549 = EDGE_CURVE('',#3550,#3552,#3554,.T.);
#3550 = VERTEX_POINT('',#3551);
#3551 = CARTESIAN_POINT('',(-0.827635841401,-0.965224102501,0.8600001));
#3552 = VERTEX_POINT('',#3553);
#3553 = CARTESIAN_POINT('',(-0.808989516102,-0.965224102501,0.8600001));
#3554 = B_SPLINE_CURVE_WITH_KNOTS('',1,(#3555,#3556),.UNSPECIFIED.,.F.,
  .F.,(2,2),(-1.864632529929E-02,0.),.PIECEWISE_BEZIER_KNOTS.);
#3555 = CARTESIAN_POINT('',(-0.827635841401,-0.965224102501,0.8600001));
#3556 = CARTESIAN_POINT('',(-0.808989516102,-0.965224102501,0.8600001));
#3557 = ORIENTED_EDGE('',*,*,#3558,.F.);
#3558 = EDGE_CURVE('',#3559,#3550,#3561,.T.);
#3559 = VERTEX_POINT('',#3560);
#3560 = CARTESIAN_POINT('',(-0.827635841401,-0.897431886357,0.8600001));
#3561 = B_SPLINE_CURVE_WITH_KNOTS('',1,(#3562,#3563),.UNSPECIFIED.,.F.,
  .F.,(2,2),(-6.779221614378E-02,-0.),.PIECEWISE_BEZIER_KNOTS.);
#3562 = CARTESIAN_POINT('',(-0.827635841401,-0.897431886357,0.8600001));
#3563 = CARTESIAN_POINT('',(-0.827635841401,-0.965224102501,0.8600001));
#3564 = ORIENTED_EDGE('',*,*,#3565,.F.);
#3565 = EDGE_CURVE('',#3566,#3559,#3568,.T.);
#3566 = VERTEX_POINT('',#3567);
#3567 = CARTESIAN_POINT('',(-0.808296344157,-0.897431886357,0.8600001));
#3568 = B_SPLINE_CURVE_WITH_KNOTS('',1,(#3569,#3570),.UNSPECIFIED.,.F.,
  .F.,(2,2),(-1.933949724364E-02,-0.),.PIECEWISE_BEZIER_KNOTS.);
#3569 = CARTESIAN_POINT('',(-0.808296344157,-0.897431886357,0.8600001));
#3570 = CARTESIAN_POINT('',(-0.827635841401,-0.897431886357,0.8600001));
#3571 = ORIENTED_EDGE('',*,*,#3572,.F.);
#3572 = EDGE_CURVE('',#3573,#3566,#3575,.T.);
#3573 = VERTEX_POINT('',#3574);
#3574 = CARTESIAN_POINT('',(-0.78266631152,-0.906408463034,0.8600001));
#3575 = B_SPLINE_CURVE_WITH_KNOTS('',3,(#3576,#3577,#3578,#3579),
  .UNSPECIFIED.,.F.,.F.,(4,4),(2.,3.),.PIECEWISE_BEZIER_KNOTS.);
#3576 = CARTESIAN_POINT('',(-0.78266631152,-0.906408463034,0.8600001));
#3577 = CARTESIAN_POINT('',(-0.789476725872,-0.900412525717,0.8600001));
#3578 = CARTESIAN_POINT('',(-0.798020070084,-0.897431886357,0.8600001));
#3579 = CARTESIAN_POINT('',(-0.808296344157,-0.897431886357,0.8600001));
#3580 = ORIENTED_EDGE('',*,*,#3581,.F.);
#3581 = EDGE_CURVE('',#3582,#3573,#3584,.T.);
#3582 = VERTEX_POINT('',#3583);
#3583 = CARTESIAN_POINT('',(-0.772442025343,-0.930461529498,0.8600001));
#3584 = B_SPLINE_CURVE_WITH_KNOTS('',3,(#3585,#3586,#3587,#3588),
  .UNSPECIFIED.,.F.,.F.,(4,4),(3.,4.),.PIECEWISE_BEZIER_KNOTS.);
#3585 = CARTESIAN_POINT('',(-0.772442025343,-0.930461529498,0.8600001));
#3586 = CARTESIAN_POINT('',(-0.772442025343,-0.920410536308,0.8600001));
#3587 = CARTESIAN_POINT('',(-0.775855897168,-0.912404400352,0.8600001));
#3588 = CARTESIAN_POINT('',(-0.78266631152,-0.906408463034,0.8600001));
#3589 = ORIENTED_EDGE('',*,*,#3590,.F.);
#3590 = EDGE_CURVE('',#3591,#3582,#3593,.T.);
#3591 = VERTEX_POINT('',#3592);
#3592 = CARTESIAN_POINT('',(-0.78266631152,-0.955727646865,0.8600001));
#3593 = B_SPLINE_CURVE_WITH_KNOTS('',3,(#3594,#3595,#3596,#3597),
  .UNSPECIFIED.,.F.,.F.,(4,4),(4.,5.),.PIECEWISE_BEZIER_KNOTS.);
#3594 = CARTESIAN_POINT('',(-0.78266631152,-0.955727646865,0.8600001));
#3595 = CARTESIAN_POINT('',(-0.775855897168,-0.949385123576,0.8600001));
#3596 = CARTESIAN_POINT('',(-0.772442025343,-0.940963084453,0.8600001));
#3597 = CARTESIAN_POINT('',(-0.772442025343,-0.930461529498,0.8600001));
#3598 = ORIENTED_EDGE('',*,*,#3599,.F.);
#3599 = EDGE_CURVE('',#3552,#3591,#3600,.T.);
#3600 = B_SPLINE_CURVE_WITH_KNOTS('',3,(#3601,#3602,#3603,#3604),
  .UNSPECIFIED.,.F.,.F.,(4,4),(5.,6.),.PIECEWISE_BEZIER_KNOTS.);
#3601 = CARTESIAN_POINT('',(-0.808989516102,-0.965224102501,0.8600001));
#3602 = CARTESIAN_POINT('',(-0.798262680265,-0.965224102501,0.8600001));
#3603 = CARTESIAN_POINT('',(-0.789476725872,-0.962070170155,0.8600001));
#3604 = CARTESIAN_POINT('',(-0.78266631152,-0.955727646865,0.8600001));
#3605 = FACE_BOUND('',#3606,.T.);
#3606 = EDGE_LOOP('',(#3607,#3616,#3623,#3630,#3639,#3648,#3657));
#3607 = ORIENTED_EDGE('',*,*,#3608,.T.);
#3608 = EDGE_CURVE('',#3609,#3611,#3613,.T.);
#3609 = VERTEX_POINT('',#3610);
#3610 = CARTESIAN_POINT('',(-0.80864293013,-0.905230070729,0.8600001));
#3611 = VERTEX_POINT('',#3612);
#3612 = CARTESIAN_POINT('',(-0.818884545605,-0.905230070729,0.8600001));
#3613 = B_SPLINE_CURVE_WITH_KNOTS('',1,(#3614,#3615),.UNSPECIFIED.,.F.,
  .F.,(2,2),(-1.110223024625E-16,1.024161547514E-02),
  .PIECEWISE_BEZIER_KNOTS.);
#3614 = CARTESIAN_POINT('',(-0.80864293013,-0.905230070729,0.8600001));
#3615 = CARTESIAN_POINT('',(-0.818884545605,-0.905230070729,0.8600001));
#3616 = ORIENTED_EDGE('',*,*,#3617,.T.);
#3617 = EDGE_CURVE('',#3611,#3618,#3620,.T.);
#3618 = VERTEX_POINT('',#3619);
#3619 = CARTESIAN_POINT('',(-0.818884545605,-0.957495235323,0.8600001));
#3620 = B_SPLINE_CURVE_WITH_KNOTS('',1,(#3621,#3622),.UNSPECIFIED.,.F.,
  .F.,(2,2),(0.,5.226516459358E-02),.PIECEWISE_BEZIER_KNOTS.);
#3621 = CARTESIAN_POINT('',(-0.818884545605,-0.905230070729,0.8600001));
#3622 = CARTESIAN_POINT('',(-0.818884545605,-0.957495235323,0.8600001));
#3623 = ORIENTED_EDGE('',*,*,#3624,.T.);
#3624 = EDGE_CURVE('',#3618,#3625,#3627,.T.);
#3625 = VERTEX_POINT('',#3626);
#3626 = CARTESIAN_POINT('',(-0.809041503997,-0.957495235323,0.8600001));
#3627 = B_SPLINE_CURVE_WITH_KNOTS('',1,(#3628,#3629),.UNSPECIFIED.,.F.,
  .F.,(2,2),(0.,9.843041607672E-03),.PIECEWISE_BEZIER_KNOTS.);
#3628 = CARTESIAN_POINT('',(-0.818884545605,-0.957495235323,0.8600001));
#3629 = CARTESIAN_POINT('',(-0.809041503997,-0.957495235323,0.8600001));
#3630 = ORIENTED_EDGE('',*,*,#3631,.T.);
#3631 = EDGE_CURVE('',#3625,#3632,#3634,.T.);
#3632 = VERTEX_POINT('',#3633);
#3633 = CARTESIAN_POINT('',(-0.788887529719,-0.950424881492,0.8600001));
#3634 = B_SPLINE_CURVE_WITH_KNOTS('',3,(#3635,#3636,#3637,#3638),
  .UNSPECIFIED.,.F.,.F.,(4,4),(2.,3.),.PIECEWISE_BEZIER_KNOTS.);
#3635 = CARTESIAN_POINT('',(-0.809041503997,-0.957495235323,0.8600001));
#3636 = CARTESIAN_POINT('',(-0.800428842591,-0.957495235323,0.8600001));
#3637 = CARTESIAN_POINT('',(-0.793705074732,-0.955138450712,0.8600001));
#3638 = CARTESIAN_POINT('',(-0.788887529719,-0.950424881492,0.8600001));
#3639 = ORIENTED_EDGE('',*,*,#3640,.T.);
#3640 = EDGE_CURVE('',#3632,#3641,#3643,.T.);
#3641 = VERTEX_POINT('',#3642);
#3642 = CARTESIAN_POINT('',(-0.781643882902,-0.930704139679,0.8600001));
#3643 = B_SPLINE_CURVE_WITH_KNOTS('',3,(#3644,#3645,#3646,#3647),
  .UNSPECIFIED.,.F.,.F.,(4,4),(3.,4.),.PIECEWISE_BEZIER_KNOTS.);
#3644 = CARTESIAN_POINT('',(-0.788887529719,-0.950424881492,0.8600001));
#3645 = CARTESIAN_POINT('',(-0.784052655408,-0.945745970868,0.8600001));
#3646 = CARTESIAN_POINT('',(-0.781643882902,-0.939160837399,0.8600001));
#3647 = CARTESIAN_POINT('',(-0.781643882902,-0.930704139679,0.8600001));
#3648 = ORIENTED_EDGE('',*,*,#3649,.T.);
#3649 = EDGE_CURVE('',#3641,#3650,#3652,.T.);
#3650 = VERTEX_POINT('',#3651);
#3651 = CARTESIAN_POINT('',(-0.789078152004,-0.911607252616,0.8600001));
#3652 = B_SPLINE_CURVE_WITH_KNOTS('',3,(#3653,#3654,#3655,#3656),
  .UNSPECIFIED.,.F.,.F.,(4,4),(4.,5.),.PIECEWISE_BEZIER_KNOTS.);
#3653 = CARTESIAN_POINT('',(-0.781643882902,-0.930704139679,0.8600001));
#3654 = CARTESIAN_POINT('',(-0.781643882902,-0.92224744196,0.8600001));
#3655 = CARTESIAN_POINT('',(-0.784121972603,-0.915870260073,0.8600001));
#3656 = CARTESIAN_POINT('',(-0.789078152004,-0.911607252616,0.8600001));
#3657 = ORIENTED_EDGE('',*,*,#3658,.T.);
#3658 = EDGE_CURVE('',#3650,#3609,#3659,.T.);
#3659 = B_SPLINE_CURVE_WITH_KNOTS('',3,(#3660,#3661,#3662,#3663),
  .UNSPECIFIED.,.F.,.F.,(4,4),(5.,6.),.PIECEWISE_BEZIER_KNOTS.);
#3660 = CARTESIAN_POINT('',(-0.789078152004,-0.911607252616,0.8600001));
#3661 = CARTESIAN_POINT('',(-0.794034331406,-0.907344245159,0.8600001));
#3662 = CARTESIAN_POINT('',(-0.80056747698,-0.905230070729,0.8600001));
#3663 = CARTESIAN_POINT('',(-0.80864293013,-0.905230070729,0.8600001));
#3664 = B_SPLINE_SURFACE_WITH_KNOTS('',1,1,(
    (#3665,#3666)
    ,(#3667,#3668
    )),.UNSPECIFIED.,.F.,.F.,.F.,(2,2),(2,2),(-3.34542109575E-02,
    2.173960510027E-02),(-6.555240429911E-02,2.239811844664E-03),
  .PIECEWISE_BEZIER_KNOTS.);
#3665 = CARTESIAN_POINT('',(-0.827635841401,-0.965224102501,0.8600001));
#3666 = CARTESIAN_POINT('',(-0.827635841401,-0.897431886357,0.8600001));
#3667 = CARTESIAN_POINT('',(-0.772442025343,-0.965224102501,0.8600001));
#3668 = CARTESIAN_POINT('',(-0.772442025343,-0.897431886357,0.8600001));
#3669 = ADVANCED_FACE('',(#3670),#3684,.F.);
#3670 = FACE_BOUND('',#3671,.T.);
#3671 = EDGE_LOOP('',(#3672,#3673,#3678,#3679));
#3672 = ORIENTED_EDGE('',*,*,#3549,.T.);
#3673 = ORIENTED_EDGE('',*,*,#3674,.F.);
#3674 = EDGE_CURVE('',#3428,#3552,#3675,.T.);
#3675 = B_SPLINE_CURVE_WITH_KNOTS('',1,(#3676,#3677),.UNSPECIFIED.,.F.,
  .F.,(2,2),(-0.,1.E-02),.PIECEWISE_BEZIER_KNOTS.);
#3676 = CARTESIAN_POINT('',(-0.808989516102,-0.965224102501,0.8700001));
#3677 = CARTESIAN_POINT('',(-0.808989516102,-0.965224102501,0.8600001));
#3678 = ORIENTED_EDGE('',*,*,#3425,.F.);
#3679 = ORIENTED_EDGE('',*,*,#3680,.T.);
#3680 = EDGE_CURVE('',#3426,#3550,#3681,.T.);
#3681 = B_SPLINE_CURVE_WITH_KNOTS('',1,(#3682,#3683),.UNSPECIFIED.,.F.,
  .F.,(2,2),(-0.,1.E-02),.PIECEWISE_BEZIER_KNOTS.);
#3682 = CARTESIAN_POINT('',(-0.827635841401,-0.965224102501,0.8700001));
#3683 = CARTESIAN_POINT('',(-0.827635841401,-0.965224102501,0.8600001));
#3684 = B_SPLINE_SURFACE_WITH_KNOTS('',1,1,(
    (#3685,#3686)
    ,(#3687,#3688)),.UNSPECIFIED.,.F.,.F.,.F.,(2,2),(2,2),(-1.E-02,0.),(
    -1.864632529929E-02,0.),.PIECEWISE_BEZIER_KNOTS.);
#3685 = CARTESIAN_POINT('',(-0.827635841401,-0.965224102501,0.8600001));
#3686 = CARTESIAN_POINT('',(-0.808989516102,-0.965224102501,0.8600001));
#3687 = CARTESIAN_POINT('',(-0.827635841401,-0.965224102501,0.8700001));
#3688 = CARTESIAN_POINT('',(-0.808989516102,-0.965224102501,0.8700001));
#3689 = ADVANCED_FACE('',(#3690),#3700,.F.);
#3690 = FACE_BOUND('',#3691,.F.);
#3691 = EDGE_LOOP('',(#3692,#3693,#3694,#3699));
#3692 = ORIENTED_EDGE('',*,*,#3674,.F.);
#3693 = ORIENTED_EDGE('',*,*,#3434,.T.);
#3694 = ORIENTED_EDGE('',*,*,#3695,.T.);
#3695 = EDGE_CURVE('',#3435,#3591,#3696,.T.);
#3696 = B_SPLINE_CURVE_WITH_KNOTS('',1,(#3697,#3698),.UNSPECIFIED.,.F.,
  .F.,(2,2),(-0.,1.E-02),.PIECEWISE_BEZIER_KNOTS.);
#3697 = CARTESIAN_POINT('',(-0.78266631152,-0.955727646865,0.8700001));
#3698 = CARTESIAN_POINT('',(-0.78266631152,-0.955727646865,0.8600001));
#3699 = ORIENTED_EDGE('',*,*,#3599,.F.);
#3700 = B_SPLINE_SURFACE_WITH_KNOTS('',3,1,(
    (#3701,#3702)
    ,(#3703,#3704)
    ,(#3705,#3706)
    ,(#3707,#3708
    )),.UNSPECIFIED.,.F.,.F.,.F.,(4,4),(2,2),(5.,6.),(0.,1.),
  .PIECEWISE_BEZIER_KNOTS.);
#3701 = CARTESIAN_POINT('',(-0.808989516102,-0.965224102501,0.8700001));
#3702 = CARTESIAN_POINT('',(-0.808989516102,-0.965224102501,0.8600001));
#3703 = CARTESIAN_POINT('',(-0.798262680265,-0.965224102501,0.8700001));
#3704 = CARTESIAN_POINT('',(-0.798262680265,-0.965224102501,0.8600001));
#3705 = CARTESIAN_POINT('',(-0.789476725872,-0.962070170155,0.8700001));
#3706 = CARTESIAN_POINT('',(-0.789476725872,-0.962070170155,0.8600001));
#3707 = CARTESIAN_POINT('',(-0.78266631152,-0.955727646865,0.8700001));
#3708 = CARTESIAN_POINT('',(-0.78266631152,-0.955727646865,0.8600001));
#3709 = ADVANCED_FACE('',(#3710),#3720,.F.);
#3710 = FACE_BOUND('',#3711,.F.);
#3711 = EDGE_LOOP('',(#3712,#3713,#3714,#3719));
#3712 = ORIENTED_EDGE('',*,*,#3695,.F.);
#3713 = ORIENTED_EDGE('',*,*,#3443,.T.);
#3714 = ORIENTED_EDGE('',*,*,#3715,.T.);
#3715 = EDGE_CURVE('',#3444,#3582,#3716,.T.);
#3716 = B_SPLINE_CURVE_WITH_KNOTS('',1,(#3717,#3718),.UNSPECIFIED.,.F.,
  .F.,(2,2),(-0.,1.E-02),.PIECEWISE_BEZIER_KNOTS.);
#3717 = CARTESIAN_POINT('',(-0.772442025343,-0.930461529498,0.8700001));
#3718 = CARTESIAN_POINT('',(-0.772442025343,-0.930461529498,0.8600001));
#3719 = ORIENTED_EDGE('',*,*,#3590,.F.);
#3720 = B_SPLINE_SURFACE_WITH_KNOTS('',3,1,(
    (#3721,#3722)
    ,(#3723,#3724)
    ,(#3725,#3726)
    ,(#3727,#3728
    )),.UNSPECIFIED.,.F.,.F.,.F.,(4,4),(2,2),(4.,5.),(0.,1.),
  .PIECEWISE_BEZIER_KNOTS.);
#3721 = CARTESIAN_POINT('',(-0.78266631152,-0.955727646865,0.8700001));
#3722 = CARTESIAN_POINT('',(-0.78266631152,-0.955727646865,0.8600001));
#3723 = CARTESIAN_POINT('',(-0.775855897168,-0.949385123576,0.8700001));
#3724 = CARTESIAN_POINT('',(-0.775855897168,-0.949385123576,0.8600001));
#3725 = CARTESIAN_POINT('',(-0.772442025343,-0.940963084453,0.8700001));
#3726 = CARTESIAN_POINT('',(-0.772442025343,-0.940963084453,0.8600001));
#3727 = CARTESIAN_POINT('',(-0.772442025343,-0.930461529498,0.8700001));
#3728 = CARTESIAN_POINT('',(-0.772442025343,-0.930461529498,0.8600001));
#3729 = ADVANCED_FACE('',(#3730),#3740,.F.);
#3730 = FACE_BOUND('',#3731,.F.);
#3731 = EDGE_LOOP('',(#3732,#3733,#3734,#3739));
#3732 = ORIENTED_EDGE('',*,*,#3715,.F.);
#3733 = ORIENTED_EDGE('',*,*,#3452,.T.);
#3734 = ORIENTED_EDGE('',*,*,#3735,.T.);
#3735 = EDGE_CURVE('',#3453,#3573,#3736,.T.);
#3736 = B_SPLINE_CURVE_WITH_KNOTS('',1,(#3737,#3738),.UNSPECIFIED.,.F.,
  .F.,(2,2),(-0.,1.E-02),.PIECEWISE_BEZIER_KNOTS.);
#3737 = CARTESIAN_POINT('',(-0.78266631152,-0.906408463034,0.8700001));
#3738 = CARTESIAN_POINT('',(-0.78266631152,-0.906408463034,0.8600001));
#3739 = ORIENTED_EDGE('',*,*,#3581,.F.);
#3740 = B_SPLINE_SURFACE_WITH_KNOTS('',3,1,(
    (#3741,#3742)
    ,(#3743,#3744)
    ,(#3745,#3746)
    ,(#3747,#3748
    )),.UNSPECIFIED.,.F.,.F.,.F.,(4,4),(2,2),(3.,4.),(0.,1.),
  .PIECEWISE_BEZIER_KNOTS.);
#3741 = CARTESIAN_POINT('',(-0.772442025343,-0.930461529498,0.8700001));
#3742 = CARTESIAN_POINT('',(-0.772442025343,-0.930461529498,0.8600001));
#3743 = CARTESIAN_POINT('',(-0.772442025343,-0.920410536308,0.8700001));
#3744 = CARTESIAN_POINT('',(-0.772442025343,-0.920410536308,0.8600001));
#3745 = CARTESIAN_POINT('',(-0.775855897168,-0.912404400352,0.8700001));
#3746 = CARTESIAN_POINT('',(-0.775855897168,-0.912404400352,0.8600001));
#3747 = CARTESIAN_POINT('',(-0.78266631152,-0.906408463034,0.8700001));
#3748 = CARTESIAN_POINT('',(-0.78266631152,-0.906408463034,0.8600001));
#3749 = ADVANCED_FACE('',(#3750),#3760,.F.);
#3750 = FACE_BOUND('',#3751,.F.);
#3751 = EDGE_LOOP('',(#3752,#3753,#3754,#3759));
#3752 = ORIENTED_EDGE('',*,*,#3735,.F.);
#3753 = ORIENTED_EDGE('',*,*,#3461,.T.);
#3754 = ORIENTED_EDGE('',*,*,#3755,.T.);
#3755 = EDGE_CURVE('',#3462,#3566,#3756,.T.);
#3756 = B_SPLINE_CURVE_WITH_KNOTS('',1,(#3757,#3758),.UNSPECIFIED.,.F.,
  .F.,(2,2),(-0.,1.E-02),.PIECEWISE_BEZIER_KNOTS.);
#3757 = CARTESIAN_POINT('',(-0.808296344157,-0.897431886357,0.8700001));
#3758 = CARTESIAN_POINT('',(-0.808296344157,-0.897431886357,0.8600001));
#3759 = ORIENTED_EDGE('',*,*,#3572,.F.);
#3760 = B_SPLINE_SURFACE_WITH_KNOTS('',3,1,(
    (#3761,#3762)
    ,(#3763,#3764)
    ,(#3765,#3766)
    ,(#3767,#3768
    )),.UNSPECIFIED.,.F.,.F.,.F.,(4,4),(2,2),(2.,3.),(0.,1.),
  .PIECEWISE_BEZIER_KNOTS.);
#3761 = CARTESIAN_POINT('',(-0.78266631152,-0.906408463034,0.8700001));
#3762 = CARTESIAN_POINT('',(-0.78266631152,-0.906408463034,0.8600001));
#3763 = CARTESIAN_POINT('',(-0.789476725872,-0.900412525717,0.8700001));
#3764 = CARTESIAN_POINT('',(-0.789476725872,-0.900412525717,0.8600001));
#3765 = CARTESIAN_POINT('',(-0.798020070084,-0.897431886357,0.8700001));
#3766 = CARTESIAN_POINT('',(-0.798020070084,-0.897431886357,0.8600001));
#3767 = CARTESIAN_POINT('',(-0.808296344157,-0.897431886357,0.8700001));
#3768 = CARTESIAN_POINT('',(-0.808296344157,-0.897431886357,0.8600001));
#3769 = ADVANCED_FACE('',(#3770),#3780,.F.);
#3770 = FACE_BOUND('',#3771,.T.);
#3771 = EDGE_LOOP('',(#3772,#3773,#3778,#3779));
#3772 = ORIENTED_EDGE('',*,*,#3565,.T.);
#3773 = ORIENTED_EDGE('',*,*,#3774,.F.);
#3774 = EDGE_CURVE('',#3471,#3559,#3775,.T.);
#3775 = B_SPLINE_CURVE_WITH_KNOTS('',1,(#3776,#3777),.UNSPECIFIED.,.F.,
  .F.,(2,2),(-0.,1.E-02),.PIECEWISE_BEZIER_KNOTS.);
#3776 = CARTESIAN_POINT('',(-0.827635841401,-0.897431886357,0.8700001));
#3777 = CARTESIAN_POINT('',(-0.827635841401,-0.897431886357,0.8600001));
#3778 = ORIENTED_EDGE('',*,*,#3470,.F.);
#3779 = ORIENTED_EDGE('',*,*,#3755,.T.);
#3780 = B_SPLINE_SURFACE_WITH_KNOTS('',1,1,(
    (#3781,#3782)
    ,(#3783,#3784
    )),.UNSPECIFIED.,.F.,.F.,.F.,(2,2),(2,2),(0.,1.E-02),(0.,
    1.933949724364E-02),.PIECEWISE_BEZIER_KNOTS.);
#3781 = CARTESIAN_POINT('',(-0.827635841401,-0.897431886357,0.8700001));
#3782 = CARTESIAN_POINT('',(-0.808296344157,-0.897431886357,0.8700001));
#3783 = CARTESIAN_POINT('',(-0.827635841401,-0.897431886357,0.8600001));
#3784 = CARTESIAN_POINT('',(-0.808296344157,-0.897431886357,0.8600001));
#3785 = ADVANCED_FACE('',(#3786),#3792,.F.);
#3786 = FACE_BOUND('',#3787,.T.);
#3787 = EDGE_LOOP('',(#3788,#3789,#3790,#3791));
#3788 = ORIENTED_EDGE('',*,*,#3558,.T.);
#3789 = ORIENTED_EDGE('',*,*,#3680,.F.);
#3790 = ORIENTED_EDGE('',*,*,#3477,.F.);
#3791 = ORIENTED_EDGE('',*,*,#3774,.T.);
#3792 = B_SPLINE_SURFACE_WITH_KNOTS('',1,1,(
    (#3793,#3794)
    ,(#3795,#3796
    )),.UNSPECIFIED.,.F.,.F.,.F.,(2,2),(2,2),(0.,1.E-02),(0.,
    6.779221614378E-02),.PIECEWISE_BEZIER_KNOTS.);
#3793 = CARTESIAN_POINT('',(-0.827635841401,-0.965224102501,0.8700001));
#3794 = CARTESIAN_POINT('',(-0.827635841401,-0.897431886357,0.8700001));
#3795 = CARTESIAN_POINT('',(-0.827635841401,-0.965224102501,0.8600001));
#3796 = CARTESIAN_POINT('',(-0.827635841401,-0.897431886357,0.8600001));
#3797 = ADVANCED_FACE('',(#3798),#3812,.T.);
#3798 = FACE_BOUND('',#3799,.T.);
#3799 = EDGE_LOOP('',(#3800,#3801,#3806,#3807));
#3800 = ORIENTED_EDGE('',*,*,#3608,.F.);
#3801 = ORIENTED_EDGE('',*,*,#3802,.F.);
#3802 = EDGE_CURVE('',#3494,#3609,#3803,.T.);
#3803 = B_SPLINE_CURVE_WITH_KNOTS('',1,(#3804,#3805),.UNSPECIFIED.,.F.,
  .F.,(2,2),(-0.,1.E-02),.PIECEWISE_BEZIER_KNOTS.);
#3804 = CARTESIAN_POINT('',(-0.80864293013,-0.905230070729,0.8700001));
#3805 = CARTESIAN_POINT('',(-0.80864293013,-0.905230070729,0.8600001));
#3806 = ORIENTED_EDGE('',*,*,#3493,.T.);
#3807 = ORIENTED_EDGE('',*,*,#3808,.T.);
#3808 = EDGE_CURVE('',#3485,#3611,#3809,.T.);
#3809 = B_SPLINE_CURVE_WITH_KNOTS('',1,(#3810,#3811),.UNSPECIFIED.,.F.,
  .F.,(2,2),(-0.,1.E-02),.PIECEWISE_BEZIER_KNOTS.);
#3810 = CARTESIAN_POINT('',(-0.818884545605,-0.905230070729,0.8700001));
#3811 = CARTESIAN_POINT('',(-0.818884545605,-0.905230070729,0.8600001));
#3812 = B_SPLINE_SURFACE_WITH_KNOTS('',1,1,(
    (#3813,#3814)
    ,(#3815,#3816)),.UNSPECIFIED.,.F.,.F.,.F.,(2,2),(2,2),(0.,1.E-02),(
    -1.024161547514E-02,1.110223024625E-16),.PIECEWISE_BEZIER_KNOTS.);
#3813 = CARTESIAN_POINT('',(-0.818884545605,-0.905230070729,0.8700001));
#3814 = CARTESIAN_POINT('',(-0.80864293013,-0.905230070729,0.8700001));
#3815 = CARTESIAN_POINT('',(-0.818884545605,-0.905230070729,0.8600001));
#3816 = CARTESIAN_POINT('',(-0.80864293013,-0.905230070729,0.8600001));
#3817 = ADVANCED_FACE('',(#3818),#3828,.T.);
#3818 = FACE_BOUND('',#3819,.T.);
#3819 = EDGE_LOOP('',(#3820,#3821,#3822,#3823));
#3820 = ORIENTED_EDGE('',*,*,#3617,.F.);
#3821 = ORIENTED_EDGE('',*,*,#3808,.F.);
#3822 = ORIENTED_EDGE('',*,*,#3484,.T.);
#3823 = ORIENTED_EDGE('',*,*,#3824,.T.);
#3824 = EDGE_CURVE('',#3487,#3618,#3825,.T.);
#3825 = B_SPLINE_CURVE_WITH_KNOTS('',1,(#3826,#3827),.UNSPECIFIED.,.F.,
  .F.,(2,2),(-0.,1.E-02),.PIECEWISE_BEZIER_KNOTS.);
#3826 = CARTESIAN_POINT('',(-0.818884545605,-0.957495235323,0.8700001));
#3827 = CARTESIAN_POINT('',(-0.818884545605,-0.957495235323,0.8600001));
#3828 = B_SPLINE_SURFACE_WITH_KNOTS('',1,1,(
    (#3829,#3830)
    ,(#3831,#3832)),.UNSPECIFIED.,.F.,.F.,.F.,(2,2),(2,2),(0.,1.E-02),(
    -5.226516459358E-02,0.),.PIECEWISE_BEZIER_KNOTS.);
#3829 = CARTESIAN_POINT('',(-0.818884545605,-0.957495235323,0.8700001));
#3830 = CARTESIAN_POINT('',(-0.818884545605,-0.905230070729,0.8700001));
#3831 = CARTESIAN_POINT('',(-0.818884545605,-0.957495235323,0.8600001));
#3832 = CARTESIAN_POINT('',(-0.818884545605,-0.905230070729,0.8600001));
#3833 = ADVANCED_FACE('',(#3834),#3844,.T.);
#3834 = FACE_BOUND('',#3835,.T.);
#3835 = EDGE_LOOP('',(#3836,#3837,#3838,#3839));
#3836 = ORIENTED_EDGE('',*,*,#3624,.F.);
#3837 = ORIENTED_EDGE('',*,*,#3824,.F.);
#3838 = ORIENTED_EDGE('',*,*,#3536,.T.);
#3839 = ORIENTED_EDGE('',*,*,#3840,.T.);
#3840 = EDGE_CURVE('',#3528,#3625,#3841,.T.);
#3841 = B_SPLINE_CURVE_WITH_KNOTS('',1,(#3842,#3843),.UNSPECIFIED.,.F.,
  .F.,(2,2),(-0.,1.E-02),.PIECEWISE_BEZIER_KNOTS.);
#3842 = CARTESIAN_POINT('',(-0.809041503997,-0.957495235323,0.8700001));
#3843 = CARTESIAN_POINT('',(-0.809041503997,-0.957495235323,0.8600001));
#3844 = B_SPLINE_SURFACE_WITH_KNOTS('',1,1,(
    (#3845,#3846)
    ,(#3847,#3848
    )),.UNSPECIFIED.,.F.,.F.,.F.,(2,2),(2,2),(-1.E-02,0.),(0.,
    9.843041607672E-03),.PIECEWISE_BEZIER_KNOTS.);
#3845 = CARTESIAN_POINT('',(-0.818884545605,-0.957495235323,0.8600001));
#3846 = CARTESIAN_POINT('',(-0.809041503997,-0.957495235323,0.8600001));
#3847 = CARTESIAN_POINT('',(-0.818884545605,-0.957495235323,0.8700001));
#3848 = CARTESIAN_POINT('',(-0.809041503997,-0.957495235323,0.8700001));
#3849 = ADVANCED_FACE('',(#3850),#3860,.T.);
#3850 = FACE_BOUND('',#3851,.T.);
#3851 = EDGE_LOOP('',(#3852,#3853,#3854,#3855));
#3852 = ORIENTED_EDGE('',*,*,#3631,.F.);
#3853 = ORIENTED_EDGE('',*,*,#3840,.F.);
#3854 = ORIENTED_EDGE('',*,*,#3527,.T.);
#3855 = ORIENTED_EDGE('',*,*,#3856,.T.);
#3856 = EDGE_CURVE('',#3519,#3632,#3857,.T.);
#3857 = B_SPLINE_CURVE_WITH_KNOTS('',1,(#3858,#3859),.UNSPECIFIED.,.F.,
  .F.,(2,2),(-0.,1.E-02),.PIECEWISE_BEZIER_KNOTS.);
#3858 = CARTESIAN_POINT('',(-0.788887529719,-0.950424881492,0.8700001));
#3859 = CARTESIAN_POINT('',(-0.788887529719,-0.950424881492,0.8600001));
#3860 = B_SPLINE_SURFACE_WITH_KNOTS('',3,1,(
    (#3861,#3862)
    ,(#3863,#3864)
    ,(#3865,#3866)
    ,(#3867,#3868
    )),.UNSPECIFIED.,.F.,.F.,.F.,(4,4),(2,2),(2.,3.),(0.,1.),
  .PIECEWISE_BEZIER_KNOTS.);
#3861 = CARTESIAN_POINT('',(-0.809041503997,-0.957495235323,0.8700001));
#3862 = CARTESIAN_POINT('',(-0.809041503997,-0.957495235323,0.8600001));
#3863 = CARTESIAN_POINT('',(-0.800428842591,-0.957495235323,0.8700001));
#3864 = CARTESIAN_POINT('',(-0.800428842591,-0.957495235323,0.8600001));
#3865 = CARTESIAN_POINT('',(-0.793705074732,-0.955138450712,0.8700001));
#3866 = CARTESIAN_POINT('',(-0.793705074732,-0.955138450712,0.8600001));
#3867 = CARTESIAN_POINT('',(-0.788887529719,-0.950424881492,0.8700001));
#3868 = CARTESIAN_POINT('',(-0.788887529719,-0.950424881492,0.8600001));
#3869 = ADVANCED_FACE('',(#3870),#3880,.T.);
#3870 = FACE_BOUND('',#3871,.T.);
#3871 = EDGE_LOOP('',(#3872,#3873,#3874,#3875));
#3872 = ORIENTED_EDGE('',*,*,#3640,.F.);
#3873 = ORIENTED_EDGE('',*,*,#3856,.F.);
#3874 = ORIENTED_EDGE('',*,*,#3518,.T.);
#3875 = ORIENTED_EDGE('',*,*,#3876,.T.);
#3876 = EDGE_CURVE('',#3510,#3641,#3877,.T.);
#3877 = B_SPLINE_CURVE_WITH_KNOTS('',1,(#3878,#3879),.UNSPECIFIED.,.F.,
  .F.,(2,2),(-0.,1.E-02),.PIECEWISE_BEZIER_KNOTS.);
#3878 = CARTESIAN_POINT('',(-0.781643882902,-0.930704139679,0.8700001));
#3879 = CARTESIAN_POINT('',(-0.781643882902,-0.930704139679,0.8600001));
#3880 = B_SPLINE_SURFACE_WITH_KNOTS('',3,1,(
    (#3881,#3882)
    ,(#3883,#3884)
    ,(#3885,#3886)
    ,(#3887,#3888
    )),.UNSPECIFIED.,.F.,.F.,.F.,(4,4),(2,2),(3.,4.),(0.,1.),
  .PIECEWISE_BEZIER_KNOTS.);
#3881 = CARTESIAN_POINT('',(-0.788887529719,-0.950424881492,0.8700001));
#3882 = CARTESIAN_POINT('',(-0.788887529719,-0.950424881492,0.8600001));
#3883 = CARTESIAN_POINT('',(-0.784052655408,-0.945745970868,0.8700001));
#3884 = CARTESIAN_POINT('',(-0.784052655408,-0.945745970868,0.8600001));
#3885 = CARTESIAN_POINT('',(-0.781643882902,-0.939160837399,0.8700001));
#3886 = CARTESIAN_POINT('',(-0.781643882902,-0.939160837399,0.8600001));
#3887 = CARTESIAN_POINT('',(-0.781643882902,-0.930704139679,0.8700001));
#3888 = CARTESIAN_POINT('',(-0.781643882902,-0.930704139679,0.8600001));
#3889 = ADVANCED_FACE('',(#3890),#3900,.T.);
#3890 = FACE_BOUND('',#3891,.T.);
#3891 = EDGE_LOOP('',(#3892,#3893,#3894,#3895));
#3892 = ORIENTED_EDGE('',*,*,#3649,.F.);
#3893 = ORIENTED_EDGE('',*,*,#3876,.F.);
#3894 = ORIENTED_EDGE('',*,*,#3509,.T.);
#3895 = ORIENTED_EDGE('',*,*,#3896,.T.);
#3896 = EDGE_CURVE('',#3501,#3650,#3897,.T.);
#3897 = B_SPLINE_CURVE_WITH_KNOTS('',1,(#3898,#3899),.UNSPECIFIED.,.F.,
  .F.,(2,2),(-0.,1.E-02),.PIECEWISE_BEZIER_KNOTS.);
#3898 = CARTESIAN_POINT('',(-0.789078152004,-0.911607252616,0.8700001));
#3899 = CARTESIAN_POINT('',(-0.789078152004,-0.911607252616,0.8600001));
#3900 = B_SPLINE_SURFACE_WITH_KNOTS('',3,1,(
    (#3901,#3902)
    ,(#3903,#3904)
    ,(#3905,#3906)
    ,(#3907,#3908
    )),.UNSPECIFIED.,.F.,.F.,.F.,(4,4),(2,2),(4.,5.),(0.,1.),
  .PIECEWISE_BEZIER_KNOTS.);
#3901 = CARTESIAN_POINT('',(-0.781643882902,-0.930704139679,0.8700001));
#3902 = CARTESIAN_POINT('',(-0.781643882902,-0.930704139679,0.8600001));
#3903 = CARTESIAN_POINT('',(-0.781643882902,-0.92224744196,0.8700001));
#3904 = CARTESIAN_POINT('',(-0.781643882902,-0.92224744196,0.8600001));
#3905 = CARTESIAN_POINT('',(-0.784121972603,-0.915870260073,0.8700001));
#3906 = CARTESIAN_POINT('',(-0.784121972603,-0.915870260073,0.8600001));
#3907 = CARTESIAN_POINT('',(-0.789078152004,-0.911607252616,0.8700001));
#3908 = CARTESIAN_POINT('',(-0.789078152004,-0.911607252616,0.8600001));
#3909 = ADVANCED_FACE('',(#3910),#3916,.T.);
#3910 = FACE_BOUND('',#3911,.T.);
#3911 = EDGE_LOOP('',(#3912,#3913,#3914,#3915));
#3912 = ORIENTED_EDGE('',*,*,#3658,.F.);
#3913 = ORIENTED_EDGE('',*,*,#3896,.F.);
#3914 = ORIENTED_EDGE('',*,*,#3500,.T.);
#3915 = ORIENTED_EDGE('',*,*,#3802,.T.);
#3916 = B_SPLINE_SURFACE_WITH_KNOTS('',3,1,(
    (#3917,#3918)
    ,(#3919,#3920)
    ,(#3921,#3922)
    ,(#3923,#3924
    )),.UNSPECIFIED.,.F.,.F.,.F.,(4,4),(2,2),(5.,6.),(0.,1.),
  .PIECEWISE_BEZIER_KNOTS.);
#3917 = CARTESIAN_POINT('',(-0.789078152004,-0.911607252616,0.8700001));
#3918 = CARTESIAN_POINT('',(-0.789078152004,-0.911607252616,0.8600001));
#3919 = CARTESIAN_POINT('',(-0.794034331406,-0.907344245159,0.8700001));
#3920 = CARTESIAN_POINT('',(-0.794034331406,-0.907344245159,0.8600001));
#3921 = CARTESIAN_POINT('',(-0.80056747698,-0.905230070729,0.8700001));
#3922 = CARTESIAN_POINT('',(-0.80056747698,-0.905230070729,0.8600001));
#3923 = CARTESIAN_POINT('',(-0.80864293013,-0.905230070729,0.8700001));
#3924 = CARTESIAN_POINT('',(-0.80864293013,-0.905230070729,0.8600001));
#3925 = MANIFOLD_SOLID_BREP('',#3926);
#3926 = CLOSED_SHELL('',(#3927,#4039,#4151,#4171,#4187,#4203,#4219,#4235
    ,#4251,#4267,#4279,#4299,#4315,#4335,#4351,#4371));
#3927 = ADVANCED_FACE('',(#3928,#3986),#4034,.F.);
#3928 = FACE_BOUND('',#3929,.T.);
#3929 = EDGE_LOOP('',(#3930,#3939,#3946,#3953,#3960,#3967,#3974,#3981));
#3930 = ORIENTED_EDGE('',*,*,#3931,.T.);
#3931 = EDGE_CURVE('',#3932,#3934,#3936,.T.);
#3932 = VERTEX_POINT('',#3933);
#3933 = CARTESIAN_POINT('',(-0.707682436455,-0.965224102501,0.8700001));
#3934 = VERTEX_POINT('',#3935);
#3935 = CARTESIAN_POINT('',(-0.733503091377,-0.897431886357,0.8700001));
#3936 = B_SPLINE_CURVE_WITH_KNOTS('',1,(#3937,#3938),.UNSPECIFIED.,.F.,
  .F.,(2,2),(-7.254302716517E-02,0.),.PIECEWISE_BEZIER_KNOTS.);
#3937 = CARTESIAN_POINT('',(-0.707682436455,-0.965224102501,0.8700001));
#3938 = CARTESIAN_POINT('',(-0.733503091377,-0.897431886357,0.8700001));
#3939 = ORIENTED_EDGE('',*,*,#3940,.T.);
#3940 = EDGE_CURVE('',#3934,#3941,#3943,.T.);
#3941 = VERTEX_POINT('',#3942);
#3942 = CARTESIAN_POINT('',(-0.742860912624,-0.897431886357,0.8700001));
#3943 = B_SPLINE_CURVE_WITH_KNOTS('',1,(#3944,#3945),.UNSPECIFIED.,.F.,
  .F.,(2,2),(-9.357821246817E-03,-0.),.PIECEWISE_BEZIER_KNOTS.);
#3944 = CARTESIAN_POINT('',(-0.733503091377,-0.897431886357,0.8700001));
#3945 = CARTESIAN_POINT('',(-0.742860912624,-0.897431886357,0.8700001));
#3946 = ORIENTED_EDGE('',*,*,#3947,.T.);
#3947 = EDGE_CURVE('',#3941,#3948,#3950,.T.);
#3948 = VERTEX_POINT('',#3949);
#3949 = CARTESIAN_POINT('',(-0.768681567545,-0.965224102501,0.8700001));
#3950 = B_SPLINE_CURVE_WITH_KNOTS('',1,(#3951,#3952),.UNSPECIFIED.,.F.,
  .F.,(2,2),(-7.254302716501E-02,-0.),.PIECEWISE_BEZIER_KNOTS.);
#3951 = CARTESIAN_POINT('',(-0.742860912624,-0.897431886357,0.8700001));
#3952 = CARTESIAN_POINT('',(-0.768681567545,-0.965224102501,0.8700001));
#3953 = ORIENTED_EDGE('',*,*,#3954,.T.);
#3954 = EDGE_CURVE('',#3948,#3955,#3957,.T.);
#3955 = VERTEX_POINT('',#3956);
#3956 = CARTESIAN_POINT('',(-0.759011818924,-0.965224102501,0.8700001));
#3957 = B_SPLINE_CURVE_WITH_KNOTS('',1,(#3958,#3959),.UNSPECIFIED.,.F.,
  .F.,(2,2),(-9.669748621356E-03,0.),.PIECEWISE_BEZIER_KNOTS.);
#3958 = CARTESIAN_POINT('',(-0.768681567545,-0.965224102501,0.8700001));
#3959 = CARTESIAN_POINT('',(-0.759011818924,-0.965224102501,0.8700001));
#3960 = ORIENTED_EDGE('',*,*,#3961,.T.);
#3961 = EDGE_CURVE('',#3955,#3962,#3964,.T.);
#3962 = VERTEX_POINT('',#3963);
#3963 = CARTESIAN_POINT('',(-0.752496002648,-0.946681752993,0.8700001));
#3964 = B_SPLINE_CURVE_WITH_KNOTS('',1,(#3965,#3966),.UNSPECIFIED.,.F.,
  .F.,(2,2),(-1.965386951736E-02,0.),.PIECEWISE_BEZIER_KNOTS.);
#3965 = CARTESIAN_POINT('',(-0.759011818924,-0.965224102501,0.8700001));
#3966 = CARTESIAN_POINT('',(-0.752496002648,-0.946681752993,0.8700001));
#3967 = ORIENTED_EDGE('',*,*,#3968,.T.);
#3968 = EDGE_CURVE('',#3962,#3969,#3971,.T.);
#3969 = VERTEX_POINT('',#3970);
#3970 = CARTESIAN_POINT('',(-0.72426657522,-0.946681752993,0.8700001));
#3971 = B_SPLINE_CURVE_WITH_KNOTS('',1,(#3972,#3973),.UNSPECIFIED.,.F.,
  .F.,(2,2),(-2.822942742818E-02,0.),.PIECEWISE_BEZIER_KNOTS.);
#3972 = CARTESIAN_POINT('',(-0.752496002648,-0.946681752993,0.8700001));
#3973 = CARTESIAN_POINT('',(-0.72426657522,-0.946681752993,0.8700001));
#3974 = ORIENTED_EDGE('',*,*,#3975,.T.);
#3975 = EDGE_CURVE('',#3969,#3976,#3978,.T.);
#3976 = VERTEX_POINT('',#3977);
#3977 = CARTESIAN_POINT('',(-0.717352185077,-0.965224102501,0.8700001));
#3978 = B_SPLINE_CURVE_WITH_KNOTS('',1,(#3979,#3980),.UNSPECIFIED.,.F.,
  .F.,(2,2),(-1.978958100428E-02,0.),.PIECEWISE_BEZIER_KNOTS.);
#3979 = CARTESIAN_POINT('',(-0.72426657522,-0.946681752993,0.8700001));
#3980 = CARTESIAN_POINT('',(-0.717352185077,-0.965224102501,0.8700001));
#3981 = ORIENTED_EDGE('',*,*,#3982,.T.);
#3982 = EDGE_CURVE('',#3976,#3932,#3983,.T.);
#3983 = B_SPLINE_CURVE_WITH_KNOTS('',1,(#3984,#3985),.UNSPECIFIED.,.F.,
  .F.,(2,2),(-9.669748621818E-03,0.),.PIECEWISE_BEZIER_KNOTS.);
#3984 = CARTESIAN_POINT('',(-0.717352185077,-0.965224102501,0.8700001));
#3985 = CARTESIAN_POINT('',(-0.707682436455,-0.965224102501,0.8700001));
#3986 = FACE_BOUND('',#3987,.T.);
#3987 = EDGE_LOOP('',(#3988,#3997,#4004,#4013,#4020,#4029));
#3988 = ORIENTED_EDGE('',*,*,#3989,.F.);
#3989 = EDGE_CURVE('',#3990,#3992,#3994,.T.);
#3990 = VERTEX_POINT('',#3991);
#3991 = CARTESIAN_POINT('',(-0.749723314872,-0.939022203009,0.8700001));
#3992 = VERTEX_POINT('',#3993);
#3993 = CARTESIAN_POINT('',(-0.726969945803,-0.939022203009,0.8700001));
#3994 = B_SPLINE_CURVE_WITH_KNOTS('',1,(#3995,#3996),.UNSPECIFIED.,.F.,
  .F.,(2,2),(0.,2.275336906868E-02),.PIECEWISE_BEZIER_KNOTS.);
#3995 = CARTESIAN_POINT('',(-0.749723314872,-0.939022203009,0.8700001));
#3996 = CARTESIAN_POINT('',(-0.726969945803,-0.939022203009,0.8700001));
#3997 = ORIENTED_EDGE('',*,*,#3998,.F.);
#3998 = EDGE_CURVE('',#3999,#3990,#4001,.T.);
#3999 = VERTEX_POINT('',#4000);
#4000 = CARTESIAN_POINT('',(-0.739585675187,-0.910844763477,0.8700001));
#4001 = B_SPLINE_CURVE_WITH_KNOTS('',1,(#4002,#4003),.UNSPECIFIED.,.F.,
  .F.,(2,2),(2.089337120372E-16,2.994561465293E-02),
  .PIECEWISE_BEZIER_KNOTS.);
#4002 = CARTESIAN_POINT('',(-0.739585675187,-0.910844763477,0.8700001));
#4003 = CARTESIAN_POINT('',(-0.749723314872,-0.939022203009,0.8700001));
#4004 = ORIENTED_EDGE('',*,*,#4005,.F.);
#4005 = EDGE_CURVE('',#4006,#3999,#4008,.T.);
#4006 = VERTEX_POINT('',#4007);
#4007 = CARTESIAN_POINT('',(-0.738476600077,-0.906096535659,0.8700001));
#4008 = B_SPLINE_CURVE_WITH_KNOTS('',3,(#4009,#4010,#4011,#4012),
  .UNSPECIFIED.,.F.,.F.,(4,4),(3.,4.),.PIECEWISE_BEZIER_KNOTS.);
#4009 = CARTESIAN_POINT('',(-0.738476600077,-0.906096535659,0.8700001));
#4010 = CARTESIAN_POINT('',(-0.73880585675,-0.908141392895,0.8700001));
#4011 = CARTESIAN_POINT('',(-0.739169772021,-0.909735688367,0.8700001));
#4012 = CARTESIAN_POINT('',(-0.739585675187,-0.910844763477,0.8700001));
#4013 = ORIENTED_EDGE('',*,*,#4014,.F.);
#4014 = EDGE_CURVE('',#4015,#4006,#4017,.T.);
#4015 = VERTEX_POINT('',#4016);
#4016 = CARTESIAN_POINT('',(-0.738268648494,-0.906096535659,0.8700001));
#4017 = B_SPLINE_CURVE_WITH_KNOTS('',1,(#4018,#4019),.UNSPECIFIED.,.F.,
  .F.,(2,2),(-1.110223024625E-16,2.079515830264E-04),
  .PIECEWISE_BEZIER_KNOTS.);
#4018 = CARTESIAN_POINT('',(-0.738268648494,-0.906096535659,0.8700001));
#4019 = CARTESIAN_POINT('',(-0.738476600077,-0.906096535659,0.8700001));
#4020 = ORIENTED_EDGE('',*,*,#4021,.F.);
#4021 = EDGE_CURVE('',#4022,#4015,#4024,.T.);
#4022 = VERTEX_POINT('',#4023);
#4023 = CARTESIAN_POINT('',(-0.737211561278,-0.910844763477,0.8700001));
#4024 = B_SPLINE_CURVE_WITH_KNOTS('',3,(#4025,#4026,#4027,#4028),
  .UNSPECIFIED.,.F.,.F.,(4,4),(1.,2.),.PIECEWISE_BEZIER_KNOTS.);
#4025 = CARTESIAN_POINT('',(-0.737211561278,-0.910844763477,0.8700001));
#4026 = CARTESIAN_POINT('',(-0.737540817952,-0.909908981353,0.8700001));
#4027 = CARTESIAN_POINT('',(-0.737887403924,-0.908349344478,0.8700001));
#4028 = CARTESIAN_POINT('',(-0.738268648494,-0.906096535659,0.8700001));
#4029 = ORIENTED_EDGE('',*,*,#4030,.F.);
#4030 = EDGE_CURVE('',#3992,#4022,#4031,.T.);
#4031 = B_SPLINE_CURVE_WITH_KNOTS('',1,(#4032,#4033),.UNSPECIFIED.,.F.,
  .F.,(2,2),(0.,2.998097373548E-02),.PIECEWISE_BEZIER_KNOTS.);
#4032 = CARTESIAN_POINT('',(-0.726969945803,-0.939022203009,0.8700001));
#4033 = CARTESIAN_POINT('',(-0.737211561278,-0.910844763477,0.8700001));
#4034 = B_SPLINE_SURFACE_WITH_KNOTS('',1,1,(
    (#4035,#4036)
    ,(#4037,#4038
    )),.UNSPECIFIED.,.F.,.F.,.F.,(2,2),(2,2),(0.707682436455,
    0.768681567545),(-0.965224102501,-0.897431886357),
  .PIECEWISE_BEZIER_KNOTS.);
#4035 = CARTESIAN_POINT('',(-0.707682436455,-0.965224102501,0.8700001));
#4036 = CARTESIAN_POINT('',(-0.707682436455,-0.897431886357,0.8700001));
#4037 = CARTESIAN_POINT('',(-0.768681567545,-0.965224102501,0.8700001));
#4038 = CARTESIAN_POINT('',(-0.768681567545,-0.897431886357,0.8700001));
#4039 = ADVANCED_FACE('',(#4040,#4098),#4146,.T.);
#4040 = FACE_BOUND('',#4041,.T.);
#4041 = EDGE_LOOP('',(#4042,#4051,#4058,#4065,#4072,#4079,#4086,#4093));
#4042 = ORIENTED_EDGE('',*,*,#4043,.F.);
#4043 = EDGE_CURVE('',#4044,#4046,#4048,.T.);
#4044 = VERTEX_POINT('',#4045);
#4045 = CARTESIAN_POINT('',(-0.707682436455,-0.965224102501,0.8600001));
#4046 = VERTEX_POINT('',#4047);
#4047 = CARTESIAN_POINT('',(-0.733503091377,-0.897431886357,0.8600001));
#4048 = B_SPLINE_CURVE_WITH_KNOTS('',1,(#4049,#4050),.UNSPECIFIED.,.F.,
  .F.,(2,2),(-7.254302716517E-02,0.),.PIECEWISE_BEZIER_KNOTS.);
#4049 = CARTESIAN_POINT('',(-0.707682436455,-0.965224102501,0.8600001));
#4050 = CARTESIAN_POINT('',(-0.733503091377,-0.897431886357,0.8600001));
#4051 = ORIENTED_EDGE('',*,*,#4052,.F.);
#4052 = EDGE_CURVE('',#4053,#4044,#4055,.T.);
#4053 = VERTEX_POINT('',#4054);
#4054 = CARTESIAN_POINT('',(-0.717352185077,-0.965224102501,0.8600001));
#4055 = B_SPLINE_CURVE_WITH_KNOTS('',1,(#4056,#4057),.UNSPECIFIED.,.F.,
  .F.,(2,2),(-9.669748621818E-03,0.),.PIECEWISE_BEZIER_KNOTS.);
#4056 = CARTESIAN_POINT('',(-0.717352185077,-0.965224102501,0.8600001));
#4057 = CARTESIAN_POINT('',(-0.707682436455,-0.965224102501,0.8600001));
#4058 = ORIENTED_EDGE('',*,*,#4059,.F.);
#4059 = EDGE_CURVE('',#4060,#4053,#4062,.T.);
#4060 = VERTEX_POINT('',#4061);
#4061 = CARTESIAN_POINT('',(-0.72426657522,-0.946681752993,0.8600001));
#4062 = B_SPLINE_CURVE_WITH_KNOTS('',1,(#4063,#4064),.UNSPECIFIED.,.F.,
  .F.,(2,2),(-1.978958100428E-02,0.),.PIECEWISE_BEZIER_KNOTS.);
#4063 = CARTESIAN_POINT('',(-0.72426657522,-0.946681752993,0.8600001));
#4064 = CARTESIAN_POINT('',(-0.717352185077,-0.965224102501,0.8600001));
#4065 = ORIENTED_EDGE('',*,*,#4066,.F.);
#4066 = EDGE_CURVE('',#4067,#4060,#4069,.T.);
#4067 = VERTEX_POINT('',#4068);
#4068 = CARTESIAN_POINT('',(-0.752496002648,-0.946681752993,0.8600001));
#4069 = B_SPLINE_CURVE_WITH_KNOTS('',1,(#4070,#4071),.UNSPECIFIED.,.F.,
  .F.,(2,2),(-2.822942742818E-02,0.),.PIECEWISE_BEZIER_KNOTS.);
#4070 = CARTESIAN_POINT('',(-0.752496002648,-0.946681752993,0.8600001));
#4071 = CARTESIAN_POINT('',(-0.72426657522,-0.946681752993,0.8600001));
#4072 = ORIENTED_EDGE('',*,*,#4073,.F.);
#4073 = EDGE_CURVE('',#4074,#4067,#4076,.T.);
#4074 = VERTEX_POINT('',#4075);
#4075 = CARTESIAN_POINT('',(-0.759011818924,-0.965224102501,0.8600001));
#4076 = B_SPLINE_CURVE_WITH_KNOTS('',1,(#4077,#4078),.UNSPECIFIED.,.F.,
  .F.,(2,2),(-1.965386951736E-02,0.),.PIECEWISE_BEZIER_KNOTS.);
#4077 = CARTESIAN_POINT('',(-0.759011818924,-0.965224102501,0.8600001));
#4078 = CARTESIAN_POINT('',(-0.752496002648,-0.946681752993,0.8600001));
#4079 = ORIENTED_EDGE('',*,*,#4080,.F.);
#4080 = EDGE_CURVE('',#4081,#4074,#4083,.T.);
#4081 = VERTEX_POINT('',#4082);
#4082 = CARTESIAN_POINT('',(-0.768681567545,-0.965224102501,0.8600001));
#4083 = B_SPLINE_CURVE_WITH_KNOTS('',1,(#4084,#4085),.UNSPECIFIED.,.F.,
  .F.,(2,2),(-9.669748621356E-03,0.),.PIECEWISE_BEZIER_KNOTS.);
#4084 = CARTESIAN_POINT('',(-0.768681567545,-0.965224102501,0.8600001));
#4085 = CARTESIAN_POINT('',(-0.759011818924,-0.965224102501,0.8600001));
#4086 = ORIENTED_EDGE('',*,*,#4087,.F.);
#4087 = EDGE_CURVE('',#4088,#4081,#4090,.T.);
#4088 = VERTEX_POINT('',#4089);
#4089 = CARTESIAN_POINT('',(-0.742860912624,-0.897431886357,0.8600001));
#4090 = B_SPLINE_CURVE_WITH_KNOTS('',1,(#4091,#4092),.UNSPECIFIED.,.F.,
  .F.,(2,2),(-7.254302716501E-02,-0.),.PIECEWISE_BEZIER_KNOTS.);
#4091 = CARTESIAN_POINT('',(-0.742860912624,-0.897431886357,0.8600001));
#4092 = CARTESIAN_POINT('',(-0.768681567545,-0.965224102501,0.8600001));
#4093 = ORIENTED_EDGE('',*,*,#4094,.F.);
#4094 = EDGE_CURVE('',#4046,#4088,#4095,.T.);
#4095 = B_SPLINE_CURVE_WITH_KNOTS('',1,(#4096,#4097),.UNSPECIFIED.,.F.,
  .F.,(2,2),(-9.357821246817E-03,-0.),.PIECEWISE_BEZIER_KNOTS.);
#4096 = CARTESIAN_POINT('',(-0.733503091377,-0.897431886357,0.8600001));
#4097 = CARTESIAN_POINT('',(-0.742860912624,-0.897431886357,0.8600001));
#4098 = FACE_BOUND('',#4099,.T.);
#4099 = EDGE_LOOP('',(#4100,#4109,#4116,#4123,#4132,#4139));
#4100 = ORIENTED_EDGE('',*,*,#4101,.T.);
#4101 = EDGE_CURVE('',#4102,#4104,#4106,.T.);
#4102 = VERTEX_POINT('',#4103);
#4103 = CARTESIAN_POINT('',(-0.739585675187,-0.910844763477,0.8600001));
#4104 = VERTEX_POINT('',#4105);
#4105 = CARTESIAN_POINT('',(-0.749723314872,-0.939022203009,0.8600001));
#4106 = B_SPLINE_CURVE_WITH_KNOTS('',1,(#4107,#4108),.UNSPECIFIED.,.F.,
  .F.,(2,2),(6.688191704484E-17,2.994561465293E-02),
  .PIECEWISE_BEZIER_KNOTS.);
#4107 = CARTESIAN_POINT('',(-0.739585675187,-0.910844763477,0.8600001));
#4108 = CARTESIAN_POINT('',(-0.749723314872,-0.939022203009,0.8600001));
#4109 = ORIENTED_EDGE('',*,*,#4110,.T.);
#4110 = EDGE_CURVE('',#4104,#4111,#4113,.T.);
#4111 = VERTEX_POINT('',#4112);
#4112 = CARTESIAN_POINT('',(-0.726969945803,-0.939022203009,0.8600001));
#4113 = B_SPLINE_CURVE_WITH_KNOTS('',1,(#4114,#4115),.UNSPECIFIED.,.F.,
  .F.,(2,2),(0.,2.275336906868E-02),.PIECEWISE_BEZIER_KNOTS.);
#4114 = CARTESIAN_POINT('',(-0.749723314872,-0.939022203009,0.8600001));
#4115 = CARTESIAN_POINT('',(-0.726969945803,-0.939022203009,0.8600001));
#4116 = ORIENTED_EDGE('',*,*,#4117,.T.);
#4117 = EDGE_CURVE('',#4111,#4118,#4120,.T.);
#4118 = VERTEX_POINT('',#4119);
#4119 = CARTESIAN_POINT('',(-0.737211561278,-0.910844763477,0.8600001));
#4120 = B_SPLINE_CURVE_WITH_KNOTS('',1,(#4121,#4122),.UNSPECIFIED.,.F.,
  .F.,(2,2),(0.,2.998097373548E-02),.PIECEWISE_BEZIER_KNOTS.);
#4121 = CARTESIAN_POINT('',(-0.726969945803,-0.939022203009,0.8600001));
#4122 = CARTESIAN_POINT('',(-0.737211561278,-0.910844763477,0.8600001));
#4123 = ORIENTED_EDGE('',*,*,#4124,.T.);
#4124 = EDGE_CURVE('',#4118,#4125,#4127,.T.);
#4125 = VERTEX_POINT('',#4126);
#4126 = CARTESIAN_POINT('',(-0.738268648494,-0.906096535659,0.8600001));
#4127 = B_SPLINE_CURVE_WITH_KNOTS('',3,(#4128,#4129,#4130,#4131),
  .UNSPECIFIED.,.F.,.F.,(4,4),(1.,2.),.PIECEWISE_BEZIER_KNOTS.);
#4128 = CARTESIAN_POINT('',(-0.737211561278,-0.910844763477,0.8600001));
#4129 = CARTESIAN_POINT('',(-0.737540817952,-0.909908981353,0.8600001));
#4130 = CARTESIAN_POINT('',(-0.737887403924,-0.908349344478,0.8600001));
#4131 = CARTESIAN_POINT('',(-0.738268648494,-0.906096535659,0.8600001));
#4132 = ORIENTED_EDGE('',*,*,#4133,.T.);
#4133 = EDGE_CURVE('',#4125,#4134,#4136,.T.);
#4134 = VERTEX_POINT('',#4135);
#4135 = CARTESIAN_POINT('',(-0.738476600077,-0.906096535659,0.8600001));
#4136 = B_SPLINE_CURVE_WITH_KNOTS('',1,(#4137,#4138),.UNSPECIFIED.,.F.,
  .F.,(2,2),(-1.110223024625E-16,2.079515830264E-04),
  .PIECEWISE_BEZIER_KNOTS.);
#4137 = CARTESIAN_POINT('',(-0.738268648494,-0.906096535659,0.8600001));
#4138 = CARTESIAN_POINT('',(-0.738476600077,-0.906096535659,0.8600001));
#4139 = ORIENTED_EDGE('',*,*,#4140,.T.);
#4140 = EDGE_CURVE('',#4134,#4102,#4141,.T.);
#4141 = B_SPLINE_CURVE_WITH_KNOTS('',3,(#4142,#4143,#4144,#4145),
  .UNSPECIFIED.,.F.,.F.,(4,4),(3.,4.),.PIECEWISE_BEZIER_KNOTS.);
#4142 = CARTESIAN_POINT('',(-0.738476600077,-0.906096535659,0.8600001));
#4143 = CARTESIAN_POINT('',(-0.73880585675,-0.908141392895,0.8600001));
#4144 = CARTESIAN_POINT('',(-0.739169772021,-0.909735688367,0.8600001));
#4145 = CARTESIAN_POINT('',(-0.739585675187,-0.910844763477,0.8600001));
#4146 = B_SPLINE_SURFACE_WITH_KNOTS('',1,1,(
    (#4147,#4148)
    ,(#4149,#4150
    )),.UNSPECIFIED.,.F.,.F.,.F.,(2,2),(2,2),(0.707682436455,
    0.768681567545),(-0.965224102501,-0.897431886357),
  .PIECEWISE_BEZIER_KNOTS.);
#4147 = CARTESIAN_POINT('',(-0.707682436455,-0.965224102501,0.8600001));
#4148 = CARTESIAN_POINT('',(-0.707682436455,-0.897431886357,0.8600001));
#4149 = CARTESIAN_POINT('',(-0.768681567545,-0.965224102501,0.8600001));
#4150 = CARTESIAN_POINT('',(-0.768681567545,-0.897431886357,0.8600001));
#4151 = ADVANCED_FACE('',(#4152),#4166,.F.);
#4152 = FACE_BOUND('',#4153,.T.);
#4153 = EDGE_LOOP('',(#4154,#4155,#4160,#4161));
#4154 = ORIENTED_EDGE('',*,*,#4043,.T.);
#4155 = ORIENTED_EDGE('',*,*,#4156,.F.);
#4156 = EDGE_CURVE('',#3934,#4046,#4157,.T.);
#4157 = B_SPLINE_CURVE_WITH_KNOTS('',1,(#4158,#4159),.UNSPECIFIED.,.F.,
  .F.,(2,2),(-0.,1.E-02),.PIECEWISE_BEZIER_KNOTS.);
#4158 = CARTESIAN_POINT('',(-0.733503091377,-0.897431886357,0.8700001));
#4159 = CARTESIAN_POINT('',(-0.733503091377,-0.897431886357,0.8600001));
#4160 = ORIENTED_EDGE('',*,*,#3931,.F.);
#4161 = ORIENTED_EDGE('',*,*,#4162,.T.);
#4162 = EDGE_CURVE('',#3932,#4044,#4163,.T.);
#4163 = B_SPLINE_CURVE_WITH_KNOTS('',1,(#4164,#4165),.UNSPECIFIED.,.F.,
  .F.,(2,2),(-0.,1.E-02),.PIECEWISE_BEZIER_KNOTS.);
#4164 = CARTESIAN_POINT('',(-0.707682436455,-0.965224102501,0.8700001));
#4165 = CARTESIAN_POINT('',(-0.707682436455,-0.965224102501,0.8600001));
#4166 = B_SPLINE_SURFACE_WITH_KNOTS('',1,1,(
    (#4167,#4168)
    ,(#4169,#4170
    )),.UNSPECIFIED.,.F.,.F.,.F.,(2,2),(2,2),(0.,7.254302716517E-02),(
    -1.E-02,0.),.PIECEWISE_BEZIER_KNOTS.);
#4167 = CARTESIAN_POINT('',(-0.733503091377,-0.897431886357,0.8600001));
#4168 = CARTESIAN_POINT('',(-0.733503091377,-0.897431886357,0.8700001));
#4169 = CARTESIAN_POINT('',(-0.707682436455,-0.965224102501,0.8600001));
#4170 = CARTESIAN_POINT('',(-0.707682436455,-0.965224102501,0.8700001));
#4171 = ADVANCED_FACE('',(#4172),#4182,.F.);
#4172 = FACE_BOUND('',#4173,.T.);
#4173 = EDGE_LOOP('',(#4174,#4175,#4180,#4181));
#4174 = ORIENTED_EDGE('',*,*,#4094,.T.);
#4175 = ORIENTED_EDGE('',*,*,#4176,.F.);
#4176 = EDGE_CURVE('',#3941,#4088,#4177,.T.);
#4177 = B_SPLINE_CURVE_WITH_KNOTS('',1,(#4178,#4179),.UNSPECIFIED.,.F.,
  .F.,(2,2),(-0.,1.E-02),.PIECEWISE_BEZIER_KNOTS.);
#4178 = CARTESIAN_POINT('',(-0.742860912624,-0.897431886357,0.8700001));
#4179 = CARTESIAN_POINT('',(-0.742860912624,-0.897431886357,0.8600001));
#4180 = ORIENTED_EDGE('',*,*,#3940,.F.);
#4181 = ORIENTED_EDGE('',*,*,#4156,.T.);
#4182 = B_SPLINE_SURFACE_WITH_KNOTS('',1,1,(
    (#4183,#4184)
    ,(#4185,#4186
    )),.UNSPECIFIED.,.F.,.F.,.F.,(2,2),(2,2),(0.,1.E-02),(0.,
    9.357821246817E-03),.PIECEWISE_BEZIER_KNOTS.);
#4183 = CARTESIAN_POINT('',(-0.742860912624,-0.897431886357,0.8700001));
#4184 = CARTESIAN_POINT('',(-0.733503091377,-0.897431886357,0.8700001));
#4185 = CARTESIAN_POINT('',(-0.742860912624,-0.897431886357,0.8600001));
#4186 = CARTESIAN_POINT('',(-0.733503091377,-0.897431886357,0.8600001));
#4187 = ADVANCED_FACE('',(#4188),#4198,.F.);
#4188 = FACE_BOUND('',#4189,.T.);
#4189 = EDGE_LOOP('',(#4190,#4191,#4196,#4197));
#4190 = ORIENTED_EDGE('',*,*,#4087,.T.);
#4191 = ORIENTED_EDGE('',*,*,#4192,.F.);
#4192 = EDGE_CURVE('',#3948,#4081,#4193,.T.);
#4193 = B_SPLINE_CURVE_WITH_KNOTS('',1,(#4194,#4195),.UNSPECIFIED.,.F.,
  .F.,(2,2),(-0.,1.E-02),.PIECEWISE_BEZIER_KNOTS.);
#4194 = CARTESIAN_POINT('',(-0.768681567545,-0.965224102501,0.8700001));
#4195 = CARTESIAN_POINT('',(-0.768681567545,-0.965224102501,0.8600001));
#4196 = ORIENTED_EDGE('',*,*,#3947,.F.);
#4197 = ORIENTED_EDGE('',*,*,#4176,.T.);
#4198 = B_SPLINE_SURFACE_WITH_KNOTS('',1,1,(
    (#4199,#4200)
    ,(#4201,#4202
    )),.UNSPECIFIED.,.F.,.F.,.F.,(2,2),(2,2),(0.,7.254302716501E-02),(
    -1.E-02,0.),.PIECEWISE_BEZIER_KNOTS.);
#4199 = CARTESIAN_POINT('',(-0.768681567545,-0.965224102501,0.8600001));
#4200 = CARTESIAN_POINT('',(-0.768681567545,-0.965224102501,0.8700001));
#4201 = CARTESIAN_POINT('',(-0.742860912624,-0.897431886357,0.8600001));
#4202 = CARTESIAN_POINT('',(-0.742860912624,-0.897431886357,0.8700001));
#4203 = ADVANCED_FACE('',(#4204),#4214,.F.);
#4204 = FACE_BOUND('',#4205,.T.);
#4205 = EDGE_LOOP('',(#4206,#4207,#4212,#4213));
#4206 = ORIENTED_EDGE('',*,*,#4080,.T.);
#4207 = ORIENTED_EDGE('',*,*,#4208,.F.);
#4208 = EDGE_CURVE('',#3955,#4074,#4209,.T.);
#4209 = B_SPLINE_CURVE_WITH_KNOTS('',1,(#4210,#4211),.UNSPECIFIED.,.F.,
  .F.,(2,2),(-0.,1.E-02),.PIECEWISE_BEZIER_KNOTS.);
#4210 = CARTESIAN_POINT('',(-0.759011818924,-0.965224102501,0.8700001));
#4211 = CARTESIAN_POINT('',(-0.759011818924,-0.965224102501,0.8600001));
#4212 = ORIENTED_EDGE('',*,*,#3954,.F.);
#4213 = ORIENTED_EDGE('',*,*,#4192,.T.);
#4214 = B_SPLINE_SURFACE_WITH_KNOTS('',1,1,(
    (#4215,#4216)
    ,(#4217,#4218)),.UNSPECIFIED.,.F.,.F.,.F.,(2,2),(2,2),(-1.E-02,0.),(
    -9.669748621356E-03,0.),.PIECEWISE_BEZIER_KNOTS.);
#4215 = CARTESIAN_POINT('',(-0.768681567545,-0.965224102501,0.8600001));
#4216 = CARTESIAN_POINT('',(-0.759011818924,-0.965224102501,0.8600001));
#4217 = CARTESIAN_POINT('',(-0.768681567545,-0.965224102501,0.8700001));
#4218 = CARTESIAN_POINT('',(-0.759011818924,-0.965224102501,0.8700001));
#4219 = ADVANCED_FACE('',(#4220),#4230,.F.);
#4220 = FACE_BOUND('',#4221,.T.);
#4221 = EDGE_LOOP('',(#4222,#4223,#4228,#4229));
#4222 = ORIENTED_EDGE('',*,*,#4073,.T.);
#4223 = ORIENTED_EDGE('',*,*,#4224,.F.);
#4224 = EDGE_CURVE('',#3962,#4067,#4225,.T.);
#4225 = B_SPLINE_CURVE_WITH_KNOTS('',1,(#4226,#4227),.UNSPECIFIED.,.F.,
  .F.,(2,2),(-0.,1.E-02),.PIECEWISE_BEZIER_KNOTS.);
#4226 = CARTESIAN_POINT('',(-0.752496002648,-0.946681752993,0.8700001));
#4227 = CARTESIAN_POINT('',(-0.752496002648,-0.946681752993,0.8600001));
#4228 = ORIENTED_EDGE('',*,*,#3961,.F.);
#4229 = ORIENTED_EDGE('',*,*,#4208,.T.);
#4230 = B_SPLINE_SURFACE_WITH_KNOTS('',1,1,(
    (#4231,#4232)
    ,(#4233,#4234
    )),.UNSPECIFIED.,.F.,.F.,.F.,(2,2),(2,2),(-0.,1.965386951736E-02),(
    -1.E-02,0.),.PIECEWISE_BEZIER_KNOTS.);
#4231 = CARTESIAN_POINT('',(-0.752496002648,-0.946681752993,0.8600001));
#4232 = CARTESIAN_POINT('',(-0.752496002648,-0.946681752993,0.8700001));
#4233 = CARTESIAN_POINT('',(-0.759011818924,-0.965224102501,0.8600001));
#4234 = CARTESIAN_POINT('',(-0.759011818924,-0.965224102501,0.8700001));
#4235 = ADVANCED_FACE('',(#4236),#4246,.F.);
#4236 = FACE_BOUND('',#4237,.T.);
#4237 = EDGE_LOOP('',(#4238,#4239,#4244,#4245));
#4238 = ORIENTED_EDGE('',*,*,#4066,.T.);
#4239 = ORIENTED_EDGE('',*,*,#4240,.F.);
#4240 = EDGE_CURVE('',#3969,#4060,#4241,.T.);
#4241 = B_SPLINE_CURVE_WITH_KNOTS('',1,(#4242,#4243),.UNSPECIFIED.,.F.,
  .F.,(2,2),(-0.,1.E-02),.PIECEWISE_BEZIER_KNOTS.);
#4242 = CARTESIAN_POINT('',(-0.72426657522,-0.946681752993,0.8700001));
#4243 = CARTESIAN_POINT('',(-0.72426657522,-0.946681752993,0.8600001));
#4244 = ORIENTED_EDGE('',*,*,#3968,.F.);
#4245 = ORIENTED_EDGE('',*,*,#4224,.T.);
#4246 = B_SPLINE_SURFACE_WITH_KNOTS('',1,1,(
    (#4247,#4248)
    ,(#4249,#4250)),.UNSPECIFIED.,.F.,.F.,.F.,(2,2),(2,2),(-1.E-02,0.),(
    -2.822942742818E-02,0.),.PIECEWISE_BEZIER_KNOTS.);
#4247 = CARTESIAN_POINT('',(-0.752496002648,-0.946681752993,0.8600001));
#4248 = CARTESIAN_POINT('',(-0.72426657522,-0.946681752993,0.8600001));
#4249 = CARTESIAN_POINT('',(-0.752496002648,-0.946681752993,0.8700001));
#4250 = CARTESIAN_POINT('',(-0.72426657522,-0.946681752993,0.8700001));
#4251 = ADVANCED_FACE('',(#4252),#4262,.F.);
#4252 = FACE_BOUND('',#4253,.T.);
#4253 = EDGE_LOOP('',(#4254,#4255,#4260,#4261));
#4254 = ORIENTED_EDGE('',*,*,#4059,.T.);
#4255 = ORIENTED_EDGE('',*,*,#4256,.F.);
#4256 = EDGE_CURVE('',#3976,#4053,#4257,.T.);
#4257 = B_SPLINE_CURVE_WITH_KNOTS('',1,(#4258,#4259),.UNSPECIFIED.,.F.,
  .F.,(2,2),(-0.,1.E-02),.PIECEWISE_BEZIER_KNOTS.);
#4258 = CARTESIAN_POINT('',(-0.717352185077,-0.965224102501,0.8700001));
#4259 = CARTESIAN_POINT('',(-0.717352185077,-0.965224102501,0.8600001));
#4260 = ORIENTED_EDGE('',*,*,#3975,.F.);
#4261 = ORIENTED_EDGE('',*,*,#4240,.T.);
#4262 = B_SPLINE_SURFACE_WITH_KNOTS('',1,1,(
    (#4263,#4264)
    ,(#4265,#4266
    )),.UNSPECIFIED.,.F.,.F.,.F.,(2,2),(2,2),(0.,1.978958100428E-02),(
    -1.E-02,0.),.PIECEWISE_BEZIER_KNOTS.);
#4263 = CARTESIAN_POINT('',(-0.717352185077,-0.965224102501,0.8600001));
#4264 = CARTESIAN_POINT('',(-0.717352185077,-0.965224102501,0.8700001));
#4265 = CARTESIAN_POINT('',(-0.72426657522,-0.946681752993,0.8600001));
#4266 = CARTESIAN_POINT('',(-0.72426657522,-0.946681752993,0.8700001));
#4267 = ADVANCED_FACE('',(#4268),#4274,.F.);
#4268 = FACE_BOUND('',#4269,.T.);
#4269 = EDGE_LOOP('',(#4270,#4271,#4272,#4273));
#4270 = ORIENTED_EDGE('',*,*,#4052,.T.);
#4271 = ORIENTED_EDGE('',*,*,#4162,.F.);
#4272 = ORIENTED_EDGE('',*,*,#3982,.F.);
#4273 = ORIENTED_EDGE('',*,*,#4256,.T.);
#4274 = B_SPLINE_SURFACE_WITH_KNOTS('',1,1,(
    (#4275,#4276)
    ,(#4277,#4278)),.UNSPECIFIED.,.F.,.F.,.F.,(2,2),(2,2),(-1.E-02,0.),(
    -9.669748621818E-03,0.),.PIECEWISE_BEZIER_KNOTS.);
#4275 = CARTESIAN_POINT('',(-0.717352185077,-0.965224102501,0.8600001));
#4276 = CARTESIAN_POINT('',(-0.707682436455,-0.965224102501,0.8600001));
#4277 = CARTESIAN_POINT('',(-0.717352185077,-0.965224102501,0.8700001));
#4278 = CARTESIAN_POINT('',(-0.707682436455,-0.965224102501,0.8700001));
#4279 = ADVANCED_FACE('',(#4280),#4294,.T.);
#4280 = FACE_BOUND('',#4281,.T.);
#4281 = EDGE_LOOP('',(#4282,#4283,#4288,#4289));
#4282 = ORIENTED_EDGE('',*,*,#4110,.F.);
#4283 = ORIENTED_EDGE('',*,*,#4284,.F.);
#4284 = EDGE_CURVE('',#3990,#4104,#4285,.T.);
#4285 = B_SPLINE_CURVE_WITH_KNOTS('',1,(#4286,#4287),.UNSPECIFIED.,.F.,
  .F.,(2,2),(-0.,1.E-02),.PIECEWISE_BEZIER_KNOTS.);
#4286 = CARTESIAN_POINT('',(-0.749723314872,-0.939022203009,0.8700001));
#4287 = CARTESIAN_POINT('',(-0.749723314872,-0.939022203009,0.8600001));
#4288 = ORIENTED_EDGE('',*,*,#3989,.T.);
#4289 = ORIENTED_EDGE('',*,*,#4290,.T.);
#4290 = EDGE_CURVE('',#3992,#4111,#4291,.T.);
#4291 = B_SPLINE_CURVE_WITH_KNOTS('',1,(#4292,#4293),.UNSPECIFIED.,.F.,
  .F.,(2,2),(-0.,1.E-02),.PIECEWISE_BEZIER_KNOTS.);
#4292 = CARTESIAN_POINT('',(-0.726969945803,-0.939022203009,0.8700001));
#4293 = CARTESIAN_POINT('',(-0.726969945803,-0.939022203009,0.8600001));
#4294 = B_SPLINE_SURFACE_WITH_KNOTS('',1,1,(
    (#4295,#4296)
    ,(#4297,#4298
    )),.UNSPECIFIED.,.F.,.F.,.F.,(2,2),(2,2),(-1.E-02,0.),(0.,
    2.275336906868E-02),.PIECEWISE_BEZIER_KNOTS.);
#4295 = CARTESIAN_POINT('',(-0.749723314872,-0.939022203009,0.8600001));
#4296 = CARTESIAN_POINT('',(-0.726969945803,-0.939022203009,0.8600001));
#4297 = CARTESIAN_POINT('',(-0.749723314872,-0.939022203009,0.8700001));
#4298 = CARTESIAN_POINT('',(-0.726969945803,-0.939022203009,0.8700001));
#4299 = ADVANCED_FACE('',(#4300),#4310,.T.);
#4300 = FACE_BOUND('',#4301,.T.);
#4301 = EDGE_LOOP('',(#4302,#4303,#4304,#4305));
#4302 = ORIENTED_EDGE('',*,*,#4117,.F.);
#4303 = ORIENTED_EDGE('',*,*,#4290,.F.);
#4304 = ORIENTED_EDGE('',*,*,#4030,.T.);
#4305 = ORIENTED_EDGE('',*,*,#4306,.T.);
#4306 = EDGE_CURVE('',#4022,#4118,#4307,.T.);
#4307 = B_SPLINE_CURVE_WITH_KNOTS('',1,(#4308,#4309),.UNSPECIFIED.,.F.,
  .F.,(2,2),(-0.,1.E-02),.PIECEWISE_BEZIER_KNOTS.);
#4308 = CARTESIAN_POINT('',(-0.737211561278,-0.910844763477,0.8700001));
#4309 = CARTESIAN_POINT('',(-0.737211561278,-0.910844763477,0.8600001));
#4310 = B_SPLINE_SURFACE_WITH_KNOTS('',1,1,(
    (#4311,#4312)
    ,(#4313,#4314
    )),.UNSPECIFIED.,.F.,.F.,.F.,(2,2),(2,2),(-2.998097373548E-02,0.),(
    -1.E-02,0.),.PIECEWISE_BEZIER_KNOTS.);
#4311 = CARTESIAN_POINT('',(-0.737211561278,-0.910844763477,0.8600001));
#4312 = CARTESIAN_POINT('',(-0.737211561278,-0.910844763477,0.8700001));
#4313 = CARTESIAN_POINT('',(-0.726969945803,-0.939022203009,0.8600001));
#4314 = CARTESIAN_POINT('',(-0.726969945803,-0.939022203009,0.8700001));
#4315 = ADVANCED_FACE('',(#4316),#4326,.T.);
#4316 = FACE_BOUND('',#4317,.T.);
#4317 = EDGE_LOOP('',(#4318,#4319,#4320,#4321));
#4318 = ORIENTED_EDGE('',*,*,#4124,.F.);
#4319 = ORIENTED_EDGE('',*,*,#4306,.F.);
#4320 = ORIENTED_EDGE('',*,*,#4021,.T.);
#4321 = ORIENTED_EDGE('',*,*,#4322,.T.);
#4322 = EDGE_CURVE('',#4015,#4125,#4323,.T.);
#4323 = B_SPLINE_CURVE_WITH_KNOTS('',1,(#4324,#4325),.UNSPECIFIED.,.F.,
  .F.,(2,2),(-0.,1.E-02),.PIECEWISE_BEZIER_KNOTS.);
#4324 = CARTESIAN_POINT('',(-0.738268648494,-0.906096535659,0.8700001));
#4325 = CARTESIAN_POINT('',(-0.738268648494,-0.906096535659,0.8600001));
#4326 = B_SPLINE_SURFACE_WITH_KNOTS('',3,1,(
    (#4327,#4328)
    ,(#4329,#4330)
    ,(#4331,#4332)
    ,(#4333,#4334
    )),.UNSPECIFIED.,.F.,.F.,.F.,(4,4),(2,2),(1.,2.),(0.,1.),
  .PIECEWISE_BEZIER_KNOTS.);
#4327 = CARTESIAN_POINT('',(-0.737211561278,-0.910844763477,0.8700001));
#4328 = CARTESIAN_POINT('',(-0.737211561278,-0.910844763477,0.8600001));
#4329 = CARTESIAN_POINT('',(-0.737540817952,-0.909908981353,0.8700001));
#4330 = CARTESIAN_POINT('',(-0.737540817952,-0.909908981353,0.8600001));
#4331 = CARTESIAN_POINT('',(-0.737887403924,-0.908349344478,0.8700001));
#4332 = CARTESIAN_POINT('',(-0.737887403924,-0.908349344478,0.8600001));
#4333 = CARTESIAN_POINT('',(-0.738268648494,-0.906096535659,0.8700001));
#4334 = CARTESIAN_POINT('',(-0.738268648494,-0.906096535659,0.8600001));
#4335 = ADVANCED_FACE('',(#4336),#4346,.T.);
#4336 = FACE_BOUND('',#4337,.T.);
#4337 = EDGE_LOOP('',(#4338,#4339,#4340,#4341));
#4338 = ORIENTED_EDGE('',*,*,#4133,.F.);
#4339 = ORIENTED_EDGE('',*,*,#4322,.F.);
#4340 = ORIENTED_EDGE('',*,*,#4014,.T.);
#4341 = ORIENTED_EDGE('',*,*,#4342,.T.);
#4342 = EDGE_CURVE('',#4006,#4134,#4343,.T.);
#4343 = B_SPLINE_CURVE_WITH_KNOTS('',1,(#4344,#4345),.UNSPECIFIED.,.F.,
  .F.,(2,2),(-0.,1.E-02),.PIECEWISE_BEZIER_KNOTS.);
#4344 = CARTESIAN_POINT('',(-0.738476600077,-0.906096535659,0.8700001));
#4345 = CARTESIAN_POINT('',(-0.738476600077,-0.906096535659,0.8600001));
#4346 = B_SPLINE_SURFACE_WITH_KNOTS('',1,1,(
    (#4347,#4348)
    ,(#4349,#4350)),.UNSPECIFIED.,.F.,.F.,.F.,(2,2),(2,2),(0.,1.E-02),(
    -2.079515830264E-04,1.110223024625E-16),.PIECEWISE_BEZIER_KNOTS.);
#4347 = CARTESIAN_POINT('',(-0.738476600077,-0.906096535659,0.8700001));
#4348 = CARTESIAN_POINT('',(-0.738268648494,-0.906096535659,0.8700001));
#4349 = CARTESIAN_POINT('',(-0.738476600077,-0.906096535659,0.8600001));
#4350 = CARTESIAN_POINT('',(-0.738268648494,-0.906096535659,0.8600001));
#4351 = ADVANCED_FACE('',(#4352),#4362,.T.);
#4352 = FACE_BOUND('',#4353,.T.);
#4353 = EDGE_LOOP('',(#4354,#4355,#4356,#4357));
#4354 = ORIENTED_EDGE('',*,*,#4140,.F.);
#4355 = ORIENTED_EDGE('',*,*,#4342,.F.);
#4356 = ORIENTED_EDGE('',*,*,#4005,.T.);
#4357 = ORIENTED_EDGE('',*,*,#4358,.T.);
#4358 = EDGE_CURVE('',#3999,#4102,#4359,.T.);
#4359 = B_SPLINE_CURVE_WITH_KNOTS('',1,(#4360,#4361),.UNSPECIFIED.,.F.,
  .F.,(2,2),(0.,1.E-02),.PIECEWISE_BEZIER_KNOTS.);
#4360 = CARTESIAN_POINT('',(-0.739585675187,-0.910844763477,0.8700001));
#4361 = CARTESIAN_POINT('',(-0.739585675187,-0.910844763477,0.8600001));
#4362 = B_SPLINE_SURFACE_WITH_KNOTS('',3,1,(
    (#4363,#4364)
    ,(#4365,#4366)
    ,(#4367,#4368)
    ,(#4369,#4370
    )),.UNSPECIFIED.,.F.,.F.,.F.,(4,4),(2,2),(3.,4.),(0.,1.),
  .PIECEWISE_BEZIER_KNOTS.);
#4363 = CARTESIAN_POINT('',(-0.738476600077,-0.906096535659,0.8700001));
#4364 = CARTESIAN_POINT('',(-0.738476600077,-0.906096535659,0.8600001));
#4365 = CARTESIAN_POINT('',(-0.73880585675,-0.908141392895,0.8700001));
#4366 = CARTESIAN_POINT('',(-0.73880585675,-0.908141392895,0.8600001));
#4367 = CARTESIAN_POINT('',(-0.739169772021,-0.909735688367,0.8700001));
#4368 = CARTESIAN_POINT('',(-0.739169772021,-0.909735688367,0.8600001));
#4369 = CARTESIAN_POINT('',(-0.739585675187,-0.910844763477,0.8700001));
#4370 = CARTESIAN_POINT('',(-0.739585675187,-0.910844763477,0.8600001));
#4371 = ADVANCED_FACE('',(#4372),#4378,.T.);
#4372 = FACE_BOUND('',#4373,.T.);
#4373 = EDGE_LOOP('',(#4374,#4375,#4376,#4377));
#4374 = ORIENTED_EDGE('',*,*,#4101,.F.);
#4375 = ORIENTED_EDGE('',*,*,#4358,.F.);
#4376 = ORIENTED_EDGE('',*,*,#3998,.T.);
#4377 = ORIENTED_EDGE('',*,*,#4284,.T.);
#4378 = B_SPLINE_SURFACE_WITH_KNOTS('',1,1,(
    (#4379,#4380)
    ,(#4381,#4382
    )),.UNSPECIFIED.,.F.,.F.,.F.,(2,2),(2,2),(-2.994561465293E-02,
    -6.688191704484E-17),(-1.E-02,0.),.PIECEWISE_BEZIER_KNOTS.);
#4379 = CARTESIAN_POINT('',(-0.749723314872,-0.939022203009,0.8600001));
#4380 = CARTESIAN_POINT('',(-0.749723314872,-0.939022203009,0.8700001));
#4381 = CARTESIAN_POINT('',(-0.739585675187,-0.910844763477,0.8600001));
#4382 = CARTESIAN_POINT('',(-0.739585675187,-0.910844763477,0.8700001));
#4383 = MANIFOLD_SOLID_BREP('',#4384);
#4384 = CLOSED_SHELL('',(#4385,#4421,#4449,#4477,#4505,#4533,#4561,#4589
    ,#4617,#4645,#4673,#4701,#4721,#4741));
#4385 = ADVANCED_FACE('',(#4386),#4416,.F.);
#4386 = FACE_BOUND('',#4387,.T.);
#4387 = EDGE_LOOP('',(#4388,#4397,#4404,#4411));
#4388 = ORIENTED_EDGE('',*,*,#4389,.T.);
#4389 = EDGE_CURVE('',#4390,#4392,#4394,.T.);
#4390 = VERTEX_POINT('',#4391);
#4391 = CARTESIAN_POINT('',(-0.943291580293,-1.072769729645,0.8600001));
#4392 = VERTEX_POINT('',#4393);
#4393 = CARTESIAN_POINT('',(-0.943291580293,-1.065040862467,0.8600001));
#4394 = B_SPLINE_CURVE_WITH_KNOTS('',1,(#4395,#4396),.UNSPECIFIED.,.F.,
  .F.,(2,2),(-7.728867177929E-03,0.),.PIECEWISE_BEZIER_KNOTS.);
#4395 = CARTESIAN_POINT('',(-0.943291580293,-1.072769729645,0.8600001));
#4396 = CARTESIAN_POINT('',(-0.943291580293,-1.065040862467,0.8600001));
#4397 = ORIENTED_EDGE('',*,*,#4398,.F.);
#4398 = EDGE_CURVE('',#4399,#4392,#4401,.T.);
#4399 = VERTEX_POINT('',#4400);
#4400 = CARTESIAN_POINT('',(-0.943291580293,-1.065040862467,0.8700001));
#4401 = B_SPLINE_CURVE_WITH_KNOTS('',1,(#4402,#4403),.UNSPECIFIED.,.F.,
  .F.,(2,2),(-0.,1.E-02),.PIECEWISE_BEZIER_KNOTS.);
#4402 = CARTESIAN_POINT('',(-0.943291580293,-1.065040862467,0.8700001));
#4403 = CARTESIAN_POINT('',(-0.943291580293,-1.065040862467,0.8600001));
#4404 = ORIENTED_EDGE('',*,*,#4405,.F.);
#4405 = EDGE_CURVE('',#4406,#4399,#4408,.T.);
#4406 = VERTEX_POINT('',#4407);
#4407 = CARTESIAN_POINT('',(-0.943291580293,-1.072769729645,0.8700001));
#4408 = B_SPLINE_CURVE_WITH_KNOTS('',1,(#4409,#4410),.UNSPECIFIED.,.F.,
  .F.,(2,2),(-7.728867177929E-03,0.),.PIECEWISE_BEZIER_KNOTS.);
#4409 = CARTESIAN_POINT('',(-0.943291580293,-1.072769729645,0.8700001));
#4410 = CARTESIAN_POINT('',(-0.943291580293,-1.065040862467,0.8700001));
#4411 = ORIENTED_EDGE('',*,*,#4412,.T.);
#4412 = EDGE_CURVE('',#4406,#4390,#4413,.T.);
#4413 = B_SPLINE_CURVE_WITH_KNOTS('',1,(#4414,#4415),.UNSPECIFIED.,.F.,
  .F.,(2,2),(-0.,1.E-02),.PIECEWISE_BEZIER_KNOTS.);
#4414 = CARTESIAN_POINT('',(-0.943291580293,-1.072769729645,0.8700001));
#4415 = CARTESIAN_POINT('',(-0.943291580293,-1.072769729645,0.8600001));
#4416 = B_SPLINE_SURFACE_WITH_KNOTS('',1,1,(
    (#4417,#4418)
    ,(#4419,#4420)),.UNSPECIFIED.,.F.,.F.,.F.,(2,2),(2,2),(-1.E-02,0.),(
    -7.728867177929E-03,0.),.PIECEWISE_BEZIER_KNOTS.);
#4417 = CARTESIAN_POINT('',(-0.943291580293,-1.072769729645,0.8600001));
#4418 = CARTESIAN_POINT('',(-0.943291580293,-1.065040862467,0.8600001));
#4419 = CARTESIAN_POINT('',(-0.943291580293,-1.072769729645,0.8700001));
#4420 = CARTESIAN_POINT('',(-0.943291580293,-1.065040862467,0.8700001));
#4421 = ADVANCED_FACE('',(#4422),#4444,.F.);
#4422 = FACE_BOUND('',#4423,.T.);
#4423 = EDGE_LOOP('',(#4424,#4431,#4438,#4443));
#4424 = ORIENTED_EDGE('',*,*,#4425,.T.);
#4425 = EDGE_CURVE('',#4392,#4426,#4428,.T.);
#4426 = VERTEX_POINT('',#4427);
#4427 = CARTESIAN_POINT('',(-0.971001128763,-1.065040862467,0.8600001));
#4428 = B_SPLINE_CURVE_WITH_KNOTS('',1,(#4429,#4430),.UNSPECIFIED.,.F.,
  .F.,(2,2),(-2.770954846992E-02,-0.),.PIECEWISE_BEZIER_KNOTS.);
#4429 = CARTESIAN_POINT('',(-0.943291580293,-1.065040862467,0.8600001));
#4430 = CARTESIAN_POINT('',(-0.971001128763,-1.065040862467,0.8600001));
#4431 = ORIENTED_EDGE('',*,*,#4432,.F.);
#4432 = EDGE_CURVE('',#4433,#4426,#4435,.T.);
#4433 = VERTEX_POINT('',#4434);
#4434 = CARTESIAN_POINT('',(-0.971001128763,-1.065040862467,0.8700001));
#4435 = B_SPLINE_CURVE_WITH_KNOTS('',1,(#4436,#4437),.UNSPECIFIED.,.F.,
  .F.,(2,2),(-0.,1.E-02),.PIECEWISE_BEZIER_KNOTS.);
#4436 = CARTESIAN_POINT('',(-0.971001128763,-1.065040862467,0.8700001));
#4437 = CARTESIAN_POINT('',(-0.971001128763,-1.065040862467,0.8600001));
#4438 = ORIENTED_EDGE('',*,*,#4439,.F.);
#4439 = EDGE_CURVE('',#4399,#4433,#4440,.T.);
#4440 = B_SPLINE_CURVE_WITH_KNOTS('',1,(#4441,#4442),.UNSPECIFIED.,.F.,
  .F.,(2,2),(-2.770954846992E-02,-0.),.PIECEWISE_BEZIER_KNOTS.);
#4441 = CARTESIAN_POINT('',(-0.943291580293,-1.065040862467,0.8700001));
#4442 = CARTESIAN_POINT('',(-0.971001128763,-1.065040862467,0.8700001));
#4443 = ORIENTED_EDGE('',*,*,#4398,.T.);
#4444 = B_SPLINE_SURFACE_WITH_KNOTS('',1,1,(
    (#4445,#4446)
    ,(#4447,#4448
    )),.UNSPECIFIED.,.F.,.F.,.F.,(2,2),(2,2),(0.,1.E-02),(0.,
    2.770954846992E-02),.PIECEWISE_BEZIER_KNOTS.);
#4445 = CARTESIAN_POINT('',(-0.971001128763,-1.065040862467,0.8700001));
#4446 = CARTESIAN_POINT('',(-0.943291580293,-1.065040862467,0.8700001));
#4447 = CARTESIAN_POINT('',(-0.971001128763,-1.065040862467,0.8600001));
#4448 = CARTESIAN_POINT('',(-0.943291580293,-1.065040862467,0.8600001));
#4449 = ADVANCED_FACE('',(#4450),#4472,.F.);
#4450 = FACE_BOUND('',#4451,.T.);
#4451 = EDGE_LOOP('',(#4452,#4459,#4466,#4471));
#4452 = ORIENTED_EDGE('',*,*,#4453,.T.);
#4453 = EDGE_CURVE('',#4426,#4454,#4456,.T.);
#4454 = VERTEX_POINT('',#4455);
#4455 = CARTESIAN_POINT('',(-0.971001128763,-1.042235505503,0.8600001));
#4456 = B_SPLINE_CURVE_WITH_KNOTS('',1,(#4457,#4458),.UNSPECIFIED.,.F.,
  .F.,(2,2),(-2.280535696444E-02,0.),.PIECEWISE_BEZIER_KNOTS.);
#4457 = CARTESIAN_POINT('',(-0.971001128763,-1.065040862467,0.8600001));
#4458 = CARTESIAN_POINT('',(-0.971001128763,-1.042235505503,0.8600001));
#4459 = ORIENTED_EDGE('',*,*,#4460,.F.);
#4460 = EDGE_CURVE('',#4461,#4454,#4463,.T.);
#4461 = VERTEX_POINT('',#4462);
#4462 = CARTESIAN_POINT('',(-0.971001128763,-1.042235505503,0.8700001));
#4463 = B_SPLINE_CURVE_WITH_KNOTS('',1,(#4464,#4465),.UNSPECIFIED.,.F.,
  .F.,(2,2),(-0.,1.E-02),.PIECEWISE_BEZIER_KNOTS.);
#4464 = CARTESIAN_POINT('',(-0.971001128763,-1.042235505503,0.8700001));
#4465 = CARTESIAN_POINT('',(-0.971001128763,-1.042235505503,0.8600001));
#4466 = ORIENTED_EDGE('',*,*,#4467,.F.);
#4467 = EDGE_CURVE('',#4433,#4461,#4468,.T.);
#4468 = B_SPLINE_CURVE_WITH_KNOTS('',1,(#4469,#4470),.UNSPECIFIED.,.F.,
  .F.,(2,2),(-2.280535696444E-02,0.),.PIECEWISE_BEZIER_KNOTS.);
#4469 = CARTESIAN_POINT('',(-0.971001128763,-1.065040862467,0.8700001));
#4470 = CARTESIAN_POINT('',(-0.971001128763,-1.042235505503,0.8700001));
#4471 = ORIENTED_EDGE('',*,*,#4432,.T.);
#4472 = B_SPLINE_SURFACE_WITH_KNOTS('',1,1,(
    (#4473,#4474)
    ,(#4475,#4476)),.UNSPECIFIED.,.F.,.F.,.F.,(2,2),(2,2),(-1.E-02,0.),(
    -2.280535696444E-02,0.),.PIECEWISE_BEZIER_KNOTS.);
#4473 = CARTESIAN_POINT('',(-0.971001128763,-1.065040862467,0.8600001));
#4474 = CARTESIAN_POINT('',(-0.971001128763,-1.042235505503,0.8600001));
#4475 = CARTESIAN_POINT('',(-0.971001128763,-1.065040862467,0.8700001));
#4476 = CARTESIAN_POINT('',(-0.971001128763,-1.042235505503,0.8700001));
#4477 = ADVANCED_FACE('',(#4478),#4500,.F.);
#4478 = FACE_BOUND('',#4479,.T.);
#4479 = EDGE_LOOP('',(#4480,#4487,#4494,#4499));
#4480 = ORIENTED_EDGE('',*,*,#4481,.T.);
#4481 = EDGE_CURVE('',#4454,#4482,#4484,.T.);
#4482 = VERTEX_POINT('',#4483);
#4483 = CARTESIAN_POINT('',(-0.946757440014,-1.042235505503,0.8600001));
#4484 = B_SPLINE_CURVE_WITH_KNOTS('',1,(#4485,#4486),.UNSPECIFIED.,.F.,
  .F.,(2,2),(-2.424368874889E-02,0.),.PIECEWISE_BEZIER_KNOTS.);
#4485 = CARTESIAN_POINT('',(-0.971001128763,-1.042235505503,0.8600001));
#4486 = CARTESIAN_POINT('',(-0.946757440014,-1.042235505503,0.8600001));
#4487 = ORIENTED_EDGE('',*,*,#4488,.F.);
#4488 = EDGE_CURVE('',#4489,#4482,#4491,.T.);
#4489 = VERTEX_POINT('',#4490);
#4490 = CARTESIAN_POINT('',(-0.946757440014,-1.042235505503,0.8700001));
#4491 = B_SPLINE_CURVE_WITH_KNOTS('',1,(#4492,#4493),.UNSPECIFIED.,.F.,
  .F.,(2,2),(-0.,1.E-02),.PIECEWISE_BEZIER_KNOTS.);
#4492 = CARTESIAN_POINT('',(-0.946757440014,-1.042235505503,0.8700001));
#4493 = CARTESIAN_POINT('',(-0.946757440014,-1.042235505503,0.8600001));
#4494 = ORIENTED_EDGE('',*,*,#4495,.F.);
#4495 = EDGE_CURVE('',#4461,#4489,#4496,.T.);
#4496 = B_SPLINE_CURVE_WITH_KNOTS('',1,(#4497,#4498),.UNSPECIFIED.,.F.,
  .F.,(2,2),(-2.424368874889E-02,0.),.PIECEWISE_BEZIER_KNOTS.);
#4497 = CARTESIAN_POINT('',(-0.971001128763,-1.042235505503,0.8700001));
#4498 = CARTESIAN_POINT('',(-0.946757440014,-1.042235505503,0.8700001));
#4499 = ORIENTED_EDGE('',*,*,#4460,.T.);
#4500 = B_SPLINE_SURFACE_WITH_KNOTS('',1,1,(
    (#4501,#4502)
    ,(#4503,#4504)),.UNSPECIFIED.,.F.,.F.,.F.,(2,2),(2,2),(-1.E-02,0.),(
    -2.424368874889E-02,0.),.PIECEWISE_BEZIER_KNOTS.);
#4501 = CARTESIAN_POINT('',(-0.971001128763,-1.042235505503,0.8600001));
#4502 = CARTESIAN_POINT('',(-0.946757440014,-1.042235505503,0.8600001));
#4503 = CARTESIAN_POINT('',(-0.971001128763,-1.042235505503,0.8700001));
#4504 = CARTESIAN_POINT('',(-0.946757440014,-1.042235505503,0.8700001));
#4505 = ADVANCED_FACE('',(#4506),#4528,.F.);
#4506 = FACE_BOUND('',#4507,.T.);
#4507 = EDGE_LOOP('',(#4508,#4515,#4522,#4527));
#4508 = ORIENTED_EDGE('',*,*,#4509,.T.);
#4509 = EDGE_CURVE('',#4482,#4510,#4512,.T.);
#4510 = VERTEX_POINT('',#4511);
#4511 = CARTESIAN_POINT('',(-0.946757440014,-1.034471979728,0.8600001));
#4512 = B_SPLINE_CURVE_WITH_KNOTS('',1,(#4513,#4514),.UNSPECIFIED.,.F.,
  .F.,(2,2),(-7.763525775099E-03,0.),.PIECEWISE_BEZIER_KNOTS.);
#4513 = CARTESIAN_POINT('',(-0.946757440014,-1.042235505503,0.8600001));
#4514 = CARTESIAN_POINT('',(-0.946757440014,-1.034471979728,0.8600001));
#4515 = ORIENTED_EDGE('',*,*,#4516,.F.);
#4516 = EDGE_CURVE('',#4517,#4510,#4519,.T.);
#4517 = VERTEX_POINT('',#4518);
#4518 = CARTESIAN_POINT('',(-0.946757440014,-1.034471979728,0.8700001));
#4519 = B_SPLINE_CURVE_WITH_KNOTS('',1,(#4520,#4521),.UNSPECIFIED.,.F.,
  .F.,(2,2),(-0.,1.E-02),.PIECEWISE_BEZIER_KNOTS.);
#4520 = CARTESIAN_POINT('',(-0.946757440014,-1.034471979728,0.8700001));
#4521 = CARTESIAN_POINT('',(-0.946757440014,-1.034471979728,0.8600001));
#4522 = ORIENTED_EDGE('',*,*,#4523,.F.);
#4523 = EDGE_CURVE('',#4489,#4517,#4524,.T.);
#4524 = B_SPLINE_CURVE_WITH_KNOTS('',1,(#4525,#4526),.UNSPECIFIED.,.F.,
  .F.,(2,2),(-7.763525775099E-03,0.),.PIECEWISE_BEZIER_KNOTS.);
#4525 = CARTESIAN_POINT('',(-0.946757440014,-1.042235505503,0.8700001));
#4526 = CARTESIAN_POINT('',(-0.946757440014,-1.034471979728,0.8700001));
#4527 = ORIENTED_EDGE('',*,*,#4488,.T.);
#4528 = B_SPLINE_SURFACE_WITH_KNOTS('',1,1,(
    (#4529,#4530)
    ,(#4531,#4532)),.UNSPECIFIED.,.F.,.F.,.F.,(2,2),(2,2),(-1.E-02,0.),(
    -7.763525775099E-03,0.),.PIECEWISE_BEZIER_KNOTS.);
#4529 = CARTESIAN_POINT('',(-0.946757440014,-1.042235505503,0.8600001));
#4530 = CARTESIAN_POINT('',(-0.946757440014,-1.034471979728,0.8600001));
#4531 = CARTESIAN_POINT('',(-0.946757440014,-1.042235505503,0.8700001));
#4532 = CARTESIAN_POINT('',(-0.946757440014,-1.034471979728,0.8700001));
#4533 = ADVANCED_FACE('',(#4534),#4556,.F.);
#4534 = FACE_BOUND('',#4535,.T.);
#4535 = EDGE_LOOP('',(#4536,#4543,#4550,#4555));
#4536 = ORIENTED_EDGE('',*,*,#4537,.T.);
#4537 = EDGE_CURVE('',#4510,#4538,#4540,.T.);
#4538 = VERTEX_POINT('',#4539);
#4539 = CARTESIAN_POINT('',(-0.971001128763,-1.034471979728,0.8600001));
#4540 = B_SPLINE_CURVE_WITH_KNOTS('',1,(#4541,#4542),.UNSPECIFIED.,.F.,
  .F.,(2,2),(-2.424368874889E-02,-0.),.PIECEWISE_BEZIER_KNOTS.);
#4541 = CARTESIAN_POINT('',(-0.946757440014,-1.034471979728,0.8600001));
#4542 = CARTESIAN_POINT('',(-0.971001128763,-1.034471979728,0.8600001));
#4543 = ORIENTED_EDGE('',*,*,#4544,.F.);
#4544 = EDGE_CURVE('',#4545,#4538,#4547,.T.);
#4545 = VERTEX_POINT('',#4546);
#4546 = CARTESIAN_POINT('',(-0.971001128763,-1.034471979728,0.8700001));
#4547 = B_SPLINE_CURVE_WITH_KNOTS('',1,(#4548,#4549),.UNSPECIFIED.,.F.,
  .F.,(2,2),(-0.,1.E-02),.PIECEWISE_BEZIER_KNOTS.);
#4548 = CARTESIAN_POINT('',(-0.971001128763,-1.034471979728,0.8700001));
#4549 = CARTESIAN_POINT('',(-0.971001128763,-1.034471979728,0.8600001));
#4550 = ORIENTED_EDGE('',*,*,#4551,.F.);
#4551 = EDGE_CURVE('',#4517,#4545,#4552,.T.);
#4552 = B_SPLINE_CURVE_WITH_KNOTS('',1,(#4553,#4554),.UNSPECIFIED.,.F.,
  .F.,(2,2),(-2.424368874889E-02,-0.),.PIECEWISE_BEZIER_KNOTS.);
#4553 = CARTESIAN_POINT('',(-0.946757440014,-1.034471979728,0.8700001));
#4554 = CARTESIAN_POINT('',(-0.971001128763,-1.034471979728,0.8700001));
#4555 = ORIENTED_EDGE('',*,*,#4516,.T.);
#4556 = B_SPLINE_SURFACE_WITH_KNOTS('',1,1,(
    (#4557,#4558)
    ,(#4559,#4560
    )),.UNSPECIFIED.,.F.,.F.,.F.,(2,2),(2,2),(0.,1.E-02),(0.,
    2.424368874889E-02),.PIECEWISE_BEZIER_KNOTS.);
#4557 = CARTESIAN_POINT('',(-0.971001128763,-1.034471979728,0.8700001));
#4558 = CARTESIAN_POINT('',(-0.946757440014,-1.034471979728,0.8700001));
#4559 = CARTESIAN_POINT('',(-0.971001128763,-1.034471979728,0.8600001));
#4560 = CARTESIAN_POINT('',(-0.946757440014,-1.034471979728,0.8600001));
#4561 = ADVANCED_FACE('',(#4562),#4584,.F.);
#4562 = FACE_BOUND('',#4563,.T.);
#4563 = EDGE_LOOP('',(#4564,#4571,#4578,#4583));
#4564 = ORIENTED_EDGE('',*,*,#4565,.T.);
#4565 = EDGE_CURVE('',#4538,#4566,#4568,.T.);
#4566 = VERTEX_POINT('',#4567);
#4567 = CARTESIAN_POINT('',(-0.971001128763,-1.012775697874,0.8600001));
#4568 = B_SPLINE_CURVE_WITH_KNOTS('',1,(#4569,#4570),.UNSPECIFIED.,.F.,
  .F.,(2,2),(-2.169628185404E-02,0.),.PIECEWISE_BEZIER_KNOTS.);
#4569 = CARTESIAN_POINT('',(-0.971001128763,-1.034471979728,0.8600001));
#4570 = CARTESIAN_POINT('',(-0.971001128763,-1.012775697874,0.8600001));
#4571 = ORIENTED_EDGE('',*,*,#4572,.F.);
#4572 = EDGE_CURVE('',#4573,#4566,#4575,.T.);
#4573 = VERTEX_POINT('',#4574);
#4574 = CARTESIAN_POINT('',(-0.971001128763,-1.012775697874,0.8700001));
#4575 = B_SPLINE_CURVE_WITH_KNOTS('',1,(#4576,#4577),.UNSPECIFIED.,.F.,
  .F.,(2,2),(-0.,1.E-02),.PIECEWISE_BEZIER_KNOTS.);
#4576 = CARTESIAN_POINT('',(-0.971001128763,-1.012775697874,0.8700001));
#4577 = CARTESIAN_POINT('',(-0.971001128763,-1.012775697874,0.8600001));
#4578 = ORIENTED_EDGE('',*,*,#4579,.F.);
#4579 = EDGE_CURVE('',#4545,#4573,#4580,.T.);
#4580 = B_SPLINE_CURVE_WITH_KNOTS('',1,(#4581,#4582),.UNSPECIFIED.,.F.,
  .F.,(2,2),(-2.169628185404E-02,0.),.PIECEWISE_BEZIER_KNOTS.);
#4581 = CARTESIAN_POINT('',(-0.971001128763,-1.034471979728,0.8700001));
#4582 = CARTESIAN_POINT('',(-0.971001128763,-1.012775697874,0.8700001));
#4583 = ORIENTED_EDGE('',*,*,#4544,.T.);
#4584 = B_SPLINE_SURFACE_WITH_KNOTS('',1,1,(
    (#4585,#4586)
    ,(#4587,#4588)),.UNSPECIFIED.,.F.,.F.,.F.,(2,2),(2,2),(-1.E-02,0.),(
    -2.169628185404E-02,0.),.PIECEWISE_BEZIER_KNOTS.);
#4585 = CARTESIAN_POINT('',(-0.971001128763,-1.034471979728,0.8600001));
#4586 = CARTESIAN_POINT('',(-0.971001128763,-1.012775697874,0.8600001));
#4587 = CARTESIAN_POINT('',(-0.971001128763,-1.034471979728,0.8700001));
#4588 = CARTESIAN_POINT('',(-0.971001128763,-1.012775697874,0.8700001));
#4589 = ADVANCED_FACE('',(#4590),#4612,.F.);
#4590 = FACE_BOUND('',#4591,.T.);
#4591 = EDGE_LOOP('',(#4592,#4599,#4606,#4611));
#4592 = ORIENTED_EDGE('',*,*,#4593,.T.);
#4593 = EDGE_CURVE('',#4566,#4594,#4596,.T.);
#4594 = VERTEX_POINT('',#4595);
#4595 = CARTESIAN_POINT('',(-0.944833887869,-1.012775697874,0.8600001));
#4596 = B_SPLINE_CURVE_WITH_KNOTS('',1,(#4597,#4598),.UNSPECIFIED.,.F.,
  .F.,(2,2),(-2.616724089396E-02,0.),.PIECEWISE_BEZIER_KNOTS.);
#4597 = CARTESIAN_POINT('',(-0.971001128763,-1.012775697874,0.8600001));
#4598 = CARTESIAN_POINT('',(-0.944833887869,-1.012775697874,0.8600001));
#4599 = ORIENTED_EDGE('',*,*,#4600,.F.);
#4600 = EDGE_CURVE('',#4601,#4594,#4603,.T.);
#4601 = VERTEX_POINT('',#4602);
#4602 = CARTESIAN_POINT('',(-0.944833887869,-1.012775697874,0.8700001));
#4603 = B_SPLINE_CURVE_WITH_KNOTS('',1,(#4604,#4605),.UNSPECIFIED.,.F.,
  .F.,(2,2),(-0.,1.E-02),.PIECEWISE_BEZIER_KNOTS.);
#4604 = CARTESIAN_POINT('',(-0.944833887869,-1.012775697874,0.8700001));
#4605 = CARTESIAN_POINT('',(-0.944833887869,-1.012775697874,0.8600001));
#4606 = ORIENTED_EDGE('',*,*,#4607,.F.);
#4607 = EDGE_CURVE('',#4573,#4601,#4608,.T.);
#4608 = B_SPLINE_CURVE_WITH_KNOTS('',1,(#4609,#4610),.UNSPECIFIED.,.F.,
  .F.,(2,2),(-2.616724089396E-02,0.),.PIECEWISE_BEZIER_KNOTS.);
#4609 = CARTESIAN_POINT('',(-0.971001128763,-1.012775697874,0.8700001));
#4610 = CARTESIAN_POINT('',(-0.944833887869,-1.012775697874,0.8700001));
#4611 = ORIENTED_EDGE('',*,*,#4572,.T.);
#4612 = B_SPLINE_SURFACE_WITH_KNOTS('',1,1,(
    (#4613,#4614)
    ,(#4615,#4616)),.UNSPECIFIED.,.F.,.F.,.F.,(2,2),(2,2),(-1.E-02,0.),(
    -2.616724089396E-02,0.),.PIECEWISE_BEZIER_KNOTS.);
#4613 = CARTESIAN_POINT('',(-0.971001128763,-1.012775697874,0.8600001));
#4614 = CARTESIAN_POINT('',(-0.944833887869,-1.012775697874,0.8600001));
#4615 = CARTESIAN_POINT('',(-0.971001128763,-1.012775697874,0.8700001));
#4616 = CARTESIAN_POINT('',(-0.944833887869,-1.012775697874,0.8700001));
#4617 = ADVANCED_FACE('',(#4618),#4640,.F.);
#4618 = FACE_BOUND('',#4619,.T.);
#4619 = EDGE_LOOP('',(#4620,#4627,#4634,#4639));
#4620 = ORIENTED_EDGE('',*,*,#4621,.T.);
#4621 = EDGE_CURVE('',#4594,#4622,#4624,.T.);
#4622 = VERTEX_POINT('',#4623);
#4623 = CARTESIAN_POINT('',(-0.944833887869,-1.004977513501,0.8600001));
#4624 = B_SPLINE_CURVE_WITH_KNOTS('',1,(#4625,#4626),.UNSPECIFIED.,.F.,
  .F.,(2,2),(-7.79818437227E-03,0.),.PIECEWISE_BEZIER_KNOTS.);
#4625 = CARTESIAN_POINT('',(-0.944833887869,-1.012775697874,0.8600001));
#4626 = CARTESIAN_POINT('',(-0.944833887869,-1.004977513501,0.8600001));
#4627 = ORIENTED_EDGE('',*,*,#4628,.F.);
#4628 = EDGE_CURVE('',#4629,#4622,#4631,.T.);
#4629 = VERTEX_POINT('',#4630);
#4630 = CARTESIAN_POINT('',(-0.944833887869,-1.004977513501,0.8700001));
#4631 = B_SPLINE_CURVE_WITH_KNOTS('',1,(#4632,#4633),.UNSPECIFIED.,.F.,
  .F.,(2,2),(-0.,1.E-02),.PIECEWISE_BEZIER_KNOTS.);
#4632 = CARTESIAN_POINT('',(-0.944833887869,-1.004977513501,0.8700001));
#4633 = CARTESIAN_POINT('',(-0.944833887869,-1.004977513501,0.8600001));
#4634 = ORIENTED_EDGE('',*,*,#4635,.F.);
#4635 = EDGE_CURVE('',#4601,#4629,#4636,.T.);
#4636 = B_SPLINE_CURVE_WITH_KNOTS('',1,(#4637,#4638),.UNSPECIFIED.,.F.,
  .F.,(2,2),(-7.79818437227E-03,0.),.PIECEWISE_BEZIER_KNOTS.);
#4637 = CARTESIAN_POINT('',(-0.944833887869,-1.012775697874,0.8700001));
#4638 = CARTESIAN_POINT('',(-0.944833887869,-1.004977513501,0.8700001));
#4639 = ORIENTED_EDGE('',*,*,#4600,.T.);
#4640 = B_SPLINE_SURFACE_WITH_KNOTS('',1,1,(
    (#4641,#4642)
    ,(#4643,#4644)),.UNSPECIFIED.,.F.,.F.,.F.,(2,2),(2,2),(-1.E-02,0.),(
    -7.79818437227E-03,0.),.PIECEWISE_BEZIER_KNOTS.);
#4641 = CARTESIAN_POINT('',(-0.944833887869,-1.012775697874,0.8600001));
#4642 = CARTESIAN_POINT('',(-0.944833887869,-1.004977513501,0.8600001));
#4643 = CARTESIAN_POINT('',(-0.944833887869,-1.012775697874,0.8700001));
#4644 = CARTESIAN_POINT('',(-0.944833887869,-1.004977513501,0.8700001));
#4645 = ADVANCED_FACE('',(#4646),#4668,.F.);
#4646 = FACE_BOUND('',#4647,.T.);
#4647 = EDGE_LOOP('',(#4648,#4655,#4662,#4667));
#4648 = ORIENTED_EDGE('',*,*,#4649,.T.);
#4649 = EDGE_CURVE('',#4622,#4650,#4652,.T.);
#4650 = VERTEX_POINT('',#4651);
#4651 = CARTESIAN_POINT('',(-0.979752424558,-1.004977513501,0.8600001));
#4652 = B_SPLINE_CURVE_WITH_KNOTS('',1,(#4653,#4654),.UNSPECIFIED.,.F.,
  .F.,(2,2),(-3.491853668959E-02,-0.),.PIECEWISE_BEZIER_KNOTS.);
#4653 = CARTESIAN_POINT('',(-0.944833887869,-1.004977513501,0.8600001));
#4654 = CARTESIAN_POINT('',(-0.979752424558,-1.004977513501,0.8600001));
#4655 = ORIENTED_EDGE('',*,*,#4656,.F.);
#4656 = EDGE_CURVE('',#4657,#4650,#4659,.T.);
#4657 = VERTEX_POINT('',#4658);
#4658 = CARTESIAN_POINT('',(-0.979752424558,-1.004977513501,0.8700001));
#4659 = B_SPLINE_CURVE_WITH_KNOTS('',1,(#4660,#4661),.UNSPECIFIED.,.F.,
  .F.,(2,2),(-0.,1.E-02),.PIECEWISE_BEZIER_KNOTS.);
#4660 = CARTESIAN_POINT('',(-0.979752424558,-1.004977513501,0.8700001));
#4661 = CARTESIAN_POINT('',(-0.979752424558,-1.004977513501,0.8600001));
#4662 = ORIENTED_EDGE('',*,*,#4663,.F.);
#4663 = EDGE_CURVE('',#4629,#4657,#4664,.T.);
#4664 = B_SPLINE_CURVE_WITH_KNOTS('',1,(#4665,#4666),.UNSPECIFIED.,.F.,
  .F.,(2,2),(-3.491853668959E-02,-0.),.PIECEWISE_BEZIER_KNOTS.);
#4665 = CARTESIAN_POINT('',(-0.944833887869,-1.004977513501,0.8700001));
#4666 = CARTESIAN_POINT('',(-0.979752424558,-1.004977513501,0.8700001));
#4667 = ORIENTED_EDGE('',*,*,#4628,.T.);
#4668 = B_SPLINE_SURFACE_WITH_KNOTS('',1,1,(
    (#4669,#4670)
    ,(#4671,#4672
    )),.UNSPECIFIED.,.F.,.F.,.F.,(2,2),(2,2),(0.,1.E-02),(0.,
    3.491853668959E-02),.PIECEWISE_BEZIER_KNOTS.);
#4669 = CARTESIAN_POINT('',(-0.979752424558,-1.004977513501,0.8700001));
#4670 = CARTESIAN_POINT('',(-0.944833887869,-1.004977513501,0.8700001));
#4671 = CARTESIAN_POINT('',(-0.979752424558,-1.004977513501,0.8600001));
#4672 = CARTESIAN_POINT('',(-0.944833887869,-1.004977513501,0.8600001));
#4673 = ADVANCED_FACE('',(#4674),#4696,.F.);
#4674 = FACE_BOUND('',#4675,.T.);
#4675 = EDGE_LOOP('',(#4676,#4683,#4690,#4695));
#4676 = ORIENTED_EDGE('',*,*,#4677,.T.);
#4677 = EDGE_CURVE('',#4650,#4678,#4680,.T.);
#4678 = VERTEX_POINT('',#4679);
#4679 = CARTESIAN_POINT('',(-0.979752424558,-1.072769729645,0.8600001));
#4680 = B_SPLINE_CURVE_WITH_KNOTS('',1,(#4681,#4682),.UNSPECIFIED.,.F.,
  .F.,(2,2),(-6.779221614378E-02,-0.),.PIECEWISE_BEZIER_KNOTS.);
#4681 = CARTESIAN_POINT('',(-0.979752424558,-1.004977513501,0.8600001));
#4682 = CARTESIAN_POINT('',(-0.979752424558,-1.072769729645,0.8600001));
#4683 = ORIENTED_EDGE('',*,*,#4684,.F.);
#4684 = EDGE_CURVE('',#4685,#4678,#4687,.T.);
#4685 = VERTEX_POINT('',#4686);
#4686 = CARTESIAN_POINT('',(-0.979752424558,-1.072769729645,0.8700001));
#4687 = B_SPLINE_CURVE_WITH_KNOTS('',1,(#4688,#4689),.UNSPECIFIED.,.F.,
  .F.,(2,2),(-0.,1.E-02),.PIECEWISE_BEZIER_KNOTS.);
#4688 = CARTESIAN_POINT('',(-0.979752424558,-1.072769729645,0.8700001));
#4689 = CARTESIAN_POINT('',(-0.979752424558,-1.072769729645,0.8600001));
#4690 = ORIENTED_EDGE('',*,*,#4691,.F.);
#4691 = EDGE_CURVE('',#4657,#4685,#4692,.T.);
#4692 = B_SPLINE_CURVE_WITH_KNOTS('',1,(#4693,#4694),.UNSPECIFIED.,.F.,
  .F.,(2,2),(-6.779221614378E-02,-0.),.PIECEWISE_BEZIER_KNOTS.);
#4693 = CARTESIAN_POINT('',(-0.979752424558,-1.004977513501,0.8700001));
#4694 = CARTESIAN_POINT('',(-0.979752424558,-1.072769729645,0.8700001));
#4695 = ORIENTED_EDGE('',*,*,#4656,.T.);
#4696 = B_SPLINE_SURFACE_WITH_KNOTS('',1,1,(
    (#4697,#4698)
    ,(#4699,#4700
    )),.UNSPECIFIED.,.F.,.F.,.F.,(2,2),(2,2),(0.,1.E-02),(0.,
    6.779221614378E-02),.PIECEWISE_BEZIER_KNOTS.);
#4697 = CARTESIAN_POINT('',(-0.979752424558,-1.072769729645,0.8700001));
#4698 = CARTESIAN_POINT('',(-0.979752424558,-1.004977513501,0.8700001));
#4699 = CARTESIAN_POINT('',(-0.979752424558,-1.072769729645,0.8600001));
#4700 = CARTESIAN_POINT('',(-0.979752424558,-1.004977513501,0.8600001));
#4701 = ADVANCED_FACE('',(#4702),#4716,.F.);
#4702 = FACE_BOUND('',#4703,.T.);
#4703 = EDGE_LOOP('',(#4704,#4709,#4710,#4715));
#4704 = ORIENTED_EDGE('',*,*,#4705,.T.);
#4705 = EDGE_CURVE('',#4678,#4390,#4706,.T.);
#4706 = B_SPLINE_CURVE_WITH_KNOTS('',1,(#4707,#4708),.UNSPECIFIED.,.F.,
  .F.,(2,2),(-3.646084426555E-02,0.),.PIECEWISE_BEZIER_KNOTS.);
#4707 = CARTESIAN_POINT('',(-0.979752424558,-1.072769729645,0.8600001));
#4708 = CARTESIAN_POINT('',(-0.943291580293,-1.072769729645,0.8600001));
#4709 = ORIENTED_EDGE('',*,*,#4412,.F.);
#4710 = ORIENTED_EDGE('',*,*,#4711,.F.);
#4711 = EDGE_CURVE('',#4685,#4406,#4712,.T.);
#4712 = B_SPLINE_CURVE_WITH_KNOTS('',1,(#4713,#4714),.UNSPECIFIED.,.F.,
  .F.,(2,2),(-3.646084426555E-02,0.),.PIECEWISE_BEZIER_KNOTS.);
#4713 = CARTESIAN_POINT('',(-0.979752424558,-1.072769729645,0.8700001));
#4714 = CARTESIAN_POINT('',(-0.943291580293,-1.072769729645,0.8700001));
#4715 = ORIENTED_EDGE('',*,*,#4684,.T.);
#4716 = B_SPLINE_SURFACE_WITH_KNOTS('',1,1,(
    (#4717,#4718)
    ,(#4719,#4720)),.UNSPECIFIED.,.F.,.F.,.F.,(2,2),(2,2),(-1.E-02,0.),(
    -3.646084426555E-02,0.),.PIECEWISE_BEZIER_KNOTS.);
#4717 = CARTESIAN_POINT('',(-0.979752424558,-1.072769729645,0.8600001));
#4718 = CARTESIAN_POINT('',(-0.943291580293,-1.072769729645,0.8600001));
#4719 = CARTESIAN_POINT('',(-0.979752424558,-1.072769729645,0.8700001));
#4720 = CARTESIAN_POINT('',(-0.943291580293,-1.072769729645,0.8700001));
#4721 = ADVANCED_FACE('',(#4722),#4736,.F.);
#4722 = FACE_BOUND('',#4723,.T.);
#4723 = EDGE_LOOP('',(#4724,#4725,#4726,#4727,#4728,#4729,#4730,#4731,
    #4732,#4733,#4734,#4735));
#4724 = ORIENTED_EDGE('',*,*,#4405,.T.);
#4725 = ORIENTED_EDGE('',*,*,#4439,.T.);
#4726 = ORIENTED_EDGE('',*,*,#4467,.T.);
#4727 = ORIENTED_EDGE('',*,*,#4495,.T.);
#4728 = ORIENTED_EDGE('',*,*,#4523,.T.);
#4729 = ORIENTED_EDGE('',*,*,#4551,.T.);
#4730 = ORIENTED_EDGE('',*,*,#4579,.T.);
#4731 = ORIENTED_EDGE('',*,*,#4607,.T.);
#4732 = ORIENTED_EDGE('',*,*,#4635,.T.);
#4733 = ORIENTED_EDGE('',*,*,#4663,.T.);
#4734 = ORIENTED_EDGE('',*,*,#4691,.T.);
#4735 = ORIENTED_EDGE('',*,*,#4711,.T.);
#4736 = B_SPLINE_SURFACE_WITH_KNOTS('',1,1,(
    (#4737,#4738)
    ,(#4739,#4740
    )),.UNSPECIFIED.,.F.,.F.,.F.,(2,2),(2,2),(0.943291580293,
    0.979752424558),(-1.072769729645,-1.004977513501),
  .PIECEWISE_BEZIER_KNOTS.);
#4737 = CARTESIAN_POINT('',(-0.943291580293,-1.072769729645,0.8700001));
#4738 = CARTESIAN_POINT('',(-0.943291580293,-1.004977513501,0.8700001));
#4739 = CARTESIAN_POINT('',(-0.979752424558,-1.072769729645,0.8700001));
#4740 = CARTESIAN_POINT('',(-0.979752424558,-1.004977513501,0.8700001));
#4741 = ADVANCED_FACE('',(#4742),#4756,.T.);
#4742 = FACE_BOUND('',#4743,.T.);
#4743 = EDGE_LOOP('',(#4744,#4745,#4746,#4747,#4748,#4749,#4750,#4751,
    #4752,#4753,#4754,#4755));
#4744 = ORIENTED_EDGE('',*,*,#4389,.F.);
#4745 = ORIENTED_EDGE('',*,*,#4705,.F.);
#4746 = ORIENTED_EDGE('',*,*,#4677,.F.);
#4747 = ORIENTED_EDGE('',*,*,#4649,.F.);
#4748 = ORIENTED_EDGE('',*,*,#4621,.F.);
#4749 = ORIENTED_EDGE('',*,*,#4593,.F.);
#4750 = ORIENTED_EDGE('',*,*,#4565,.F.);
#4751 = ORIENTED_EDGE('',*,*,#4537,.F.);
#4752 = ORIENTED_EDGE('',*,*,#4509,.F.);
#4753 = ORIENTED_EDGE('',*,*,#4481,.F.);
#4754 = ORIENTED_EDGE('',*,*,#4453,.F.);
#4755 = ORIENTED_EDGE('',*,*,#4425,.F.);
#4756 = B_SPLINE_SURFACE_WITH_KNOTS('',1,1,(
    (#4757,#4758)
    ,(#4759,#4760
    )),.UNSPECIFIED.,.F.,.F.,.F.,(2,2),(2,2),(0.943291580293,
    0.979752424558),(-1.072769729645,-1.004977513501),
  .PIECEWISE_BEZIER_KNOTS.);
#4757 = CARTESIAN_POINT('',(-0.943291580293,-1.072769729645,0.8600001));
#4758 = CARTESIAN_POINT('',(-0.943291580293,-1.004977513501,0.8600001));
#4759 = CARTESIAN_POINT('',(-0.979752424558,-1.072769729645,0.8600001));
#4760 = CARTESIAN_POINT('',(-0.979752424558,-1.004977513501,0.8600001));
#4761 = MANIFOLD_SOLID_BREP('',#4762);
#4762 = CLOSED_SHELL('',(#4763,#4955,#5147,#5171,#5187,#5207,#5227,#5243
    ,#5263,#5283,#5303,#5323,#5339,#5355,#5371,#5387,#5403,#5427,#5447,
    #5467,#5487,#5507,#5527,#5543));
#4763 = ADVANCED_FACE('',(#4764,#4880),#4950,.T.);
#4764 = FACE_BOUND('',#4765,.T.);
#4765 = EDGE_LOOP('',(#4766,#4777,#4784,#4793,#4802,#4809,#4818,#4827,
    #4836,#4845,#4852,#4859,#4866,#4873));
#4766 = ORIENTED_EDGE('',*,*,#4767,.T.);
#4767 = EDGE_CURVE('',#4768,#4770,#4772,.T.);
#4768 = VERTEX_POINT('',#4769);
#4769 = CARTESIAN_POINT('',(-0.913762455469,-1.023242594231,0.8700001));
#4770 = VERTEX_POINT('',#4771);
#4771 = CARTESIAN_POINT('',(-0.930433240728,-1.027748211869,0.8700001));
#4772 = B_SPLINE_CURVE_WITH_KNOTS('',3,(#4773,#4774,#4775,#4776),
  .UNSPECIFIED.,.F.,.F.,(4,4),(0.,1.),.PIECEWISE_BEZIER_KNOTS.);
#4773 = CARTESIAN_POINT('',(-0.913762455469,-1.023242594231,0.8700001));
#4774 = CARTESIAN_POINT('',(-0.920070320161,-1.023242594231,0.8700001));
#4775 = CARTESIAN_POINT('',(-0.925633025014,-1.024732913911,0.8700001));
#4776 = CARTESIAN_POINT('',(-0.930433240728,-1.027748211869,0.8700001));
#4777 = ORIENTED_EDGE('',*,*,#4778,.T.);
#4778 = EDGE_CURVE('',#4770,#4779,#4781,.T.);
#4779 = VERTEX_POINT('',#4780);
#4780 = CARTESIAN_POINT('',(-0.930433240728,-1.035996958005,0.8700001));
#4781 = B_SPLINE_CURVE_WITH_KNOTS('',1,(#4782,#4783),.UNSPECIFIED.,.F.,
  .F.,(2,2),(-8.248746136419E-03,-0.),.PIECEWISE_BEZIER_KNOTS.);
#4782 = CARTESIAN_POINT('',(-0.930433240728,-1.027748211869,0.8700001));
#4783 = CARTESIAN_POINT('',(-0.930433240728,-1.035996958005,0.8700001));
#4784 = ORIENTED_EDGE('',*,*,#4785,.T.);
#4785 = EDGE_CURVE('',#4779,#4786,#4788,.T.);
#4786 = VERTEX_POINT('',#4787);
#4787 = CARTESIAN_POINT('',(-0.914559603205,-1.030139655076,0.8700001));
#4788 = B_SPLINE_CURVE_WITH_KNOTS('',3,(#4789,#4790,#4791,#4792),
  .UNSPECIFIED.,.F.,.F.,(4,4),(12.,13.),.PIECEWISE_BEZIER_KNOTS.);
#4789 = CARTESIAN_POINT('',(-0.930433240728,-1.035996958005,0.8700001));
#4790 = CARTESIAN_POINT('',(-0.925650354312,-1.032115195117,0.8700001));
#4791 = CARTESIAN_POINT('',(-0.920364918238,-1.030139655076,0.8700001));
#4792 = CARTESIAN_POINT('',(-0.914559603205,-1.030139655076,0.8700001));
#4793 = ORIENTED_EDGE('',*,*,#4794,.T.);
#4794 = EDGE_CURVE('',#4786,#4795,#4797,.T.);
#4795 = VERTEX_POINT('',#4796);
#4796 = CARTESIAN_POINT('',(-0.904751220195,-1.041992895322,0.8700001));
#4797 = B_SPLINE_CURVE_WITH_KNOTS('',3,(#4798,#4799,#4800,#4801),
  .UNSPECIFIED.,.F.,.F.,(4,4),(11.,12.),.PIECEWISE_BEZIER_KNOTS.);
#4798 = CARTESIAN_POINT('',(-0.914559603205,-1.030139655076,0.8700001));
#4799 = CARTESIAN_POINT('',(-0.908026457631,-1.030139655076,0.8700001));
#4800 = CARTESIAN_POINT('',(-0.904751220195,-1.034090735158,0.8700001));
#4801 = CARTESIAN_POINT('',(-0.904751220195,-1.041992895322,0.8700001));
#4802 = ORIENTED_EDGE('',*,*,#4803,.T.);
#4803 = EDGE_CURVE('',#4795,#4804,#4806,.T.);
#4804 = VERTEX_POINT('',#4805);
#4805 = CARTESIAN_POINT('',(-0.91909987944,-1.04400309396,0.8700001));
#4806 = B_SPLINE_CURVE_WITH_KNOTS('',1,(#4807,#4808),.UNSPECIFIED.,.F.,
  .F.,(2,2),(-1.448878603268E-02,-0.),.PIECEWISE_BEZIER_KNOTS.);
#4807 = CARTESIAN_POINT('',(-0.904751220195,-1.041992895322,0.8700001));
#4808 = CARTESIAN_POINT('',(-0.91909987944,-1.04400309396,0.8700001));
#4809 = ORIENTED_EDGE('',*,*,#4810,.T.);
#4810 = EDGE_CURVE('',#4804,#4811,#4813,.T.);
#4811 = VERTEX_POINT('',#4812);
#4812 = CARTESIAN_POINT('',(-0.935164139247,-1.059807414288,0.8700001));
#4813 = B_SPLINE_CURVE_WITH_KNOTS('',3,(#4814,#4815,#4816,#4817),
  .UNSPECIFIED.,.F.,.F.,(4,4),(9.,10.),.PIECEWISE_BEZIER_KNOTS.);
#4814 = CARTESIAN_POINT('',(-0.91909987944,-1.04400309396,0.8700001));
#4815 = CARTESIAN_POINT('',(-0.929809385978,-1.04549341364,0.8700001));
#4816 = CARTESIAN_POINT('',(-0.935164139247,-1.050761520416,0.8700001));
#4817 = CARTESIAN_POINT('',(-0.935164139247,-1.059807414288,0.8700001));
#4818 = ORIENTED_EDGE('',*,*,#4819,.T.);
#4819 = EDGE_CURVE('',#4811,#4820,#4822,.T.);
#4820 = VERTEX_POINT('',#4821);
#4821 = CARTESIAN_POINT('',(-0.931005107581,-1.07010101766,0.8700001));
#4822 = B_SPLINE_CURVE_WITH_KNOTS('',3,(#4823,#4824,#4825,#4826),
  .UNSPECIFIED.,.F.,.F.,(4,4),(8.,9.),.PIECEWISE_BEZIER_KNOTS.);
#4823 = CARTESIAN_POINT('',(-0.935164139247,-1.059807414288,0.8700001));
#4824 = CARTESIAN_POINT('',(-0.935164139247,-1.06413973894,0.8700001));
#4825 = CARTESIAN_POINT('',(-0.933777795358,-1.067570940064,0.8700001));
#4826 = CARTESIAN_POINT('',(-0.931005107581,-1.07010101766,0.8700001));
#4827 = ORIENTED_EDGE('',*,*,#4828,.T.);
#4828 = EDGE_CURVE('',#4820,#4829,#4831,.T.);
#4829 = VERTEX_POINT('',#4830);
#4830 = CARTESIAN_POINT('',(-0.919810380682,-1.073913463353,0.8700001));
#4831 = B_SPLINE_CURVE_WITH_KNOTS('',3,(#4832,#4833,#4834,#4835),
  .UNSPECIFIED.,.F.,.F.,(4,4),(7.,8.),.PIECEWISE_BEZIER_KNOTS.);
#4832 = CARTESIAN_POINT('',(-0.931005107581,-1.07010101766,0.8700001));
#4833 = CARTESIAN_POINT('',(-0.928232419805,-1.072631095256,0.8700001));
#4834 = CARTESIAN_POINT('',(-0.924506620604,-1.073913463353,0.8700001));
#4835 = CARTESIAN_POINT('',(-0.919810380682,-1.073913463353,0.8700001));
#4836 = ORIENTED_EDGE('',*,*,#4837,.T.);
#4837 = EDGE_CURVE('',#4829,#4838,#4840,.T.);
#4838 = VERTEX_POINT('',#4839);
#4839 = CARTESIAN_POINT('',(-0.904976501076,-1.065283472648,0.8700001));
#4840 = B_SPLINE_CURVE_WITH_KNOTS('',3,(#4841,#4842,#4843,#4844),
  .UNSPECIFIED.,.F.,.F.,(4,4),(6.,7.),.PIECEWISE_BEZIER_KNOTS.);
#4841 = CARTESIAN_POINT('',(-0.919810380682,-1.073913463353,0.8700001));
#4842 = CARTESIAN_POINT('',(-0.913277235108,-1.073913463353,0.8700001));
#4843 = CARTESIAN_POINT('',(-0.908321055707,-1.071036799785,0.8700001));
#4844 = CARTESIAN_POINT('',(-0.904976501076,-1.065283472648,0.8700001));
#4845 = ORIENTED_EDGE('',*,*,#4846,.T.);
#4846 = EDGE_CURVE('',#4838,#4847,#4849,.T.);
#4847 = VERTEX_POINT('',#4848);
#4848 = CARTESIAN_POINT('',(-0.904751220195,-1.065283472648,0.8700001));
#4849 = B_SPLINE_CURVE_WITH_KNOTS('',1,(#4850,#4851),.UNSPECIFIED.,.F.,
  .F.,(2,2),(-2.252808818425E-04,0.),.PIECEWISE_BEZIER_KNOTS.);
#4850 = CARTESIAN_POINT('',(-0.904976501076,-1.065283472648,0.8700001));
#4851 = CARTESIAN_POINT('',(-0.904751220195,-1.065283472648,0.8700001));
#4852 = ORIENTED_EDGE('',*,*,#4853,.T.);
#4853 = EDGE_CURVE('',#4847,#4854,#4856,.T.);
#4854 = VERTEX_POINT('',#4855);
#4855 = CARTESIAN_POINT('',(-0.904751220195,-1.072769729645,0.8700001));
#4856 = B_SPLINE_CURVE_WITH_KNOTS('',1,(#4857,#4858),.UNSPECIFIED.,.F.,
  .F.,(2,2),(-7.486256997268E-03,-0.),.PIECEWISE_BEZIER_KNOTS.);
#4857 = CARTESIAN_POINT('',(-0.904751220195,-1.065283472648,0.8700001));
#4858 = CARTESIAN_POINT('',(-0.904751220195,-1.072769729645,0.8700001));
#4859 = ORIENTED_EDGE('',*,*,#4860,.T.);
#4860 = EDGE_CURVE('',#4854,#4861,#4863,.T.);
#4861 = VERTEX_POINT('',#4862);
#4862 = CARTESIAN_POINT('',(-0.896259863878,-1.072769729645,0.8700001));
#4863 = B_SPLINE_CURVE_WITH_KNOTS('',1,(#4864,#4865),.UNSPECIFIED.,.F.,
  .F.,(2,2),(-8.491356316616E-03,0.),.PIECEWISE_BEZIER_KNOTS.);
#4864 = CARTESIAN_POINT('',(-0.904751220195,-1.072769729645,0.8700001));
#4865 = CARTESIAN_POINT('',(-0.896259863878,-1.072769729645,0.8700001));
#4866 = ORIENTED_EDGE('',*,*,#4867,.T.);
#4867 = EDGE_CURVE('',#4861,#4868,#4870,.T.);
#4868 = VERTEX_POINT('',#4869);
#4869 = CARTESIAN_POINT('',(-0.896259863878,-1.041611650753,0.8700001));
#4870 = B_SPLINE_CURVE_WITH_KNOTS('',1,(#4871,#4872),.UNSPECIFIED.,.F.,
  .F.,(2,2),(-3.115807889191E-02,0.),.PIECEWISE_BEZIER_KNOTS.);
#4871 = CARTESIAN_POINT('',(-0.896259863878,-1.072769729645,0.8700001));
#4872 = CARTESIAN_POINT('',(-0.896259863878,-1.041611650753,0.8700001));
#4873 = ORIENTED_EDGE('',*,*,#4874,.T.);
#4874 = EDGE_CURVE('',#4868,#4768,#4875,.T.);
#4875 = B_SPLINE_CURVE_WITH_KNOTS('',3,(#4876,#4877,#4878,#4879),
  .UNSPECIFIED.,.F.,.F.,(4,4),(1.,2.),.PIECEWISE_BEZIER_KNOTS.);
#4876 = CARTESIAN_POINT('',(-0.896259863878,-1.041611650753,0.8700001));
#4877 = CARTESIAN_POINT('',(-0.896259863878,-1.02934250734,0.8700001));
#4878 = CARTESIAN_POINT('',(-0.902099837508,-1.023242594231,0.8700001));
#4879 = CARTESIAN_POINT('',(-0.913762455469,-1.023242594231,0.8700001));
#4880 = FACE_BOUND('',#4881,.T.);
#4881 = EDGE_LOOP('',(#4882,#4893,#4902,#4909,#4916,#4925,#4934,#4943));
#4882 = ORIENTED_EDGE('',*,*,#4883,.F.);
#4883 = EDGE_CURVE('',#4884,#4886,#4888,.T.);
#4884 = VERTEX_POINT('',#4885);
#4885 = CARTESIAN_POINT('',(-0.924298669021,-1.052979670638,0.8700001));
#4886 = VERTEX_POINT('',#4887);
#4887 = CARTESIAN_POINT('',(-0.92655147784,-1.059114242344,0.8700001));
#4888 = B_SPLINE_CURVE_WITH_KNOTS('',3,(#4889,#4890,#4891,#4892),
  .UNSPECIFIED.,.F.,.F.,(4,4),(1.,2.),.PIECEWISE_BEZIER_KNOTS.);
#4889 = CARTESIAN_POINT('',(-0.924298669021,-1.052979670638,0.8700001));
#4890 = CARTESIAN_POINT('',(-0.925788988701,-1.054435331721,0.8700001));
#4891 = CARTESIAN_POINT('',(-0.92655147784,-1.056480188956,0.8700001));
#4892 = CARTESIAN_POINT('',(-0.92655147784,-1.059114242344,0.8700001));
#4893 = ORIENTED_EDGE('',*,*,#4894,.F.);
#4894 = EDGE_CURVE('',#4895,#4884,#4897,.T.);
#4895 = VERTEX_POINT('',#4896);
#4896 = CARTESIAN_POINT('',(-0.916084581482,-1.049999031278,0.8700001));
#4897 = B_SPLINE_CURVE_WITH_KNOTS('',3,(#4898,#4899,#4900,#4901),
  .UNSPECIFIED.,.F.,.F.,(4,4),(0.,1.),.PIECEWISE_BEZIER_KNOTS.);
#4898 = CARTESIAN_POINT('',(-0.916084581482,-1.049999031278,0.8700001));
#4899 = CARTESIAN_POINT('',(-0.920052990863,-1.050553568833,0.8700001));
#4900 = CARTESIAN_POINT('',(-0.922791020043,-1.051524009555,0.8700001));
#4901 = CARTESIAN_POINT('',(-0.924298669021,-1.052979670638,0.8700001));
#4902 = ORIENTED_EDGE('',*,*,#4903,.F.);
#4903 = EDGE_CURVE('',#4904,#4895,#4906,.T.);
#4904 = VERTEX_POINT('',#4905);
#4905 = CARTESIAN_POINT('',(-0.904751220195,-1.048474053,0.8700001));
#4906 = B_SPLINE_CURVE_WITH_KNOTS('',1,(#4907,#4908),.UNSPECIFIED.,.F.,
  .F.,(2,2),(0.,1.143549897591E-02),.PIECEWISE_BEZIER_KNOTS.);
#4907 = CARTESIAN_POINT('',(-0.904751220195,-1.048474053,0.8700001));
#4908 = CARTESIAN_POINT('',(-0.916084581482,-1.049999031278,0.8700001));
#4909 = ORIENTED_EDGE('',*,*,#4910,.F.);
#4910 = EDGE_CURVE('',#4911,#4904,#4913,.T.);
#4911 = VERTEX_POINT('',#4912);
#4912 = CARTESIAN_POINT('',(-0.904751220195,-1.053118305027,0.8700001));
#4913 = B_SPLINE_CURVE_WITH_KNOTS('',1,(#4914,#4915),.UNSPECIFIED.,.F.,
  .F.,(2,2),(0.,4.644252026466E-03),.PIECEWISE_BEZIER_KNOTS.);
#4914 = CARTESIAN_POINT('',(-0.904751220195,-1.053118305027,0.8700001));
#4915 = CARTESIAN_POINT('',(-0.904751220195,-1.048474053,0.8700001));
#4916 = ORIENTED_EDGE('',*,*,#4917,.F.);
#4917 = EDGE_CURVE('',#4918,#4911,#4920,.T.);
#4918 = VERTEX_POINT('',#4919);
#4919 = CARTESIAN_POINT('',(-0.908390372902,-1.062996005232,0.8700001));
#4920 = B_SPLINE_CURVE_WITH_KNOTS('',3,(#4921,#4922,#4923,#4924),
  .UNSPECIFIED.,.F.,.F.,(4,4),(5.,6.),.PIECEWISE_BEZIER_KNOTS.);
#4921 = CARTESIAN_POINT('',(-0.908390372902,-1.062996005232,0.8700001));
#4922 = CARTESIAN_POINT('',(-0.905964271097,-1.060396610441,0.8700001));
#4923 = CARTESIAN_POINT('',(-0.904751220195,-1.057104043706,0.8700001));
#4924 = CARTESIAN_POINT('',(-0.904751220195,-1.053118305027,0.8700001));
#4925 = ORIENTED_EDGE('',*,*,#4926,.F.);
#4926 = EDGE_CURVE('',#4927,#4918,#4929,.T.);
#4927 = VERTEX_POINT('',#4928);
#4928 = CARTESIAN_POINT('',(-0.91760955976,-1.066947085314,0.8700001));
#4929 = B_SPLINE_CURVE_WITH_KNOTS('',3,(#4930,#4931,#4932,#4933),
  .UNSPECIFIED.,.F.,.F.,(4,4),(4.,5.),.PIECEWISE_BEZIER_KNOTS.);
#4930 = CARTESIAN_POINT('',(-0.91760955976,-1.066947085314,0.8700001));
#4931 = CARTESIAN_POINT('',(-0.913883760559,-1.066947085314,0.8700001));
#4932 = CARTESIAN_POINT('',(-0.910799145408,-1.06563005862,0.8700001));
#4933 = CARTESIAN_POINT('',(-0.908390372902,-1.062996005232,0.8700001));
#4934 = ORIENTED_EDGE('',*,*,#4935,.F.);
#4935 = EDGE_CURVE('',#4936,#4927,#4938,.T.);
#4936 = VERTEX_POINT('',#4937);
#4937 = CARTESIAN_POINT('',(-0.924090717438,-1.06476359369,0.8700001));
#4938 = B_SPLINE_CURVE_WITH_KNOTS('',3,(#4939,#4940,#4941,#4942),
  .UNSPECIFIED.,.F.,.F.,(4,4),(3.,4.),.PIECEWISE_BEZIER_KNOTS.);
#4939 = CARTESIAN_POINT('',(-0.924090717438,-1.06476359369,0.8700001));
#4940 = CARTESIAN_POINT('',(-0.922461763369,-1.066219254772,0.8700001));
#4941 = CARTESIAN_POINT('',(-0.920295601044,-1.066947085314,0.8700001));
#4942 = CARTESIAN_POINT('',(-0.91760955976,-1.066947085314,0.8700001));
#4943 = ORIENTED_EDGE('',*,*,#4944,.F.);
#4944 = EDGE_CURVE('',#4886,#4936,#4945,.T.);
#4945 = B_SPLINE_CURVE_WITH_KNOTS('',3,(#4946,#4947,#4948,#4949),
  .UNSPECIFIED.,.F.,.F.,(4,4),(2.,3.),.PIECEWISE_BEZIER_KNOTS.);
#4946 = CARTESIAN_POINT('',(-0.92655147784,-1.059114242344,0.8700001));
#4947 = CARTESIAN_POINT('',(-0.92655147784,-1.061436368357,0.8700001));
#4948 = CARTESIAN_POINT('',(-0.925737000805,-1.063307932607,0.8700001));
#4949 = CARTESIAN_POINT('',(-0.924090717438,-1.06476359369,0.8700001));
#4950 = B_SPLINE_SURFACE_WITH_KNOTS('',1,1,(
    (#4951,#4952)
    ,(#4953,#4954
    )),.UNSPECIFIED.,.F.,.F.,.F.,(2,2),(2,2),(-1.250092278144E-02,
    2.640335258745E-02),(-4.954879703712E-02,1.122072084742E-03),
  .PIECEWISE_BEZIER_KNOTS.);
#4951 = CARTESIAN_POINT('',(-0.935164139247,-1.073913463353,0.8700001));
#4952 = CARTESIAN_POINT('',(-0.935164139247,-1.023242594231,0.8700001));
#4953 = CARTESIAN_POINT('',(-0.896259863878,-1.073913463353,0.8700001));
#4954 = CARTESIAN_POINT('',(-0.896259863878,-1.023242594231,0.8700001));
#4955 = ADVANCED_FACE('',(#4956,#5072),#5142,.F.);
#4956 = FACE_BOUND('',#4957,.T.);
#4957 = EDGE_LOOP('',(#4958,#4969,#4978,#4985,#4992,#4999,#5006,#5015,
    #5024,#5033,#5042,#5049,#5058,#5067));
#4958 = ORIENTED_EDGE('',*,*,#4959,.F.);
#4959 = EDGE_CURVE('',#4960,#4962,#4964,.T.);
#4960 = VERTEX_POINT('',#4961);
#4961 = CARTESIAN_POINT('',(-0.913762455469,-1.023242594231,0.8600001));
#4962 = VERTEX_POINT('',#4963);
#4963 = CARTESIAN_POINT('',(-0.930433240728,-1.027748211869,0.8600001));
#4964 = B_SPLINE_CURVE_WITH_KNOTS('',3,(#4965,#4966,#4967,#4968),
  .UNSPECIFIED.,.F.,.F.,(4,4),(0.,1.),.PIECEWISE_BEZIER_KNOTS.);
#4965 = CARTESIAN_POINT('',(-0.913762455469,-1.023242594231,0.8600001));
#4966 = CARTESIAN_POINT('',(-0.920070320161,-1.023242594231,0.8600001));
#4967 = CARTESIAN_POINT('',(-0.925633025014,-1.024732913911,0.8600001));
#4968 = CARTESIAN_POINT('',(-0.930433240728,-1.027748211869,0.8600001));
#4969 = ORIENTED_EDGE('',*,*,#4970,.F.);
#4970 = EDGE_CURVE('',#4971,#4960,#4973,.T.);
#4971 = VERTEX_POINT('',#4972);
#4972 = CARTESIAN_POINT('',(-0.896259863878,-1.041611650753,0.8600001));
#4973 = B_SPLINE_CURVE_WITH_KNOTS('',3,(#4974,#4975,#4976,#4977),
  .UNSPECIFIED.,.F.,.F.,(4,4),(1.,2.),.PIECEWISE_BEZIER_KNOTS.);
#4974 = CARTESIAN_POINT('',(-0.896259863878,-1.041611650753,0.8600001));
#4975 = CARTESIAN_POINT('',(-0.896259863878,-1.02934250734,0.8600001));
#4976 = CARTESIAN_POINT('',(-0.902099837508,-1.023242594231,0.8600001));
#4977 = CARTESIAN_POINT('',(-0.913762455469,-1.023242594231,0.8600001));
#4978 = ORIENTED_EDGE('',*,*,#4979,.F.);
#4979 = EDGE_CURVE('',#4980,#4971,#4982,.T.);
#4980 = VERTEX_POINT('',#4981);
#4981 = CARTESIAN_POINT('',(-0.896259863878,-1.072769729645,0.8600001));
#4982 = B_SPLINE_CURVE_WITH_KNOTS('',1,(#4983,#4984),.UNSPECIFIED.,.F.,
  .F.,(2,2),(-3.115807889191E-02,0.),.PIECEWISE_BEZIER_KNOTS.);
#4983 = CARTESIAN_POINT('',(-0.896259863878,-1.072769729645,0.8600001));
#4984 = CARTESIAN_POINT('',(-0.896259863878,-1.041611650753,0.8600001));
#4985 = ORIENTED_EDGE('',*,*,#4986,.F.);
#4986 = EDGE_CURVE('',#4987,#4980,#4989,.T.);
#4987 = VERTEX_POINT('',#4988);
#4988 = CARTESIAN_POINT('',(-0.904751220195,-1.072769729645,0.8600001));
#4989 = B_SPLINE_CURVE_WITH_KNOTS('',1,(#4990,#4991),.UNSPECIFIED.,.F.,
  .F.,(2,2),(-8.491356316616E-03,0.),.PIECEWISE_BEZIER_KNOTS.);
#4990 = CARTESIAN_POINT('',(-0.904751220195,-1.072769729645,0.8600001));
#4991 = CARTESIAN_POINT('',(-0.896259863878,-1.072769729645,0.8600001));
#4992 = ORIENTED_EDGE('',*,*,#4993,.F.);
#4993 = EDGE_CURVE('',#4994,#4987,#4996,.T.);
#4994 = VERTEX_POINT('',#4995);
#4995 = CARTESIAN_POINT('',(-0.904751220195,-1.065283472648,0.8600001));
#4996 = B_SPLINE_CURVE_WITH_KNOTS('',1,(#4997,#4998),.UNSPECIFIED.,.F.,
  .F.,(2,2),(-7.486256997268E-03,-0.),.PIECEWISE_BEZIER_KNOTS.);
#4997 = CARTESIAN_POINT('',(-0.904751220195,-1.065283472648,0.8600001));
#4998 = CARTESIAN_POINT('',(-0.904751220195,-1.072769729645,0.8600001));
#4999 = ORIENTED_EDGE('',*,*,#5000,.F.);
#5000 = EDGE_CURVE('',#5001,#4994,#5003,.T.);
#5001 = VERTEX_POINT('',#5002);
#5002 = CARTESIAN_POINT('',(-0.904976501076,-1.065283472648,0.8600001));
#5003 = B_SPLINE_CURVE_WITH_KNOTS('',1,(#5004,#5005),.UNSPECIFIED.,.F.,
  .F.,(2,2),(-2.252808818425E-04,0.),.PIECEWISE_BEZIER_KNOTS.);
#5004 = CARTESIAN_POINT('',(-0.904976501076,-1.065283472648,0.8600001));
#5005 = CARTESIAN_POINT('',(-0.904751220195,-1.065283472648,0.8600001));
#5006 = ORIENTED_EDGE('',*,*,#5007,.F.);
#5007 = EDGE_CURVE('',#5008,#5001,#5010,.T.);
#5008 = VERTEX_POINT('',#5009);
#5009 = CARTESIAN_POINT('',(-0.919810380682,-1.073913463353,0.8600001));
#5010 = B_SPLINE_CURVE_WITH_KNOTS('',3,(#5011,#5012,#5013,#5014),
  .UNSPECIFIED.,.F.,.F.,(4,4),(6.,7.),.PIECEWISE_BEZIER_KNOTS.);
#5011 = CARTESIAN_POINT('',(-0.919810380682,-1.073913463353,0.8600001));
#5012 = CARTESIAN_POINT('',(-0.913277235108,-1.073913463353,0.8600001));
#5013 = CARTESIAN_POINT('',(-0.908321055707,-1.071036799785,0.8600001));
#5014 = CARTESIAN_POINT('',(-0.904976501076,-1.065283472648,0.8600001));
#5015 = ORIENTED_EDGE('',*,*,#5016,.F.);
#5016 = EDGE_CURVE('',#5017,#5008,#5019,.T.);
#5017 = VERTEX_POINT('',#5018);
#5018 = CARTESIAN_POINT('',(-0.931005107581,-1.07010101766,0.8600001));
#5019 = B_SPLINE_CURVE_WITH_KNOTS('',3,(#5020,#5021,#5022,#5023),
  .UNSPECIFIED.,.F.,.F.,(4,4),(7.,8.),.PIECEWISE_BEZIER_KNOTS.);
#5020 = CARTESIAN_POINT('',(-0.931005107581,-1.07010101766,0.8600001));
#5021 = CARTESIAN_POINT('',(-0.928232419805,-1.072631095256,0.8600001));
#5022 = CARTESIAN_POINT('',(-0.924506620604,-1.073913463353,0.8600001));
#5023 = CARTESIAN_POINT('',(-0.919810380682,-1.073913463353,0.8600001));
#5024 = ORIENTED_EDGE('',*,*,#5025,.F.);
#5025 = EDGE_CURVE('',#5026,#5017,#5028,.T.);
#5026 = VERTEX_POINT('',#5027);
#5027 = CARTESIAN_POINT('',(-0.935164139247,-1.059807414288,0.8600001));
#5028 = B_SPLINE_CURVE_WITH_KNOTS('',3,(#5029,#5030,#5031,#5032),
  .UNSPECIFIED.,.F.,.F.,(4,4),(8.,9.),.PIECEWISE_BEZIER_KNOTS.);
#5029 = CARTESIAN_POINT('',(-0.935164139247,-1.059807414288,0.8600001));
#5030 = CARTESIAN_POINT('',(-0.935164139247,-1.06413973894,0.8600001));
#5031 = CARTESIAN_POINT('',(-0.933777795358,-1.067570940064,0.8600001));
#5032 = CARTESIAN_POINT('',(-0.931005107581,-1.07010101766,0.8600001));
#5033 = ORIENTED_EDGE('',*,*,#5034,.F.);
#5034 = EDGE_CURVE('',#5035,#5026,#5037,.T.);
#5035 = VERTEX_POINT('',#5036);
#5036 = CARTESIAN_POINT('',(-0.91909987944,-1.04400309396,0.8600001));
#5037 = B_SPLINE_CURVE_WITH_KNOTS('',3,(#5038,#5039,#5040,#5041),
  .UNSPECIFIED.,.F.,.F.,(4,4),(9.,10.),.PIECEWISE_BEZIER_KNOTS.);
#5038 = CARTESIAN_POINT('',(-0.91909987944,-1.04400309396,0.8600001));
#5039 = CARTESIAN_POINT('',(-0.929809385978,-1.04549341364,0.8600001));
#5040 = CARTESIAN_POINT('',(-0.935164139247,-1.050761520416,0.8600001));
#5041 = CARTESIAN_POINT('',(-0.935164139247,-1.059807414288,0.8600001));
#5042 = ORIENTED_EDGE('',*,*,#5043,.F.);
#5043 = EDGE_CURVE('',#5044,#5035,#5046,.T.);
#5044 = VERTEX_POINT('',#5045);
#5045 = CARTESIAN_POINT('',(-0.904751220195,-1.041992895322,0.8600001));
#5046 = B_SPLINE_CURVE_WITH_KNOTS('',1,(#5047,#5048),.UNSPECIFIED.,.F.,
  .F.,(2,2),(-1.448878603268E-02,-0.),.PIECEWISE_BEZIER_KNOTS.);
#5047 = CARTESIAN_POINT('',(-0.904751220195,-1.041992895322,0.8600001));
#5048 = CARTESIAN_POINT('',(-0.91909987944,-1.04400309396,0.8600001));
#5049 = ORIENTED_EDGE('',*,*,#5050,.F.);
#5050 = EDGE_CURVE('',#5051,#5044,#5053,.T.);
#5051 = VERTEX_POINT('',#5052);
#5052 = CARTESIAN_POINT('',(-0.914559603205,-1.030139655076,0.8600001));
#5053 = B_SPLINE_CURVE_WITH_KNOTS('',3,(#5054,#5055,#5056,#5057),
  .UNSPECIFIED.,.F.,.F.,(4,4),(11.,12.),.PIECEWISE_BEZIER_KNOTS.);
#5054 = CARTESIAN_POINT('',(-0.914559603205,-1.030139655076,0.8600001));
#5055 = CARTESIAN_POINT('',(-0.908026457631,-1.030139655076,0.8600001));
#5056 = CARTESIAN_POINT('',(-0.904751220195,-1.034090735158,0.8600001));
#5057 = CARTESIAN_POINT('',(-0.904751220195,-1.041992895322,0.8600001));
#5058 = ORIENTED_EDGE('',*,*,#5059,.F.);
#5059 = EDGE_CURVE('',#5060,#5051,#5062,.T.);
#5060 = VERTEX_POINT('',#5061);
#5061 = CARTESIAN_POINT('',(-0.930433240728,-1.035996958005,0.8600001));
#5062 = B_SPLINE_CURVE_WITH_KNOTS('',3,(#5063,#5064,#5065,#5066),
  .UNSPECIFIED.,.F.,.F.,(4,4),(12.,13.),.PIECEWISE_BEZIER_KNOTS.);
#5063 = CARTESIAN_POINT('',(-0.930433240728,-1.035996958005,0.8600001));
#5064 = CARTESIAN_POINT('',(-0.925650354312,-1.032115195117,0.8600001));
#5065 = CARTESIAN_POINT('',(-0.920364918238,-1.030139655076,0.8600001));
#5066 = CARTESIAN_POINT('',(-0.914559603205,-1.030139655076,0.8600001));
#5067 = ORIENTED_EDGE('',*,*,#5068,.F.);
#5068 = EDGE_CURVE('',#4962,#5060,#5069,.T.);
#5069 = B_SPLINE_CURVE_WITH_KNOTS('',1,(#5070,#5071),.UNSPECIFIED.,.F.,
  .F.,(2,2),(-8.248746136419E-03,-0.),.PIECEWISE_BEZIER_KNOTS.);
#5070 = CARTESIAN_POINT('',(-0.930433240728,-1.027748211869,0.8600001));
#5071 = CARTESIAN_POINT('',(-0.930433240728,-1.035996958005,0.8600001));
#5072 = FACE_BOUND('',#5073,.T.);
#5073 = EDGE_LOOP('',(#5074,#5085,#5094,#5103,#5112,#5121,#5130,#5137));
#5074 = ORIENTED_EDGE('',*,*,#5075,.T.);
#5075 = EDGE_CURVE('',#5076,#5078,#5080,.T.);
#5076 = VERTEX_POINT('',#5077);
#5077 = CARTESIAN_POINT('',(-0.916084581482,-1.049999031278,0.8600001));
#5078 = VERTEX_POINT('',#5079);
#5079 = CARTESIAN_POINT('',(-0.924298669021,-1.052979670638,0.8600001));
#5080 = B_SPLINE_CURVE_WITH_KNOTS('',3,(#5081,#5082,#5083,#5084),
  .UNSPECIFIED.,.F.,.F.,(4,4),(0.,1.),.PIECEWISE_BEZIER_KNOTS.);
#5081 = CARTESIAN_POINT('',(-0.916084581482,-1.049999031278,0.8600001));
#5082 = CARTESIAN_POINT('',(-0.920052990863,-1.050553568833,0.8600001));
#5083 = CARTESIAN_POINT('',(-0.922791020043,-1.051524009555,0.8600001));
#5084 = CARTESIAN_POINT('',(-0.924298669021,-1.052979670638,0.8600001));
#5085 = ORIENTED_EDGE('',*,*,#5086,.T.);
#5086 = EDGE_CURVE('',#5078,#5087,#5089,.T.);
#5087 = VERTEX_POINT('',#5088);
#5088 = CARTESIAN_POINT('',(-0.92655147784,-1.059114242344,0.8600001));
#5089 = B_SPLINE_CURVE_WITH_KNOTS('',3,(#5090,#5091,#5092,#5093),
  .UNSPECIFIED.,.F.,.F.,(4,4),(1.,2.),.PIECEWISE_BEZIER_KNOTS.);
#5090 = CARTESIAN_POINT('',(-0.924298669021,-1.052979670638,0.8600001));
#5091 = CARTESIAN_POINT('',(-0.925788988701,-1.054435331721,0.8600001));
#5092 = CARTESIAN_POINT('',(-0.92655147784,-1.056480188956,0.8600001));
#5093 = CARTESIAN_POINT('',(-0.92655147784,-1.059114242344,0.8600001));
#5094 = ORIENTED_EDGE('',*,*,#5095,.T.);
#5095 = EDGE_CURVE('',#5087,#5096,#5098,.T.);
#5096 = VERTEX_POINT('',#5097);
#5097 = CARTESIAN_POINT('',(-0.924090717438,-1.06476359369,0.8600001));
#5098 = B_SPLINE_CURVE_WITH_KNOTS('',3,(#5099,#5100,#5101,#5102),
  .UNSPECIFIED.,.F.,.F.,(4,4),(2.,3.),.PIECEWISE_BEZIER_KNOTS.);
#5099 = CARTESIAN_POINT('',(-0.92655147784,-1.059114242344,0.8600001));
#5100 = CARTESIAN_POINT('',(-0.92655147784,-1.061436368357,0.8600001));
#5101 = CARTESIAN_POINT('',(-0.925737000805,-1.063307932607,0.8600001));
#5102 = CARTESIAN_POINT('',(-0.924090717438,-1.06476359369,0.8600001));
#5103 = ORIENTED_EDGE('',*,*,#5104,.T.);
#5104 = EDGE_CURVE('',#5096,#5105,#5107,.T.);
#5105 = VERTEX_POINT('',#5106);
#5106 = CARTESIAN_POINT('',(-0.91760955976,-1.066947085314,0.8600001));
#5107 = B_SPLINE_CURVE_WITH_KNOTS('',3,(#5108,#5109,#5110,#5111),
  .UNSPECIFIED.,.F.,.F.,(4,4),(3.,4.),.PIECEWISE_BEZIER_KNOTS.);
#5108 = CARTESIAN_POINT('',(-0.924090717438,-1.06476359369,0.8600001));
#5109 = CARTESIAN_POINT('',(-0.922461763369,-1.066219254772,0.8600001));
#5110 = CARTESIAN_POINT('',(-0.920295601044,-1.066947085314,0.8600001));
#5111 = CARTESIAN_POINT('',(-0.91760955976,-1.066947085314,0.8600001));
#5112 = ORIENTED_EDGE('',*,*,#5113,.T.);
#5113 = EDGE_CURVE('',#5105,#5114,#5116,.T.);
#5114 = VERTEX_POINT('',#5115);
#5115 = CARTESIAN_POINT('',(-0.908390372902,-1.062996005232,0.8600001));
#5116 = B_SPLINE_CURVE_WITH_KNOTS('',3,(#5117,#5118,#5119,#5120),
  .UNSPECIFIED.,.F.,.F.,(4,4),(4.,5.),.PIECEWISE_BEZIER_KNOTS.);
#5117 = CARTESIAN_POINT('',(-0.91760955976,-1.066947085314,0.8600001));
#5118 = CARTESIAN_POINT('',(-0.913883760559,-1.066947085314,0.8600001));
#5119 = CARTESIAN_POINT('',(-0.910799145408,-1.06563005862,0.8600001));
#5120 = CARTESIAN_POINT('',(-0.908390372902,-1.062996005232,0.8600001));
#5121 = ORIENTED_EDGE('',*,*,#5122,.T.);
#5122 = EDGE_CURVE('',#5114,#5123,#5125,.T.);
#5123 = VERTEX_POINT('',#5124);
#5124 = CARTESIAN_POINT('',(-0.904751220195,-1.053118305027,0.8600001));
#5125 = B_SPLINE_CURVE_WITH_KNOTS('',3,(#5126,#5127,#5128,#5129),
  .UNSPECIFIED.,.F.,.F.,(4,4),(5.,6.),.PIECEWISE_BEZIER_KNOTS.);
#5126 = CARTESIAN_POINT('',(-0.908390372902,-1.062996005232,0.8600001));
#5127 = CARTESIAN_POINT('',(-0.905964271097,-1.060396610441,0.8600001));
#5128 = CARTESIAN_POINT('',(-0.904751220195,-1.057104043706,0.8600001));
#5129 = CARTESIAN_POINT('',(-0.904751220195,-1.053118305027,0.8600001));
#5130 = ORIENTED_EDGE('',*,*,#5131,.T.);
#5131 = EDGE_CURVE('',#5123,#5132,#5134,.T.);
#5132 = VERTEX_POINT('',#5133);
#5133 = CARTESIAN_POINT('',(-0.904751220195,-1.048474053,0.8600001));
#5134 = B_SPLINE_CURVE_WITH_KNOTS('',1,(#5135,#5136),.UNSPECIFIED.,.F.,
  .F.,(2,2),(0.,4.644252026466E-03),.PIECEWISE_BEZIER_KNOTS.);
#5135 = CARTESIAN_POINT('',(-0.904751220195,-1.053118305027,0.8600001));
#5136 = CARTESIAN_POINT('',(-0.904751220195,-1.048474053,0.8600001));
#5137 = ORIENTED_EDGE('',*,*,#5138,.T.);
#5138 = EDGE_CURVE('',#5132,#5076,#5139,.T.);
#5139 = B_SPLINE_CURVE_WITH_KNOTS('',1,(#5140,#5141),.UNSPECIFIED.,.F.,
  .F.,(2,2),(0.,1.143549897591E-02),.PIECEWISE_BEZIER_KNOTS.);
#5140 = CARTESIAN_POINT('',(-0.904751220195,-1.048474053,0.8600001));
#5141 = CARTESIAN_POINT('',(-0.916084581482,-1.049999031278,0.8600001));
#5142 = B_SPLINE_SURFACE_WITH_KNOTS('',1,1,(
    (#5143,#5144)
    ,(#5145,#5146
    )),.UNSPECIFIED.,.F.,.F.,.F.,(2,2),(2,2),(-1.250092278144E-02,
    2.640335258745E-02),(-4.954879703712E-02,1.122072084742E-03),
  .PIECEWISE_BEZIER_KNOTS.);
#5143 = CARTESIAN_POINT('',(-0.935164139247,-1.073913463353,0.8600001));
#5144 = CARTESIAN_POINT('',(-0.935164139247,-1.023242594231,0.8600001));
#5145 = CARTESIAN_POINT('',(-0.896259863878,-1.073913463353,0.8600001));
#5146 = CARTESIAN_POINT('',(-0.896259863878,-1.023242594231,0.8600001));
#5147 = ADVANCED_FACE('',(#5148),#5162,.F.);
#5148 = FACE_BOUND('',#5149,.F.);
#5149 = EDGE_LOOP('',(#5150,#5155,#5156,#5161));
#5150 = ORIENTED_EDGE('',*,*,#5151,.F.);
#5151 = EDGE_CURVE('',#4768,#4960,#5152,.T.);
#5152 = B_SPLINE_CURVE_WITH_KNOTS('',1,(#5153,#5154),.UNSPECIFIED.,.F.,
  .F.,(2,2),(-0.,1.E-02),.PIECEWISE_BEZIER_KNOTS.);
#5153 = CARTESIAN_POINT('',(-0.913762455469,-1.023242594231,0.8700001));
#5154 = CARTESIAN_POINT('',(-0.913762455469,-1.023242594231,0.8600001));
#5155 = ORIENTED_EDGE('',*,*,#4767,.T.);
#5156 = ORIENTED_EDGE('',*,*,#5157,.T.);
#5157 = EDGE_CURVE('',#4770,#4962,#5158,.T.);
#5158 = B_SPLINE_CURVE_WITH_KNOTS('',1,(#5159,#5160),.UNSPECIFIED.,.F.,
  .F.,(2,2),(-0.,1.E-02),.PIECEWISE_BEZIER_KNOTS.);
#5159 = CARTESIAN_POINT('',(-0.930433240728,-1.027748211869,0.8700001));
#5160 = CARTESIAN_POINT('',(-0.930433240728,-1.027748211869,0.8600001));
#5161 = ORIENTED_EDGE('',*,*,#4959,.F.);
#5162 = B_SPLINE_SURFACE_WITH_KNOTS('',3,1,(
    (#5163,#5164)
    ,(#5165,#5166)
    ,(#5167,#5168)
    ,(#5169,#5170
    )),.UNSPECIFIED.,.F.,.F.,.F.,(4,4),(2,2),(0.,1.),(0.,1.),
  .PIECEWISE_BEZIER_KNOTS.);
#5163 = CARTESIAN_POINT('',(-0.913762455469,-1.023242594231,0.8700001));
#5164 = CARTESIAN_POINT('',(-0.913762455469,-1.023242594231,0.8600001));
#5165 = CARTESIAN_POINT('',(-0.920070320161,-1.023242594231,0.8700001));
#5166 = CARTESIAN_POINT('',(-0.920070320161,-1.023242594231,0.8600001));
#5167 = CARTESIAN_POINT('',(-0.925633025014,-1.024732913911,0.8700001));
#5168 = CARTESIAN_POINT('',(-0.925633025014,-1.024732913911,0.8600001));
#5169 = CARTESIAN_POINT('',(-0.930433240728,-1.027748211869,0.8700001));
#5170 = CARTESIAN_POINT('',(-0.930433240728,-1.027748211869,0.8600001));
#5171 = ADVANCED_FACE('',(#5172),#5182,.F.);
#5172 = FACE_BOUND('',#5173,.T.);
#5173 = EDGE_LOOP('',(#5174,#5175,#5180,#5181));
#5174 = ORIENTED_EDGE('',*,*,#5068,.T.);
#5175 = ORIENTED_EDGE('',*,*,#5176,.F.);
#5176 = EDGE_CURVE('',#4779,#5060,#5177,.T.);
#5177 = B_SPLINE_CURVE_WITH_KNOTS('',1,(#5178,#5179),.UNSPECIFIED.,.F.,
  .F.,(2,2),(-0.,1.E-02),.PIECEWISE_BEZIER_KNOTS.);
#5178 = CARTESIAN_POINT('',(-0.930433240728,-1.035996958005,0.8700001));
#5179 = CARTESIAN_POINT('',(-0.930433240728,-1.035996958005,0.8600001));
#5180 = ORIENTED_EDGE('',*,*,#4778,.F.);
#5181 = ORIENTED_EDGE('',*,*,#5157,.T.);
#5182 = B_SPLINE_SURFACE_WITH_KNOTS('',1,1,(
    (#5183,#5184)
    ,(#5185,#5186
    )),.UNSPECIFIED.,.F.,.F.,.F.,(2,2),(2,2),(0.,1.E-02),(0.,
    8.248746136419E-03),.PIECEWISE_BEZIER_KNOTS.);
#5183 = CARTESIAN_POINT('',(-0.930433240728,-1.035996958005,0.8700001));
#5184 = CARTESIAN_POINT('',(-0.930433240728,-1.027748211869,0.8700001));
#5185 = CARTESIAN_POINT('',(-0.930433240728,-1.035996958005,0.8600001));
#5186 = CARTESIAN_POINT('',(-0.930433240728,-1.027748211869,0.8600001));
#5187 = ADVANCED_FACE('',(#5188),#5198,.F.);
#5188 = FACE_BOUND('',#5189,.F.);
#5189 = EDGE_LOOP('',(#5190,#5191,#5192,#5197));
#5190 = ORIENTED_EDGE('',*,*,#5176,.F.);
#5191 = ORIENTED_EDGE('',*,*,#4785,.T.);
#5192 = ORIENTED_EDGE('',*,*,#5193,.T.);
#5193 = EDGE_CURVE('',#4786,#5051,#5194,.T.);
#5194 = B_SPLINE_CURVE_WITH_KNOTS('',1,(#5195,#5196),.UNSPECIFIED.,.F.,
  .F.,(2,2),(-0.,1.E-02),.PIECEWISE_BEZIER_KNOTS.);
#5195 = CARTESIAN_POINT('',(-0.914559603205,-1.030139655076,0.8700001));
#5196 = CARTESIAN_POINT('',(-0.914559603205,-1.030139655076,0.8600001));
#5197 = ORIENTED_EDGE('',*,*,#5059,.F.);
#5198 = B_SPLINE_SURFACE_WITH_KNOTS('',3,1,(
    (#5199,#5200)
    ,(#5201,#5202)
    ,(#5203,#5204)
    ,(#5205,#5206
    )),.UNSPECIFIED.,.F.,.F.,.F.,(4,4),(2,2),(12.,13.),(0.,1.),
  .PIECEWISE_BEZIER_KNOTS.);
#5199 = CARTESIAN_POINT('',(-0.930433240728,-1.035996958005,0.8700001));
#5200 = CARTESIAN_POINT('',(-0.930433240728,-1.035996958005,0.8600001));
#5201 = CARTESIAN_POINT('',(-0.925650354312,-1.032115195117,0.8700001));
#5202 = CARTESIAN_POINT('',(-0.925650354312,-1.032115195117,0.8600001));
#5203 = CARTESIAN_POINT('',(-0.920364918238,-1.030139655076,0.8700001));
#5204 = CARTESIAN_POINT('',(-0.920364918238,-1.030139655076,0.8600001));
#5205 = CARTESIAN_POINT('',(-0.914559603205,-1.030139655076,0.8700001));
#5206 = CARTESIAN_POINT('',(-0.914559603205,-1.030139655076,0.8600001));
#5207 = ADVANCED_FACE('',(#5208),#5218,.F.);
#5208 = FACE_BOUND('',#5209,.F.);
#5209 = EDGE_LOOP('',(#5210,#5211,#5212,#5217));
#5210 = ORIENTED_EDGE('',*,*,#5193,.F.);
#5211 = ORIENTED_EDGE('',*,*,#4794,.T.);
#5212 = ORIENTED_EDGE('',*,*,#5213,.T.);
#5213 = EDGE_CURVE('',#4795,#5044,#5214,.T.);
#5214 = B_SPLINE_CURVE_WITH_KNOTS('',1,(#5215,#5216),.UNSPECIFIED.,.F.,
  .F.,(2,2),(-0.,1.E-02),.PIECEWISE_BEZIER_KNOTS.);
#5215 = CARTESIAN_POINT('',(-0.904751220195,-1.041992895322,0.8700001));
#5216 = CARTESIAN_POINT('',(-0.904751220195,-1.041992895322,0.8600001));
#5217 = ORIENTED_EDGE('',*,*,#5050,.F.);
#5218 = B_SPLINE_SURFACE_WITH_KNOTS('',3,1,(
    (#5219,#5220)
    ,(#5221,#5222)
    ,(#5223,#5224)
    ,(#5225,#5226
    )),.UNSPECIFIED.,.F.,.F.,.F.,(4,4),(2,2),(11.,12.),(0.,1.),
  .PIECEWISE_BEZIER_KNOTS.);
#5219 = CARTESIAN_POINT('',(-0.914559603205,-1.030139655076,0.8700001));
#5220 = CARTESIAN_POINT('',(-0.914559603205,-1.030139655076,0.8600001));
#5221 = CARTESIAN_POINT('',(-0.908026457631,-1.030139655076,0.8700001));
#5222 = CARTESIAN_POINT('',(-0.908026457631,-1.030139655076,0.8600001));
#5223 = CARTESIAN_POINT('',(-0.904751220195,-1.034090735158,0.8700001));
#5224 = CARTESIAN_POINT('',(-0.904751220195,-1.034090735158,0.8600001));
#5225 = CARTESIAN_POINT('',(-0.904751220195,-1.041992895322,0.8700001));
#5226 = CARTESIAN_POINT('',(-0.904751220195,-1.041992895322,0.8600001));
#5227 = ADVANCED_FACE('',(#5228),#5238,.F.);
#5228 = FACE_BOUND('',#5229,.T.);
#5229 = EDGE_LOOP('',(#5230,#5231,#5236,#5237));
#5230 = ORIENTED_EDGE('',*,*,#5043,.T.);
#5231 = ORIENTED_EDGE('',*,*,#5232,.F.);
#5232 = EDGE_CURVE('',#4804,#5035,#5233,.T.);
#5233 = B_SPLINE_CURVE_WITH_KNOTS('',1,(#5234,#5235),.UNSPECIFIED.,.F.,
  .F.,(2,2),(-0.,1.E-02),.PIECEWISE_BEZIER_KNOTS.);
#5234 = CARTESIAN_POINT('',(-0.91909987944,-1.04400309396,0.8700001));
#5235 = CARTESIAN_POINT('',(-0.91909987944,-1.04400309396,0.8600001));
#5236 = ORIENTED_EDGE('',*,*,#4803,.F.);
#5237 = ORIENTED_EDGE('',*,*,#5213,.T.);
#5238 = B_SPLINE_SURFACE_WITH_KNOTS('',1,1,(
    (#5239,#5240)
    ,(#5241,#5242
    )),.UNSPECIFIED.,.F.,.F.,.F.,(2,2),(2,2),(0.,1.448878603268E-02),(
    -1.E-02,0.),.PIECEWISE_BEZIER_KNOTS.);
#5239 = CARTESIAN_POINT('',(-0.91909987944,-1.04400309396,0.8600001));
#5240 = CARTESIAN_POINT('',(-0.91909987944,-1.04400309396,0.8700001));
#5241 = CARTESIAN_POINT('',(-0.904751220195,-1.041992895322,0.8600001));
#5242 = CARTESIAN_POINT('',(-0.904751220195,-1.041992895322,0.8700001));
#5243 = ADVANCED_FACE('',(#5244),#5254,.F.);
#5244 = FACE_BOUND('',#5245,.F.);
#5245 = EDGE_LOOP('',(#5246,#5247,#5248,#5253));
#5246 = ORIENTED_EDGE('',*,*,#5232,.F.);
#5247 = ORIENTED_EDGE('',*,*,#4810,.T.);
#5248 = ORIENTED_EDGE('',*,*,#5249,.T.);
#5249 = EDGE_CURVE('',#4811,#5026,#5250,.T.);
#5250 = B_SPLINE_CURVE_WITH_KNOTS('',1,(#5251,#5252),.UNSPECIFIED.,.F.,
  .F.,(2,2),(-0.,1.E-02),.PIECEWISE_BEZIER_KNOTS.);
#5251 = CARTESIAN_POINT('',(-0.935164139247,-1.059807414288,0.8700001));
#5252 = CARTESIAN_POINT('',(-0.935164139247,-1.059807414288,0.8600001));
#5253 = ORIENTED_EDGE('',*,*,#5034,.F.);
#5254 = B_SPLINE_SURFACE_WITH_KNOTS('',3,1,(
    (#5255,#5256)
    ,(#5257,#5258)
    ,(#5259,#5260)
    ,(#5261,#5262
    )),.UNSPECIFIED.,.F.,.F.,.F.,(4,4),(2,2),(9.,10.),(0.,1.),
  .PIECEWISE_BEZIER_KNOTS.);
#5255 = CARTESIAN_POINT('',(-0.91909987944,-1.04400309396,0.8700001));
#5256 = CARTESIAN_POINT('',(-0.91909987944,-1.04400309396,0.8600001));
#5257 = CARTESIAN_POINT('',(-0.929809385978,-1.04549341364,0.8700001));
#5258 = CARTESIAN_POINT('',(-0.929809385978,-1.04549341364,0.8600001));
#5259 = CARTESIAN_POINT('',(-0.935164139247,-1.050761520416,0.8700001));
#5260 = CARTESIAN_POINT('',(-0.935164139247,-1.050761520416,0.8600001));
#5261 = CARTESIAN_POINT('',(-0.935164139247,-1.059807414288,0.8700001));
#5262 = CARTESIAN_POINT('',(-0.935164139247,-1.059807414288,0.8600001));
#5263 = ADVANCED_FACE('',(#5264),#5274,.F.);
#5264 = FACE_BOUND('',#5265,.F.);
#5265 = EDGE_LOOP('',(#5266,#5267,#5268,#5273));
#5266 = ORIENTED_EDGE('',*,*,#5249,.F.);
#5267 = ORIENTED_EDGE('',*,*,#4819,.T.);
#5268 = ORIENTED_EDGE('',*,*,#5269,.T.);
#5269 = EDGE_CURVE('',#4820,#5017,#5270,.T.);
#5270 = B_SPLINE_CURVE_WITH_KNOTS('',1,(#5271,#5272),.UNSPECIFIED.,.F.,
  .F.,(2,2),(-0.,1.E-02),.PIECEWISE_BEZIER_KNOTS.);
#5271 = CARTESIAN_POINT('',(-0.931005107581,-1.07010101766,0.8700001));
#5272 = CARTESIAN_POINT('',(-0.931005107581,-1.07010101766,0.8600001));
#5273 = ORIENTED_EDGE('',*,*,#5025,.F.);
#5274 = B_SPLINE_SURFACE_WITH_KNOTS('',3,1,(
    (#5275,#5276)
    ,(#5277,#5278)
    ,(#5279,#5280)
    ,(#5281,#5282
    )),.UNSPECIFIED.,.F.,.F.,.F.,(4,4),(2,2),(8.,9.),(0.,1.),
  .PIECEWISE_BEZIER_KNOTS.);
#5275 = CARTESIAN_POINT('',(-0.935164139247,-1.059807414288,0.8700001));
#5276 = CARTESIAN_POINT('',(-0.935164139247,-1.059807414288,0.8600001));
#5277 = CARTESIAN_POINT('',(-0.935164139247,-1.06413973894,0.8700001));
#5278 = CARTESIAN_POINT('',(-0.935164139247,-1.06413973894,0.8600001));
#5279 = CARTESIAN_POINT('',(-0.933777795358,-1.067570940064,0.8700001));
#5280 = CARTESIAN_POINT('',(-0.933777795358,-1.067570940064,0.8600001));
#5281 = CARTESIAN_POINT('',(-0.931005107581,-1.07010101766,0.8700001));
#5282 = CARTESIAN_POINT('',(-0.931005107581,-1.07010101766,0.8600001));
#5283 = ADVANCED_FACE('',(#5284),#5294,.F.);
#5284 = FACE_BOUND('',#5285,.F.);
#5285 = EDGE_LOOP('',(#5286,#5287,#5288,#5293));
#5286 = ORIENTED_EDGE('',*,*,#5269,.F.);
#5287 = ORIENTED_EDGE('',*,*,#4828,.T.);
#5288 = ORIENTED_EDGE('',*,*,#5289,.T.);
#5289 = EDGE_CURVE('',#4829,#5008,#5290,.T.);
#5290 = B_SPLINE_CURVE_WITH_KNOTS('',1,(#5291,#5292),.UNSPECIFIED.,.F.,
  .F.,(2,2),(-0.,1.E-02),.PIECEWISE_BEZIER_KNOTS.);
#5291 = CARTESIAN_POINT('',(-0.919810380682,-1.073913463353,0.8700001));
#5292 = CARTESIAN_POINT('',(-0.919810380682,-1.073913463353,0.8600001));
#5293 = ORIENTED_EDGE('',*,*,#5016,.F.);
#5294 = B_SPLINE_SURFACE_WITH_KNOTS('',3,1,(
    (#5295,#5296)
    ,(#5297,#5298)
    ,(#5299,#5300)
    ,(#5301,#5302
    )),.UNSPECIFIED.,.F.,.F.,.F.,(4,4),(2,2),(7.,8.),(0.,1.),
  .PIECEWISE_BEZIER_KNOTS.);
#5295 = CARTESIAN_POINT('',(-0.931005107581,-1.07010101766,0.8700001));
#5296 = CARTESIAN_POINT('',(-0.931005107581,-1.07010101766,0.8600001));
#5297 = CARTESIAN_POINT('',(-0.928232419805,-1.072631095256,0.8700001));
#5298 = CARTESIAN_POINT('',(-0.928232419805,-1.072631095256,0.8600001));
#5299 = CARTESIAN_POINT('',(-0.924506620604,-1.073913463353,0.8700001));
#5300 = CARTESIAN_POINT('',(-0.924506620604,-1.073913463353,0.8600001));
#5301 = CARTESIAN_POINT('',(-0.919810380682,-1.073913463353,0.8700001));
#5302 = CARTESIAN_POINT('',(-0.919810380682,-1.073913463353,0.8600001));
#5303 = ADVANCED_FACE('',(#5304),#5314,.F.);
#5304 = FACE_BOUND('',#5305,.F.);
#5305 = EDGE_LOOP('',(#5306,#5307,#5308,#5313));
#5306 = ORIENTED_EDGE('',*,*,#5289,.F.);
#5307 = ORIENTED_EDGE('',*,*,#4837,.T.);
#5308 = ORIENTED_EDGE('',*,*,#5309,.T.);
#5309 = EDGE_CURVE('',#4838,#5001,#5310,.T.);
#5310 = B_SPLINE_CURVE_WITH_KNOTS('',1,(#5311,#5312),.UNSPECIFIED.,.F.,
  .F.,(2,2),(-0.,1.E-02),.PIECEWISE_BEZIER_KNOTS.);
#5311 = CARTESIAN_POINT('',(-0.904976501076,-1.065283472648,0.8700001));
#5312 = CARTESIAN_POINT('',(-0.904976501076,-1.065283472648,0.8600001));
#5313 = ORIENTED_EDGE('',*,*,#5007,.F.);
#5314 = B_SPLINE_SURFACE_WITH_KNOTS('',3,1,(
    (#5315,#5316)
    ,(#5317,#5318)
    ,(#5319,#5320)
    ,(#5321,#5322
    )),.UNSPECIFIED.,.F.,.F.,.F.,(4,4),(2,2),(6.,7.),(0.,1.),
  .PIECEWISE_BEZIER_KNOTS.);
#5315 = CARTESIAN_POINT('',(-0.919810380682,-1.073913463353,0.8700001));
#5316 = CARTESIAN_POINT('',(-0.919810380682,-1.073913463353,0.8600001));
#5317 = CARTESIAN_POINT('',(-0.913277235108,-1.073913463353,0.8700001));
#5318 = CARTESIAN_POINT('',(-0.913277235108,-1.073913463353,0.8600001));
#5319 = CARTESIAN_POINT('',(-0.908321055707,-1.071036799785,0.8700001));
#5320 = CARTESIAN_POINT('',(-0.908321055707,-1.071036799785,0.8600001));
#5321 = CARTESIAN_POINT('',(-0.904976501076,-1.065283472648,0.8700001));
#5322 = CARTESIAN_POINT('',(-0.904976501076,-1.065283472648,0.8600001));
#5323 = ADVANCED_FACE('',(#5324),#5334,.F.);
#5324 = FACE_BOUND('',#5325,.T.);
#5325 = EDGE_LOOP('',(#5326,#5327,#5332,#5333));
#5326 = ORIENTED_EDGE('',*,*,#5000,.T.);
#5327 = ORIENTED_EDGE('',*,*,#5328,.F.);
#5328 = EDGE_CURVE('',#4847,#4994,#5329,.T.);
#5329 = B_SPLINE_CURVE_WITH_KNOTS('',1,(#5330,#5331),.UNSPECIFIED.,.F.,
  .F.,(2,2),(-0.,1.E-02),.PIECEWISE_BEZIER_KNOTS.);
#5330 = CARTESIAN_POINT('',(-0.904751220195,-1.065283472648,0.8700001));
#5331 = CARTESIAN_POINT('',(-0.904751220195,-1.065283472648,0.8600001));
#5332 = ORIENTED_EDGE('',*,*,#4846,.F.);
#5333 = ORIENTED_EDGE('',*,*,#5309,.T.);
#5334 = B_SPLINE_SURFACE_WITH_KNOTS('',1,1,(
    (#5335,#5336)
    ,(#5337,#5338)),.UNSPECIFIED.,.F.,.F.,.F.,(2,2),(2,2),(-1.E-02,0.),(
    -2.252808818425E-04,0.),.PIECEWISE_BEZIER_KNOTS.);
#5335 = CARTESIAN_POINT('',(-0.904976501076,-1.065283472648,0.8600001));
#5336 = CARTESIAN_POINT('',(-0.904751220195,-1.065283472648,0.8600001));
#5337 = CARTESIAN_POINT('',(-0.904976501076,-1.065283472648,0.8700001));
#5338 = CARTESIAN_POINT('',(-0.904751220195,-1.065283472648,0.8700001));
#5339 = ADVANCED_FACE('',(#5340),#5350,.F.);
#5340 = FACE_BOUND('',#5341,.T.);
#5341 = EDGE_LOOP('',(#5342,#5343,#5348,#5349));
#5342 = ORIENTED_EDGE('',*,*,#4993,.T.);
#5343 = ORIENTED_EDGE('',*,*,#5344,.F.);
#5344 = EDGE_CURVE('',#4854,#4987,#5345,.T.);
#5345 = B_SPLINE_CURVE_WITH_KNOTS('',1,(#5346,#5347),.UNSPECIFIED.,.F.,
  .F.,(2,2),(-0.,1.E-02),.PIECEWISE_BEZIER_KNOTS.);
#5346 = CARTESIAN_POINT('',(-0.904751220195,-1.072769729645,0.8700001));
#5347 = CARTESIAN_POINT('',(-0.904751220195,-1.072769729645,0.8600001));
#5348 = ORIENTED_EDGE('',*,*,#4853,.F.);
#5349 = ORIENTED_EDGE('',*,*,#5328,.T.);
#5350 = B_SPLINE_SURFACE_WITH_KNOTS('',1,1,(
    (#5351,#5352)
    ,(#5353,#5354
    )),.UNSPECIFIED.,.F.,.F.,.F.,(2,2),(2,2),(0.,1.E-02),(0.,
    7.486256997268E-03),.PIECEWISE_BEZIER_KNOTS.);
#5351 = CARTESIAN_POINT('',(-0.904751220195,-1.072769729645,0.8700001));
#5352 = CARTESIAN_POINT('',(-0.904751220195,-1.065283472648,0.8700001));
#5353 = CARTESIAN_POINT('',(-0.904751220195,-1.072769729645,0.8600001));
#5354 = CARTESIAN_POINT('',(-0.904751220195,-1.065283472648,0.8600001));
#5355 = ADVANCED_FACE('',(#5356),#5366,.F.);
#5356 = FACE_BOUND('',#5357,.T.);
#5357 = EDGE_LOOP('',(#5358,#5359,#5364,#5365));
#5358 = ORIENTED_EDGE('',*,*,#4986,.T.);
#5359 = ORIENTED_EDGE('',*,*,#5360,.F.);
#5360 = EDGE_CURVE('',#4861,#4980,#5361,.T.);
#5361 = B_SPLINE_CURVE_WITH_KNOTS('',1,(#5362,#5363),.UNSPECIFIED.,.F.,
  .F.,(2,2),(-0.,1.E-02),.PIECEWISE_BEZIER_KNOTS.);
#5362 = CARTESIAN_POINT('',(-0.896259863878,-1.072769729645,0.8700001));
#5363 = CARTESIAN_POINT('',(-0.896259863878,-1.072769729645,0.8600001));
#5364 = ORIENTED_EDGE('',*,*,#4860,.F.);
#5365 = ORIENTED_EDGE('',*,*,#5344,.T.);
#5366 = B_SPLINE_SURFACE_WITH_KNOTS('',1,1,(
    (#5367,#5368)
    ,(#5369,#5370)),.UNSPECIFIED.,.F.,.F.,.F.,(2,2),(2,2),(-1.E-02,0.),(
    -8.491356316616E-03,0.),.PIECEWISE_BEZIER_KNOTS.);
#5367 = CARTESIAN_POINT('',(-0.904751220195,-1.072769729645,0.8600001));
#5368 = CARTESIAN_POINT('',(-0.896259863878,-1.072769729645,0.8600001));
#5369 = CARTESIAN_POINT('',(-0.904751220195,-1.072769729645,0.8700001));
#5370 = CARTESIAN_POINT('',(-0.896259863878,-1.072769729645,0.8700001));
#5371 = ADVANCED_FACE('',(#5372),#5382,.F.);
#5372 = FACE_BOUND('',#5373,.T.);
#5373 = EDGE_LOOP('',(#5374,#5375,#5380,#5381));
#5374 = ORIENTED_EDGE('',*,*,#4979,.T.);
#5375 = ORIENTED_EDGE('',*,*,#5376,.F.);
#5376 = EDGE_CURVE('',#4868,#4971,#5377,.T.);
#5377 = B_SPLINE_CURVE_WITH_KNOTS('',1,(#5378,#5379),.UNSPECIFIED.,.F.,
  .F.,(2,2),(-0.,1.E-02),.PIECEWISE_BEZIER_KNOTS.);
#5378 = CARTESIAN_POINT('',(-0.896259863878,-1.041611650753,0.8700001));
#5379 = CARTESIAN_POINT('',(-0.896259863878,-1.041611650753,0.8600001));
#5380 = ORIENTED_EDGE('',*,*,#4867,.F.);
#5381 = ORIENTED_EDGE('',*,*,#5360,.T.);
#5382 = B_SPLINE_SURFACE_WITH_KNOTS('',1,1,(
    (#5383,#5384)
    ,(#5385,#5386)),.UNSPECIFIED.,.F.,.F.,.F.,(2,2),(2,2),(-1.E-02,0.),(
    -3.115807889191E-02,0.),.PIECEWISE_BEZIER_KNOTS.);
#5383 = CARTESIAN_POINT('',(-0.896259863878,-1.072769729645,0.8600001));
#5384 = CARTESIAN_POINT('',(-0.896259863878,-1.041611650753,0.8600001));
#5385 = CARTESIAN_POINT('',(-0.896259863878,-1.072769729645,0.8700001));
#5386 = CARTESIAN_POINT('',(-0.896259863878,-1.041611650753,0.8700001));
#5387 = ADVANCED_FACE('',(#5388),#5394,.F.);
#5388 = FACE_BOUND('',#5389,.F.);
#5389 = EDGE_LOOP('',(#5390,#5391,#5392,#5393));
#5390 = ORIENTED_EDGE('',*,*,#5376,.F.);
#5391 = ORIENTED_EDGE('',*,*,#4874,.T.);
#5392 = ORIENTED_EDGE('',*,*,#5151,.T.);
#5393 = ORIENTED_EDGE('',*,*,#4970,.F.);
#5394 = B_SPLINE_SURFACE_WITH_KNOTS('',3,1,(
    (#5395,#5396)
    ,(#5397,#5398)
    ,(#5399,#5400)
    ,(#5401,#5402
    )),.UNSPECIFIED.,.F.,.F.,.F.,(4,4),(2,2),(1.,2.),(0.,1.),
  .PIECEWISE_BEZIER_KNOTS.);
#5395 = CARTESIAN_POINT('',(-0.896259863878,-1.041611650753,0.8700001));
#5396 = CARTESIAN_POINT('',(-0.896259863878,-1.041611650753,0.8600001));
#5397 = CARTESIAN_POINT('',(-0.896259863878,-1.02934250734,0.8700001));
#5398 = CARTESIAN_POINT('',(-0.896259863878,-1.02934250734,0.8600001));
#5399 = CARTESIAN_POINT('',(-0.902099837508,-1.023242594231,0.8700001));
#5400 = CARTESIAN_POINT('',(-0.902099837508,-1.023242594231,0.8600001));
#5401 = CARTESIAN_POINT('',(-0.913762455469,-1.023242594231,0.8700001));
#5402 = CARTESIAN_POINT('',(-0.913762455469,-1.023242594231,0.8600001));
#5403 = ADVANCED_FACE('',(#5404),#5418,.T.);
#5404 = FACE_BOUND('',#5405,.T.);
#5405 = EDGE_LOOP('',(#5406,#5407,#5412,#5413));
#5406 = ORIENTED_EDGE('',*,*,#5075,.F.);
#5407 = ORIENTED_EDGE('',*,*,#5408,.F.);
#5408 = EDGE_CURVE('',#4895,#5076,#5409,.T.);
#5409 = B_SPLINE_CURVE_WITH_KNOTS('',1,(#5410,#5411),.UNSPECIFIED.,.F.,
  .F.,(2,2),(-0.,1.E-02),.PIECEWISE_BEZIER_KNOTS.);
#5410 = CARTESIAN_POINT('',(-0.916084581482,-1.049999031278,0.8700001));
#5411 = CARTESIAN_POINT('',(-0.916084581482,-1.049999031278,0.8600001));
#5412 = ORIENTED_EDGE('',*,*,#4894,.T.);
#5413 = ORIENTED_EDGE('',*,*,#5414,.T.);
#5414 = EDGE_CURVE('',#4884,#5078,#5415,.T.);
#5415 = B_SPLINE_CURVE_WITH_KNOTS('',1,(#5416,#5417),.UNSPECIFIED.,.F.,
  .F.,(2,2),(-0.,1.E-02),.PIECEWISE_BEZIER_KNOTS.);
#5416 = CARTESIAN_POINT('',(-0.924298669021,-1.052979670638,0.8700001));
#5417 = CARTESIAN_POINT('',(-0.924298669021,-1.052979670638,0.8600001));
#5418 = B_SPLINE_SURFACE_WITH_KNOTS('',3,1,(
    (#5419,#5420)
    ,(#5421,#5422)
    ,(#5423,#5424)
    ,(#5425,#5426
    )),.UNSPECIFIED.,.F.,.F.,.F.,(4,4),(2,2),(0.,1.),(0.,1.),
  .PIECEWISE_BEZIER_KNOTS.);
#5419 = CARTESIAN_POINT('',(-0.916084581482,-1.049999031278,0.8700001));
#5420 = CARTESIAN_POINT('',(-0.916084581482,-1.049999031278,0.8600001));
#5421 = CARTESIAN_POINT('',(-0.920052990863,-1.050553568833,0.8700001));
#5422 = CARTESIAN_POINT('',(-0.920052990863,-1.050553568833,0.8600001));
#5423 = CARTESIAN_POINT('',(-0.922791020043,-1.051524009555,0.8700001));
#5424 = CARTESIAN_POINT('',(-0.922791020043,-1.051524009555,0.8600001));
#5425 = CARTESIAN_POINT('',(-0.924298669021,-1.052979670638,0.8700001));
#5426 = CARTESIAN_POINT('',(-0.924298669021,-1.052979670638,0.8600001));
#5427 = ADVANCED_FACE('',(#5428),#5438,.T.);
#5428 = FACE_BOUND('',#5429,.T.);
#5429 = EDGE_LOOP('',(#5430,#5431,#5432,#5433));
#5430 = ORIENTED_EDGE('',*,*,#5086,.F.);
#5431 = ORIENTED_EDGE('',*,*,#5414,.F.);
#5432 = ORIENTED_EDGE('',*,*,#4883,.T.);
#5433 = ORIENTED_EDGE('',*,*,#5434,.T.);
#5434 = EDGE_CURVE('',#4886,#5087,#5435,.T.);
#5435 = B_SPLINE_CURVE_WITH_KNOTS('',1,(#5436,#5437),.UNSPECIFIED.,.F.,
  .F.,(2,2),(-0.,1.E-02),.PIECEWISE_BEZIER_KNOTS.);
#5436 = CARTESIAN_POINT('',(-0.92655147784,-1.059114242344,0.8700001));
#5437 = CARTESIAN_POINT('',(-0.92655147784,-1.059114242344,0.8600001));
#5438 = B_SPLINE_SURFACE_WITH_KNOTS('',3,1,(
    (#5439,#5440)
    ,(#5441,#5442)
    ,(#5443,#5444)
    ,(#5445,#5446
    )),.UNSPECIFIED.,.F.,.F.,.F.,(4,4),(2,2),(1.,2.),(0.,1.),
  .PIECEWISE_BEZIER_KNOTS.);
#5439 = CARTESIAN_POINT('',(-0.924298669021,-1.052979670638,0.8700001));
#5440 = CARTESIAN_POINT('',(-0.924298669021,-1.052979670638,0.8600001));
#5441 = CARTESIAN_POINT('',(-0.925788988701,-1.054435331721,0.8700001));
#5442 = CARTESIAN_POINT('',(-0.925788988701,-1.054435331721,0.8600001));
#5443 = CARTESIAN_POINT('',(-0.92655147784,-1.056480188956,0.8700001));
#5444 = CARTESIAN_POINT('',(-0.92655147784,-1.056480188956,0.8600001));
#5445 = CARTESIAN_POINT('',(-0.92655147784,-1.059114242344,0.8700001));
#5446 = CARTESIAN_POINT('',(-0.92655147784,-1.059114242344,0.8600001));
#5447 = ADVANCED_FACE('',(#5448),#5458,.T.);
#5448 = FACE_BOUND('',#5449,.T.);
#5449 = EDGE_LOOP('',(#5450,#5451,#5452,#5453));
#5450 = ORIENTED_EDGE('',*,*,#5095,.F.);
#5451 = ORIENTED_EDGE('',*,*,#5434,.F.);
#5452 = ORIENTED_EDGE('',*,*,#4944,.T.);
#5453 = ORIENTED_EDGE('',*,*,#5454,.T.);
#5454 = EDGE_CURVE('',#4936,#5096,#5455,.T.);
#5455 = B_SPLINE_CURVE_WITH_KNOTS('',1,(#5456,#5457),.UNSPECIFIED.,.F.,
  .F.,(2,2),(-0.,1.E-02),.PIECEWISE_BEZIER_KNOTS.);
#5456 = CARTESIAN_POINT('',(-0.924090717438,-1.06476359369,0.8700001));
#5457 = CARTESIAN_POINT('',(-0.924090717438,-1.06476359369,0.8600001));
#5458 = B_SPLINE_SURFACE_WITH_KNOTS('',3,1,(
    (#5459,#5460)
    ,(#5461,#5462)
    ,(#5463,#5464)
    ,(#5465,#5466
    )),.UNSPECIFIED.,.F.,.F.,.F.,(4,4),(2,2),(2.,3.),(0.,1.),
  .PIECEWISE_BEZIER_KNOTS.);
#5459 = CARTESIAN_POINT('',(-0.92655147784,-1.059114242344,0.8700001));
#5460 = CARTESIAN_POINT('',(-0.92655147784,-1.059114242344,0.8600001));
#5461 = CARTESIAN_POINT('',(-0.92655147784,-1.061436368357,0.8700001));
#5462 = CARTESIAN_POINT('',(-0.92655147784,-1.061436368357,0.8600001));
#5463 = CARTESIAN_POINT('',(-0.925737000805,-1.063307932607,0.8700001));
#5464 = CARTESIAN_POINT('',(-0.925737000805,-1.063307932607,0.8600001));
#5465 = CARTESIAN_POINT('',(-0.924090717438,-1.06476359369,0.8700001));
#5466 = CARTESIAN_POINT('',(-0.924090717438,-1.06476359369,0.8600001));
#5467 = ADVANCED_FACE('',(#5468),#5478,.T.);
#5468 = FACE_BOUND('',#5469,.T.);
#5469 = EDGE_LOOP('',(#5470,#5471,#5472,#5473));
#5470 = ORIENTED_EDGE('',*,*,#5104,.F.);
#5471 = ORIENTED_EDGE('',*,*,#5454,.F.);
#5472 = ORIENTED_EDGE('',*,*,#4935,.T.);
#5473 = ORIENTED_EDGE('',*,*,#5474,.T.);
#5474 = EDGE_CURVE('',#4927,#5105,#5475,.T.);
#5475 = B_SPLINE_CURVE_WITH_KNOTS('',1,(#5476,#5477),.UNSPECIFIED.,.F.,
  .F.,(2,2),(-0.,1.E-02),.PIECEWISE_BEZIER_KNOTS.);
#5476 = CARTESIAN_POINT('',(-0.91760955976,-1.066947085314,0.8700001));
#5477 = CARTESIAN_POINT('',(-0.91760955976,-1.066947085314,0.8600001));
#5478 = B_SPLINE_SURFACE_WITH_KNOTS('',3,1,(
    (#5479,#5480)
    ,(#5481,#5482)
    ,(#5483,#5484)
    ,(#5485,#5486
    )),.UNSPECIFIED.,.F.,.F.,.F.,(4,4),(2,2),(3.,4.),(0.,1.),
  .PIECEWISE_BEZIER_KNOTS.);
#5479 = CARTESIAN_POINT('',(-0.924090717438,-1.06476359369,0.8700001));
#5480 = CARTESIAN_POINT('',(-0.924090717438,-1.06476359369,0.8600001));
#5481 = CARTESIAN_POINT('',(-0.922461763369,-1.066219254772,0.8700001));
#5482 = CARTESIAN_POINT('',(-0.922461763369,-1.066219254772,0.8600001));
#5483 = CARTESIAN_POINT('',(-0.920295601044,-1.066947085314,0.8700001));
#5484 = CARTESIAN_POINT('',(-0.920295601044,-1.066947085314,0.8600001));
#5485 = CARTESIAN_POINT('',(-0.91760955976,-1.066947085314,0.8700001));
#5486 = CARTESIAN_POINT('',(-0.91760955976,-1.066947085314,0.8600001));
#5487 = ADVANCED_FACE('',(#5488),#5498,.T.);
#5488 = FACE_BOUND('',#5489,.T.);
#5489 = EDGE_LOOP('',(#5490,#5491,#5492,#5493));
#5490 = ORIENTED_EDGE('',*,*,#5113,.F.);
#5491 = ORIENTED_EDGE('',*,*,#5474,.F.);
#5492 = ORIENTED_EDGE('',*,*,#4926,.T.);
#5493 = ORIENTED_EDGE('',*,*,#5494,.T.);
#5494 = EDGE_CURVE('',#4918,#5114,#5495,.T.);
#5495 = B_SPLINE_CURVE_WITH_KNOTS('',1,(#5496,#5497),.UNSPECIFIED.,.F.,
  .F.,(2,2),(-0.,1.E-02),.PIECEWISE_BEZIER_KNOTS.);
#5496 = CARTESIAN_POINT('',(-0.908390372902,-1.062996005232,0.8700001));
#5497 = CARTESIAN_POINT('',(-0.908390372902,-1.062996005232,0.8600001));
#5498 = B_SPLINE_SURFACE_WITH_KNOTS('',3,1,(
    (#5499,#5500)
    ,(#5501,#5502)
    ,(#5503,#5504)
    ,(#5505,#5506
    )),.UNSPECIFIED.,.F.,.F.,.F.,(4,4),(2,2),(4.,5.),(0.,1.),
  .PIECEWISE_BEZIER_KNOTS.);
#5499 = CARTESIAN_POINT('',(-0.91760955976,-1.066947085314,0.8700001));
#5500 = CARTESIAN_POINT('',(-0.91760955976,-1.066947085314,0.8600001));
#5501 = CARTESIAN_POINT('',(-0.913883760559,-1.066947085314,0.8700001));
#5502 = CARTESIAN_POINT('',(-0.913883760559,-1.066947085314,0.8600001));
#5503 = CARTESIAN_POINT('',(-0.910799145408,-1.06563005862,0.8700001));
#5504 = CARTESIAN_POINT('',(-0.910799145408,-1.06563005862,0.8600001));
#5505 = CARTESIAN_POINT('',(-0.908390372902,-1.062996005232,0.8700001));
#5506 = CARTESIAN_POINT('',(-0.908390372902,-1.062996005232,0.8600001));
#5507 = ADVANCED_FACE('',(#5508),#5518,.T.);
#5508 = FACE_BOUND('',#5509,.T.);
#5509 = EDGE_LOOP('',(#5510,#5511,#5512,#5513));
#5510 = ORIENTED_EDGE('',*,*,#5122,.F.);
#5511 = ORIENTED_EDGE('',*,*,#5494,.F.);
#5512 = ORIENTED_EDGE('',*,*,#4917,.T.);
#5513 = ORIENTED_EDGE('',*,*,#5514,.T.);
#5514 = EDGE_CURVE('',#4911,#5123,#5515,.T.);
#5515 = B_SPLINE_CURVE_WITH_KNOTS('',1,(#5516,#5517),.UNSPECIFIED.,.F.,
  .F.,(2,2),(-0.,1.E-02),.PIECEWISE_BEZIER_KNOTS.);
#5516 = CARTESIAN_POINT('',(-0.904751220195,-1.053118305027,0.8700001));
#5517 = CARTESIAN_POINT('',(-0.904751220195,-1.053118305027,0.8600001));
#5518 = B_SPLINE_SURFACE_WITH_KNOTS('',3,1,(
    (#5519,#5520)
    ,(#5521,#5522)
    ,(#5523,#5524)
    ,(#5525,#5526
    )),.UNSPECIFIED.,.F.,.F.,.F.,(4,4),(2,2),(5.,6.),(0.,1.),
  .PIECEWISE_BEZIER_KNOTS.);
#5519 = CARTESIAN_POINT('',(-0.908390372902,-1.062996005232,0.8700001));
#5520 = CARTESIAN_POINT('',(-0.908390372902,-1.062996005232,0.8600001));
#5521 = CARTESIAN_POINT('',(-0.905964271097,-1.060396610441,0.8700001));
#5522 = CARTESIAN_POINT('',(-0.905964271097,-1.060396610441,0.8600001));
#5523 = CARTESIAN_POINT('',(-0.904751220195,-1.057104043706,0.8700001));
#5524 = CARTESIAN_POINT('',(-0.904751220195,-1.057104043706,0.8600001));
#5525 = CARTESIAN_POINT('',(-0.904751220195,-1.053118305027,0.8700001));
#5526 = CARTESIAN_POINT('',(-0.904751220195,-1.053118305027,0.8600001));
#5527 = ADVANCED_FACE('',(#5528),#5538,.T.);
#5528 = FACE_BOUND('',#5529,.T.);
#5529 = EDGE_LOOP('',(#5530,#5531,#5532,#5533));
#5530 = ORIENTED_EDGE('',*,*,#5131,.F.);
#5531 = ORIENTED_EDGE('',*,*,#5514,.F.);
#5532 = ORIENTED_EDGE('',*,*,#4910,.T.);
#5533 = ORIENTED_EDGE('',*,*,#5534,.T.);
#5534 = EDGE_CURVE('',#4904,#5132,#5535,.T.);
#5535 = B_SPLINE_CURVE_WITH_KNOTS('',1,(#5536,#5537),.UNSPECIFIED.,.F.,
  .F.,(2,2),(-0.,1.E-02),.PIECEWISE_BEZIER_KNOTS.);
#5536 = CARTESIAN_POINT('',(-0.904751220195,-1.048474053,0.8700001));
#5537 = CARTESIAN_POINT('',(-0.904751220195,-1.048474053,0.8600001));
#5538 = B_SPLINE_SURFACE_WITH_KNOTS('',1,1,(
    (#5539,#5540)
    ,(#5541,#5542
    )),.UNSPECIFIED.,.F.,.F.,.F.,(2,2),(2,2),(-1.E-02,0.),(0.,
    4.644252026466E-03),.PIECEWISE_BEZIER_KNOTS.);
#5539 = CARTESIAN_POINT('',(-0.904751220195,-1.053118305027,0.8600001));
#5540 = CARTESIAN_POINT('',(-0.904751220195,-1.048474053,0.8600001));
#5541 = CARTESIAN_POINT('',(-0.904751220195,-1.053118305027,0.8700001));
#5542 = CARTESIAN_POINT('',(-0.904751220195,-1.048474053,0.8700001));
#5543 = ADVANCED_FACE('',(#5544),#5550,.T.);
#5544 = FACE_BOUND('',#5545,.T.);
#5545 = EDGE_LOOP('',(#5546,#5547,#5548,#5549));
#5546 = ORIENTED_EDGE('',*,*,#5138,.F.);
#5547 = ORIENTED_EDGE('',*,*,#5534,.F.);
#5548 = ORIENTED_EDGE('',*,*,#4903,.T.);
#5549 = ORIENTED_EDGE('',*,*,#5408,.T.);
#5550 = B_SPLINE_SURFACE_WITH_KNOTS('',1,1,(
    (#5551,#5552)
    ,(#5553,#5554
    )),.UNSPECIFIED.,.F.,.F.,.F.,(2,2),(2,2),(-1.143549897591E-02,0.),(
    -1.E-02,0.),.PIECEWISE_BEZIER_KNOTS.);
#5551 = CARTESIAN_POINT('',(-0.916084581482,-1.049999031278,0.8600001));
#5552 = CARTESIAN_POINT('',(-0.916084581482,-1.049999031278,0.8700001));
#5553 = CARTESIAN_POINT('',(-0.904751220195,-1.048474053,0.8600001));
#5554 = CARTESIAN_POINT('',(-0.904751220195,-1.048474053,0.8700001));
#5555 = MANIFOLD_SOLID_BREP('',#5556);
#5556 = CLOSED_SHELL('',(#5557,#5601,#5629,#5665,#5701,#5737,#5773,#5809
    ,#5845,#5881,#5917,#5953,#5989,#6017,#6053,#6089,#6125,#6161,#6197,
    #6233,#6269,#6297,#6326));
#5557 = ADVANCED_FACE('',(#5558),#5592,.F.);
#5558 = FACE_BOUND('',#5559,.F.);
#5559 = EDGE_LOOP('',(#5560,#5569,#5578,#5585));
#5560 = ORIENTED_EDGE('',*,*,#5561,.F.);
#5561 = EDGE_CURVE('',#5562,#5564,#5566,.T.);
#5562 = VERTEX_POINT('',#5563);
#5563 = CARTESIAN_POINT('',(-0.870785794928,-1.066981743911,0.8700001));
#5564 = VERTEX_POINT('',#5565);
#5565 = CARTESIAN_POINT('',(-0.870785794928,-1.066981743911,0.8600001));
#5566 = B_SPLINE_CURVE_WITH_KNOTS('',1,(#5567,#5568),.UNSPECIFIED.,.F.,
  .F.,(2,2),(-0.,1.E-02),.PIECEWISE_BEZIER_KNOTS.);
#5567 = CARTESIAN_POINT('',(-0.870785794928,-1.066981743911,0.8700001));
#5568 = CARTESIAN_POINT('',(-0.870785794928,-1.066981743911,0.8600001));
#5569 = ORIENTED_EDGE('',*,*,#5570,.T.);
#5570 = EDGE_CURVE('',#5562,#5571,#5573,.T.);
#5571 = VERTEX_POINT('',#5572);
#5572 = CARTESIAN_POINT('',(-0.884753209604,-1.062302833288,0.8700001));
#5573 = B_SPLINE_CURVE_WITH_KNOTS('',3,(#5574,#5575,#5576,#5577),
  .UNSPECIFIED.,.F.,.F.,(4,4),(0.,1.),.PIECEWISE_BEZIER_KNOTS.);
#5574 = CARTESIAN_POINT('',(-0.870785794928,-1.066981743911,0.8700001));
#5575 = CARTESIAN_POINT('',(-0.875776632926,-1.066981743911,0.8700001));
#5576 = CARTESIAN_POINT('',(-0.880420884953,-1.065422107036,0.8700001));
#5577 = CARTESIAN_POINT('',(-0.884753209604,-1.062302833288,0.8700001));
#5578 = ORIENTED_EDGE('',*,*,#5579,.T.);
#5579 = EDGE_CURVE('',#5571,#5580,#5582,.T.);
#5580 = VERTEX_POINT('',#5581);
#5581 = CARTESIAN_POINT('',(-0.884753209604,-1.062302833288,0.8600001));
#5582 = B_SPLINE_CURVE_WITH_KNOTS('',1,(#5583,#5584),.UNSPECIFIED.,.F.,
  .F.,(2,2),(-0.,1.E-02),.PIECEWISE_BEZIER_KNOTS.);
#5583 = CARTESIAN_POINT('',(-0.884753209604,-1.062302833288,0.8700001));
#5584 = CARTESIAN_POINT('',(-0.884753209604,-1.062302833288,0.8600001));
#5585 = ORIENTED_EDGE('',*,*,#5586,.F.);
#5586 = EDGE_CURVE('',#5564,#5580,#5587,.T.);
#5587 = B_SPLINE_CURVE_WITH_KNOTS('',3,(#5588,#5589,#5590,#5591),
  .UNSPECIFIED.,.F.,.F.,(4,4),(0.,1.),.PIECEWISE_BEZIER_KNOTS.);
#5588 = CARTESIAN_POINT('',(-0.870785794928,-1.066981743911,0.8600001));
#5589 = CARTESIAN_POINT('',(-0.875776632926,-1.066981743911,0.8600001));
#5590 = CARTESIAN_POINT('',(-0.880420884953,-1.065422107036,0.8600001));
#5591 = CARTESIAN_POINT('',(-0.884753209604,-1.062302833288,0.8600001));
#5592 = B_SPLINE_SURFACE_WITH_KNOTS('',3,1,(
    (#5593,#5594)
    ,(#5595,#5596)
    ,(#5597,#5598)
    ,(#5599,#5600
    )),.UNSPECIFIED.,.F.,.F.,.F.,(4,4),(2,2),(0.,1.),(0.,1.),
  .PIECEWISE_BEZIER_KNOTS.);
#5593 = CARTESIAN_POINT('',(-0.870785794928,-1.066981743911,0.8700001));
#5594 = CARTESIAN_POINT('',(-0.870785794928,-1.066981743911,0.8600001));
#5595 = CARTESIAN_POINT('',(-0.875776632926,-1.066981743911,0.8700001));
#5596 = CARTESIAN_POINT('',(-0.875776632926,-1.066981743911,0.8600001));
#5597 = CARTESIAN_POINT('',(-0.880420884953,-1.065422107036,0.8700001));
#5598 = CARTESIAN_POINT('',(-0.880420884953,-1.065422107036,0.8600001));
#5599 = CARTESIAN_POINT('',(-0.884753209604,-1.062302833288,0.8700001));
#5600 = CARTESIAN_POINT('',(-0.884753209604,-1.062302833288,0.8600001));
#5601 = ADVANCED_FACE('',(#5602),#5624,.F.);
#5602 = FACE_BOUND('',#5603,.T.);
#5603 = EDGE_LOOP('',(#5604,#5611,#5618,#5623));
#5604 = ORIENTED_EDGE('',*,*,#5605,.T.);
#5605 = EDGE_CURVE('',#5580,#5606,#5608,.T.);
#5606 = VERTEX_POINT('',#5607);
#5607 = CARTESIAN_POINT('',(-0.884753209604,-1.071071458382,0.8600001));
#5608 = B_SPLINE_CURVE_WITH_KNOTS('',1,(#5609,#5610),.UNSPECIFIED.,.F.,
  .F.,(2,2),(-8.768625093982E-03,-0.),.PIECEWISE_BEZIER_KNOTS.);
#5609 = CARTESIAN_POINT('',(-0.884753209604,-1.062302833288,0.8600001));
#5610 = CARTESIAN_POINT('',(-0.884753209604,-1.071071458382,0.8600001));
#5611 = ORIENTED_EDGE('',*,*,#5612,.F.);
#5612 = EDGE_CURVE('',#5613,#5606,#5615,.T.);
#5613 = VERTEX_POINT('',#5614);
#5614 = CARTESIAN_POINT('',(-0.884753209604,-1.071071458382,0.8700001));
#5615 = B_SPLINE_CURVE_WITH_KNOTS('',1,(#5616,#5617),.UNSPECIFIED.,.F.,
  .F.,(2,2),(-0.,1.E-02),.PIECEWISE_BEZIER_KNOTS.);
#5616 = CARTESIAN_POINT('',(-0.884753209604,-1.071071458382,0.8700001));
#5617 = CARTESIAN_POINT('',(-0.884753209604,-1.071071458382,0.8600001));
#5618 = ORIENTED_EDGE('',*,*,#5619,.F.);
#5619 = EDGE_CURVE('',#5571,#5613,#5620,.T.);
#5620 = B_SPLINE_CURVE_WITH_KNOTS('',1,(#5621,#5622),.UNSPECIFIED.,.F.,
  .F.,(2,2),(-8.768625093982E-03,-0.),.PIECEWISE_BEZIER_KNOTS.);
#5621 = CARTESIAN_POINT('',(-0.884753209604,-1.062302833288,0.8700001));
#5622 = CARTESIAN_POINT('',(-0.884753209604,-1.071071458382,0.8700001));
#5623 = ORIENTED_EDGE('',*,*,#5579,.T.);
#5624 = B_SPLINE_SURFACE_WITH_KNOTS('',1,1,(
    (#5625,#5626)
    ,(#5627,#5628
    )),.UNSPECIFIED.,.F.,.F.,.F.,(2,2),(2,2),(0.,1.E-02),(0.,
    8.768625093982E-03),.PIECEWISE_BEZIER_KNOTS.);
#5625 = CARTESIAN_POINT('',(-0.884753209604,-1.071071458382,0.8700001));
#5626 = CARTESIAN_POINT('',(-0.884753209604,-1.062302833288,0.8700001));
#5627 = CARTESIAN_POINT('',(-0.884753209604,-1.071071458382,0.8600001));
#5628 = CARTESIAN_POINT('',(-0.884753209604,-1.062302833288,0.8600001));
#5629 = ADVANCED_FACE('',(#5630),#5656,.F.);
#5630 = FACE_BOUND('',#5631,.F.);
#5631 = EDGE_LOOP('',(#5632,#5633,#5642,#5649));
#5632 = ORIENTED_EDGE('',*,*,#5612,.F.);
#5633 = ORIENTED_EDGE('',*,*,#5634,.T.);
#5634 = EDGE_CURVE('',#5613,#5635,#5637,.T.);
#5635 = VERTEX_POINT('',#5636);
#5636 = CARTESIAN_POINT('',(-0.871617601261,-1.073913463353,0.8700001));
#5637 = B_SPLINE_CURVE_WITH_KNOTS('',3,(#5638,#5639,#5640,#5641),
  .UNSPECIFIED.,.F.,.F.,(4,4),(19.,20.),.PIECEWISE_BEZIER_KNOTS.);
#5638 = CARTESIAN_POINT('',(-0.884753209604,-1.071071458382,0.8700001));
#5639 = CARTESIAN_POINT('',(-0.881010081105,-1.072943022631,0.8700001));
#5640 = CARTESIAN_POINT('',(-0.876643097857,-1.073913463353,0.8700001));
#5641 = CARTESIAN_POINT('',(-0.871617601261,-1.073913463353,0.8700001));
#5642 = ORIENTED_EDGE('',*,*,#5643,.T.);
#5643 = EDGE_CURVE('',#5635,#5644,#5646,.T.);
#5644 = VERTEX_POINT('',#5645);
#5645 = CARTESIAN_POINT('',(-0.871617601261,-1.073913463353,0.8600001));
#5646 = B_SPLINE_CURVE_WITH_KNOTS('',1,(#5647,#5648),.UNSPECIFIED.,.F.,
  .F.,(2,2),(-0.,1.E-02),.PIECEWISE_BEZIER_KNOTS.);
#5647 = CARTESIAN_POINT('',(-0.871617601261,-1.073913463353,0.8700001));
#5648 = CARTESIAN_POINT('',(-0.871617601261,-1.073913463353,0.8600001));
#5649 = ORIENTED_EDGE('',*,*,#5650,.F.);
#5650 = EDGE_CURVE('',#5606,#5644,#5651,.T.);
#5651 = B_SPLINE_CURVE_WITH_KNOTS('',3,(#5652,#5653,#5654,#5655),
  .UNSPECIFIED.,.F.,.F.,(4,4),(19.,20.),.PIECEWISE_BEZIER_KNOTS.);
#5652 = CARTESIAN_POINT('',(-0.884753209604,-1.071071458382,0.8600001));
#5653 = CARTESIAN_POINT('',(-0.881010081105,-1.072943022631,0.8600001));
#5654 = CARTESIAN_POINT('',(-0.876643097857,-1.073913463353,0.8600001));
#5655 = CARTESIAN_POINT('',(-0.871617601261,-1.073913463353,0.8600001));
#5656 = B_SPLINE_SURFACE_WITH_KNOTS('',3,1,(
    (#5657,#5658)
    ,(#5659,#5660)
    ,(#5661,#5662)
    ,(#5663,#5664
    )),.UNSPECIFIED.,.F.,.F.,.F.,(4,4),(2,2),(19.,20.),(0.,1.),
  .PIECEWISE_BEZIER_KNOTS.);
#5657 = CARTESIAN_POINT('',(-0.884753209604,-1.071071458382,0.8700001));
#5658 = CARTESIAN_POINT('',(-0.884753209604,-1.071071458382,0.8600001));
#5659 = CARTESIAN_POINT('',(-0.881010081105,-1.072943022631,0.8700001));
#5660 = CARTESIAN_POINT('',(-0.881010081105,-1.072943022631,0.8600001));
#5661 = CARTESIAN_POINT('',(-0.876643097857,-1.073913463353,0.8700001));
#5662 = CARTESIAN_POINT('',(-0.876643097857,-1.073913463353,0.8600001));
#5663 = CARTESIAN_POINT('',(-0.871617601261,-1.073913463353,0.8700001));
#5664 = CARTESIAN_POINT('',(-0.871617601261,-1.073913463353,0.8600001));
#5665 = ADVANCED_FACE('',(#5666),#5692,.F.);
#5666 = FACE_BOUND('',#5667,.F.);
#5667 = EDGE_LOOP('',(#5668,#5669,#5678,#5685));
#5668 = ORIENTED_EDGE('',*,*,#5643,.F.);
#5669 = ORIENTED_EDGE('',*,*,#5670,.T.);
#5670 = EDGE_CURVE('',#5635,#5671,#5673,.T.);
#5671 = VERTEX_POINT('',#5672);
#5672 = CARTESIAN_POINT('',(-0.857511552197,-1.070066359063,0.8700001));
#5673 = B_SPLINE_CURVE_WITH_KNOTS('',3,(#5674,#5675,#5676,#5677),
  .UNSPECIFIED.,.F.,.F.,(4,4),(18.,19.),.PIECEWISE_BEZIER_KNOTS.);
#5674 = CARTESIAN_POINT('',(-0.871617601261,-1.073913463353,0.8700001));
#5675 = CARTESIAN_POINT('',(-0.865846944826,-1.073913463353,0.8700001));
#5676 = CARTESIAN_POINT('',(-0.861133375605,-1.072631095256,0.8700001));
#5677 = CARTESIAN_POINT('',(-0.857511552197,-1.070066359063,0.8700001));
#5678 = ORIENTED_EDGE('',*,*,#5679,.T.);
#5679 = EDGE_CURVE('',#5671,#5680,#5682,.T.);
#5680 = VERTEX_POINT('',#5681);
#5681 = CARTESIAN_POINT('',(-0.857511552197,-1.070066359063,0.8600001));
#5682 = B_SPLINE_CURVE_WITH_KNOTS('',1,(#5683,#5684),.UNSPECIFIED.,.F.,
  .F.,(2,2),(-0.,1.E-02),.PIECEWISE_BEZIER_KNOTS.);
#5683 = CARTESIAN_POINT('',(-0.857511552197,-1.070066359063,0.8700001));
#5684 = CARTESIAN_POINT('',(-0.857511552197,-1.070066359063,0.8600001));
#5685 = ORIENTED_EDGE('',*,*,#5686,.F.);
#5686 = EDGE_CURVE('',#5644,#5680,#5687,.T.);
#5687 = B_SPLINE_CURVE_WITH_KNOTS('',3,(#5688,#5689,#5690,#5691),
  .UNSPECIFIED.,.F.,.F.,(4,4),(18.,19.),.PIECEWISE_BEZIER_KNOTS.);
#5688 = CARTESIAN_POINT('',(-0.871617601261,-1.073913463353,0.8600001));
#5689 = CARTESIAN_POINT('',(-0.865846944826,-1.073913463353,0.8600001));
#5690 = CARTESIAN_POINT('',(-0.861133375605,-1.072631095256,0.8600001));
#5691 = CARTESIAN_POINT('',(-0.857511552197,-1.070066359063,0.8600001));
#5692 = B_SPLINE_SURFACE_WITH_KNOTS('',3,1,(
    (#5693,#5694)
    ,(#5695,#5696)
    ,(#5697,#5698)
    ,(#5699,#5700
    )),.UNSPECIFIED.,.F.,.F.,.F.,(4,4),(2,2),(18.,19.),(0.,1.),
  .PIECEWISE_BEZIER_KNOTS.);
#5693 = CARTESIAN_POINT('',(-0.871617601261,-1.073913463353,0.8700001));
#5694 = CARTESIAN_POINT('',(-0.871617601261,-1.073913463353,0.8600001));
#5695 = CARTESIAN_POINT('',(-0.865846944826,-1.073913463353,0.8700001));
#5696 = CARTESIAN_POINT('',(-0.865846944826,-1.073913463353,0.8600001));
#5697 = CARTESIAN_POINT('',(-0.861133375605,-1.072631095256,0.8700001));
#5698 = CARTESIAN_POINT('',(-0.861133375605,-1.072631095256,0.8600001));
#5699 = CARTESIAN_POINT('',(-0.857511552197,-1.070066359063,0.8700001));
#5700 = CARTESIAN_POINT('',(-0.857511552197,-1.070066359063,0.8600001));
#5701 = ADVANCED_FACE('',(#5702),#5728,.F.);
#5702 = FACE_BOUND('',#5703,.F.);
#5703 = EDGE_LOOP('',(#5704,#5705,#5714,#5721));
#5704 = ORIENTED_EDGE('',*,*,#5679,.F.);
#5705 = ORIENTED_EDGE('',*,*,#5706,.T.);
#5706 = EDGE_CURVE('',#5671,#5707,#5709,.T.);
#5707 = VERTEX_POINT('',#5708);
#5708 = CARTESIAN_POINT('',(-0.852052823136,-1.059599462705,0.8700001));
#5709 = B_SPLINE_CURVE_WITH_KNOTS('',3,(#5710,#5711,#5712,#5713),
  .UNSPECIFIED.,.F.,.F.,(4,4),(17.,18.),.PIECEWISE_BEZIER_KNOTS.);
#5710 = CARTESIAN_POINT('',(-0.857511552197,-1.070066359063,0.8700001));
#5711 = CARTESIAN_POINT('',(-0.853872399489,-1.067536281466,0.8700001));
#5712 = CARTESIAN_POINT('',(-0.852052823136,-1.064035763148,0.8700001));
#5713 = CARTESIAN_POINT('',(-0.852052823136,-1.059599462705,0.8700001));
#5714 = ORIENTED_EDGE('',*,*,#5715,.T.);
#5715 = EDGE_CURVE('',#5707,#5716,#5718,.T.);
#5716 = VERTEX_POINT('',#5717);
#5717 = CARTESIAN_POINT('',(-0.852052823136,-1.059599462705,0.8600001));
#5718 = B_SPLINE_CURVE_WITH_KNOTS('',1,(#5719,#5720),.UNSPECIFIED.,.F.,
  .F.,(2,2),(-0.,1.E-02),.PIECEWISE_BEZIER_KNOTS.);
#5719 = CARTESIAN_POINT('',(-0.852052823136,-1.059599462705,0.8700001));
#5720 = CARTESIAN_POINT('',(-0.852052823136,-1.059599462705,0.8600001));
#5721 = ORIENTED_EDGE('',*,*,#5722,.F.);
#5722 = EDGE_CURVE('',#5680,#5716,#5723,.T.);
#5723 = B_SPLINE_CURVE_WITH_KNOTS('',3,(#5724,#5725,#5726,#5727),
  .UNSPECIFIED.,.F.,.F.,(4,4),(17.,18.),.PIECEWISE_BEZIER_KNOTS.);
#5724 = CARTESIAN_POINT('',(-0.857511552197,-1.070066359063,0.8600001));
#5725 = CARTESIAN_POINT('',(-0.853872399489,-1.067536281466,0.8600001));
#5726 = CARTESIAN_POINT('',(-0.852052823136,-1.064035763148,0.8600001));
#5727 = CARTESIAN_POINT('',(-0.852052823136,-1.059599462705,0.8600001));
#5728 = B_SPLINE_SURFACE_WITH_KNOTS('',3,1,(
    (#5729,#5730)
    ,(#5731,#5732)
    ,(#5733,#5734)
    ,(#5735,#5736
    )),.UNSPECIFIED.,.F.,.F.,.F.,(4,4),(2,2),(17.,18.),(0.,1.),
  .PIECEWISE_BEZIER_KNOTS.);
#5729 = CARTESIAN_POINT('',(-0.857511552197,-1.070066359063,0.8700001));
#5730 = CARTESIAN_POINT('',(-0.857511552197,-1.070066359063,0.8600001));
#5731 = CARTESIAN_POINT('',(-0.853872399489,-1.067536281466,0.8700001));
#5732 = CARTESIAN_POINT('',(-0.853872399489,-1.067536281466,0.8600001));
#5733 = CARTESIAN_POINT('',(-0.852052823136,-1.064035763148,0.8700001));
#5734 = CARTESIAN_POINT('',(-0.852052823136,-1.064035763148,0.8600001));
#5735 = CARTESIAN_POINT('',(-0.852052823136,-1.059599462705,0.8700001));
#5736 = CARTESIAN_POINT('',(-0.852052823136,-1.059599462705,0.8600001));
#5737 = ADVANCED_FACE('',(#5738),#5764,.F.);
#5738 = FACE_BOUND('',#5739,.F.);
#5739 = EDGE_LOOP('',(#5740,#5741,#5750,#5757));
#5740 = ORIENTED_EDGE('',*,*,#5715,.F.);
#5741 = ORIENTED_EDGE('',*,*,#5742,.T.);
#5742 = EDGE_CURVE('',#5707,#5743,#5745,.T.);
#5743 = VERTEX_POINT('',#5744);
#5744 = CARTESIAN_POINT('',(-0.854894828107,-1.05159332675,0.8700001));
#5745 = B_SPLINE_CURVE_WITH_KNOTS('',3,(#5746,#5747,#5748,#5749),
  .UNSPECIFIED.,.F.,.F.,(4,4),(16.,17.),.PIECEWISE_BEZIER_KNOTS.);
#5746 = CARTESIAN_POINT('',(-0.852052823136,-1.059599462705,0.8700001));
#5747 = CARTESIAN_POINT('',(-0.852052823136,-1.056410871762,0.8700001));
#5748 = CARTESIAN_POINT('',(-0.853005934559,-1.053742159776,0.8700001));
#5749 = CARTESIAN_POINT('',(-0.854894828107,-1.05159332675,0.8700001));
#5750 = ORIENTED_EDGE('',*,*,#5751,.T.);
#5751 = EDGE_CURVE('',#5743,#5752,#5754,.T.);
#5752 = VERTEX_POINT('',#5753);
#5753 = CARTESIAN_POINT('',(-0.854894828107,-1.05159332675,0.8600001));
#5754 = B_SPLINE_CURVE_WITH_KNOTS('',1,(#5755,#5756),.UNSPECIFIED.,.F.,
  .F.,(2,2),(-0.,1.E-02),.PIECEWISE_BEZIER_KNOTS.);
#5755 = CARTESIAN_POINT('',(-0.854894828107,-1.05159332675,0.8700001));
#5756 = CARTESIAN_POINT('',(-0.854894828107,-1.05159332675,0.8600001));
#5757 = ORIENTED_EDGE('',*,*,#5758,.F.);
#5758 = EDGE_CURVE('',#5716,#5752,#5759,.T.);
#5759 = B_SPLINE_CURVE_WITH_KNOTS('',3,(#5760,#5761,#5762,#5763),
  .UNSPECIFIED.,.F.,.F.,(4,4),(16.,17.),.PIECEWISE_BEZIER_KNOTS.);
#5760 = CARTESIAN_POINT('',(-0.852052823136,-1.059599462705,0.8600001));
#5761 = CARTESIAN_POINT('',(-0.852052823136,-1.056410871762,0.8600001));
#5762 = CARTESIAN_POINT('',(-0.853005934559,-1.053742159776,0.8600001));
#5763 = CARTESIAN_POINT('',(-0.854894828107,-1.05159332675,0.8600001));
#5764 = B_SPLINE_SURFACE_WITH_KNOTS('',3,1,(
    (#5765,#5766)
    ,(#5767,#5768)
    ,(#5769,#5770)
    ,(#5771,#5772
    )),.UNSPECIFIED.,.F.,.F.,.F.,(4,4),(2,2),(16.,17.),(0.,1.),
  .PIECEWISE_BEZIER_KNOTS.);
#5765 = CARTESIAN_POINT('',(-0.852052823136,-1.059599462705,0.8700001));
#5766 = CARTESIAN_POINT('',(-0.852052823136,-1.059599462705,0.8600001));
#5767 = CARTESIAN_POINT('',(-0.852052823136,-1.056410871762,0.8700001));
#5768 = CARTESIAN_POINT('',(-0.852052823136,-1.056410871762,0.8600001));
#5769 = CARTESIAN_POINT('',(-0.853005934559,-1.053742159776,0.8700001));
#5770 = CARTESIAN_POINT('',(-0.853005934559,-1.053742159776,0.8600001));
#5771 = CARTESIAN_POINT('',(-0.854894828107,-1.05159332675,0.8700001));
#5772 = CARTESIAN_POINT('',(-0.854894828107,-1.05159332675,0.8600001));
#5773 = ADVANCED_FACE('',(#5774),#5800,.F.);
#5774 = FACE_BOUND('',#5775,.F.);
#5775 = EDGE_LOOP('',(#5776,#5777,#5786,#5793));
#5776 = ORIENTED_EDGE('',*,*,#5751,.F.);
#5777 = ORIENTED_EDGE('',*,*,#5778,.T.);
#5778 = EDGE_CURVE('',#5743,#5779,#5781,.T.);
#5779 = VERTEX_POINT('',#5780);
#5780 = CARTESIAN_POINT('',(-0.865846944826,-1.045320120655,0.8700001));
#5781 = B_SPLINE_CURVE_WITH_KNOTS('',3,(#5782,#5783,#5784,#5785),
  .UNSPECIFIED.,.F.,.F.,(4,4),(15.,16.),.PIECEWISE_BEZIER_KNOTS.);
#5782 = CARTESIAN_POINT('',(-0.854894828107,-1.05159332675,0.8700001));
#5783 = CARTESIAN_POINT('',(-0.856801050954,-1.049444493723,0.8700001));
#5784 = CARTESIAN_POINT('',(-0.860440203661,-1.047330319293,0.8700001));
#5785 = CARTESIAN_POINT('',(-0.865846944826,-1.045320120655,0.8700001));
#5786 = ORIENTED_EDGE('',*,*,#5787,.T.);
#5787 = EDGE_CURVE('',#5779,#5788,#5790,.T.);
#5788 = VERTEX_POINT('',#5789);
#5789 = CARTESIAN_POINT('',(-0.865846944826,-1.045320120655,0.8600001));
#5790 = B_SPLINE_CURVE_WITH_KNOTS('',1,(#5791,#5792),.UNSPECIFIED.,.F.,
  .F.,(2,2),(-0.,1.E-02),.PIECEWISE_BEZIER_KNOTS.);
#5791 = CARTESIAN_POINT('',(-0.865846944826,-1.045320120655,0.8700001));
#5792 = CARTESIAN_POINT('',(-0.865846944826,-1.045320120655,0.8600001));
#5793 = ORIENTED_EDGE('',*,*,#5794,.F.);
#5794 = EDGE_CURVE('',#5752,#5788,#5795,.T.);
#5795 = B_SPLINE_CURVE_WITH_KNOTS('',3,(#5796,#5797,#5798,#5799),
  .UNSPECIFIED.,.F.,.F.,(4,4),(15.,16.),.PIECEWISE_BEZIER_KNOTS.);
#5796 = CARTESIAN_POINT('',(-0.854894828107,-1.05159332675,0.8600001));
#5797 = CARTESIAN_POINT('',(-0.856801050954,-1.049444493723,0.8600001));
#5798 = CARTESIAN_POINT('',(-0.860440203661,-1.047330319293,0.8600001));
#5799 = CARTESIAN_POINT('',(-0.865846944826,-1.045320120655,0.8600001));
#5800 = B_SPLINE_SURFACE_WITH_KNOTS('',3,1,(
    (#5801,#5802)
    ,(#5803,#5804)
    ,(#5805,#5806)
    ,(#5807,#5808
    )),.UNSPECIFIED.,.F.,.F.,.F.,(4,4),(2,2),(15.,16.),(0.,1.),
  .PIECEWISE_BEZIER_KNOTS.);
#5801 = CARTESIAN_POINT('',(-0.854894828107,-1.05159332675,0.8700001));
#5802 = CARTESIAN_POINT('',(-0.854894828107,-1.05159332675,0.8600001));
#5803 = CARTESIAN_POINT('',(-0.856801050954,-1.049444493723,0.8700001));
#5804 = CARTESIAN_POINT('',(-0.856801050954,-1.049444493723,0.8600001));
#5805 = CARTESIAN_POINT('',(-0.860440203661,-1.047330319293,0.8700001));
#5806 = CARTESIAN_POINT('',(-0.860440203661,-1.047330319293,0.8600001));
#5807 = CARTESIAN_POINT('',(-0.865846944826,-1.045320120655,0.8700001));
#5808 = CARTESIAN_POINT('',(-0.865846944826,-1.045320120655,0.8600001));
#5809 = ADVANCED_FACE('',(#5810),#5836,.F.);
#5810 = FACE_BOUND('',#5811,.F.);
#5811 = EDGE_LOOP('',(#5812,#5813,#5822,#5829));
#5812 = ORIENTED_EDGE('',*,*,#5787,.F.);
#5813 = ORIENTED_EDGE('',*,*,#5814,.T.);
#5814 = EDGE_CURVE('',#5779,#5815,#5817,.T.);
#5815 = VERTEX_POINT('',#5816);
#5816 = CARTESIAN_POINT('',(-0.874095690962,-1.041161088989,0.8700001));
#5817 = B_SPLINE_CURVE_WITH_KNOTS('',3,(#5818,#5819,#5820,#5821),
  .UNSPECIFIED.,.F.,.F.,(4,4),(14.,15.),.PIECEWISE_BEZIER_KNOTS.);
#5818 = CARTESIAN_POINT('',(-0.865846944826,-1.045320120655,0.8700001));
#5819 = CARTESIAN_POINT('',(-0.870109952283,-1.043656507989,0.8700001));
#5820 = CARTESIAN_POINT('',(-0.872847981462,-1.0422701641,0.8700001));
#5821 = CARTESIAN_POINT('',(-0.874095690962,-1.041161088989,0.8700001));
#5822 = ORIENTED_EDGE('',*,*,#5823,.T.);
#5823 = EDGE_CURVE('',#5815,#5824,#5826,.T.);
#5824 = VERTEX_POINT('',#5825);
#5825 = CARTESIAN_POINT('',(-0.874095690962,-1.041161088989,0.8600001));
#5826 = B_SPLINE_CURVE_WITH_KNOTS('',1,(#5827,#5828),.UNSPECIFIED.,.F.,
  .F.,(2,2),(-0.,1.E-02),.PIECEWISE_BEZIER_KNOTS.);
#5827 = CARTESIAN_POINT('',(-0.874095690962,-1.041161088989,0.8700001));
#5828 = CARTESIAN_POINT('',(-0.874095690962,-1.041161088989,0.8600001));
#5829 = ORIENTED_EDGE('',*,*,#5830,.F.);
#5830 = EDGE_CURVE('',#5788,#5824,#5831,.T.);
#5831 = B_SPLINE_CURVE_WITH_KNOTS('',3,(#5832,#5833,#5834,#5835),
  .UNSPECIFIED.,.F.,.F.,(4,4),(14.,15.),.PIECEWISE_BEZIER_KNOTS.);
#5832 = CARTESIAN_POINT('',(-0.865846944826,-1.045320120655,0.8600001));
#5833 = CARTESIAN_POINT('',(-0.870109952283,-1.043656507989,0.8600001));
#5834 = CARTESIAN_POINT('',(-0.872847981462,-1.0422701641,0.8600001));
#5835 = CARTESIAN_POINT('',(-0.874095690962,-1.041161088989,0.8600001));
#5836 = B_SPLINE_SURFACE_WITH_KNOTS('',3,1,(
    (#5837,#5838)
    ,(#5839,#5840)
    ,(#5841,#5842)
    ,(#5843,#5844
    )),.UNSPECIFIED.,.F.,.F.,.F.,(4,4),(2,2),(14.,15.),(0.,1.),
  .PIECEWISE_BEZIER_KNOTS.);
#5837 = CARTESIAN_POINT('',(-0.865846944826,-1.045320120655,0.8700001));
#5838 = CARTESIAN_POINT('',(-0.865846944826,-1.045320120655,0.8600001));
#5839 = CARTESIAN_POINT('',(-0.870109952283,-1.043656507989,0.8700001));
#5840 = CARTESIAN_POINT('',(-0.870109952283,-1.043656507989,0.8600001));
#5841 = CARTESIAN_POINT('',(-0.872847981462,-1.0422701641,0.8700001));
#5842 = CARTESIAN_POINT('',(-0.872847981462,-1.0422701641,0.8600001));
#5843 = CARTESIAN_POINT('',(-0.874095690962,-1.041161088989,0.8700001));
#5844 = CARTESIAN_POINT('',(-0.874095690962,-1.041161088989,0.8600001));
#5845 = ADVANCED_FACE('',(#5846),#5872,.F.);
#5846 = FACE_BOUND('',#5847,.F.);
#5847 = EDGE_LOOP('',(#5848,#5849,#5858,#5865));
#5848 = ORIENTED_EDGE('',*,*,#5823,.F.);
#5849 = ORIENTED_EDGE('',*,*,#5850,.T.);
#5850 = EDGE_CURVE('',#5815,#5851,#5853,.T.);
#5851 = VERTEX_POINT('',#5852);
#5852 = CARTESIAN_POINT('',(-0.875949925913,-1.036655471352,0.8700001));
#5853 = B_SPLINE_CURVE_WITH_KNOTS('',3,(#5854,#5855,#5856,#5857),
  .UNSPECIFIED.,.F.,.F.,(4,4),(13.,14.),.PIECEWISE_BEZIER_KNOTS.);
#5854 = CARTESIAN_POINT('',(-0.874095690962,-1.041161088989,0.8700001));
#5855 = CARTESIAN_POINT('',(-0.875326071163,-1.040086672476,0.8700001));
#5856 = CARTESIAN_POINT('',(-0.875949925913,-1.038596352796,0.8700001));
#5857 = CARTESIAN_POINT('',(-0.875949925913,-1.036655471352,0.8700001));
#5858 = ORIENTED_EDGE('',*,*,#5859,.T.);
#5859 = EDGE_CURVE('',#5851,#5860,#5862,.T.);
#5860 = VERTEX_POINT('',#5861);
#5861 = CARTESIAN_POINT('',(-0.875949925913,-1.036655471352,0.8600001));
#5862 = B_SPLINE_CURVE_WITH_KNOTS('',1,(#5863,#5864),.UNSPECIFIED.,.F.,
  .F.,(2,2),(-0.,1.E-02),.PIECEWISE_BEZIER_KNOTS.);
#5863 = CARTESIAN_POINT('',(-0.875949925913,-1.036655471352,0.8700001));
#5864 = CARTESIAN_POINT('',(-0.875949925913,-1.036655471352,0.8600001));
#5865 = ORIENTED_EDGE('',*,*,#5866,.F.);
#5866 = EDGE_CURVE('',#5824,#5860,#5867,.T.);
#5867 = B_SPLINE_CURVE_WITH_KNOTS('',3,(#5868,#5869,#5870,#5871),
  .UNSPECIFIED.,.F.,.F.,(4,4),(13.,14.),.PIECEWISE_BEZIER_KNOTS.);
#5868 = CARTESIAN_POINT('',(-0.874095690962,-1.041161088989,0.8600001));
#5869 = CARTESIAN_POINT('',(-0.875326071163,-1.040086672476,0.8600001));
#5870 = CARTESIAN_POINT('',(-0.875949925913,-1.038596352796,0.8600001));
#5871 = CARTESIAN_POINT('',(-0.875949925913,-1.036655471352,0.8600001));
#5872 = B_SPLINE_SURFACE_WITH_KNOTS('',3,1,(
    (#5873,#5874)
    ,(#5875,#5876)
    ,(#5877,#5878)
    ,(#5879,#5880
    )),.UNSPECIFIED.,.F.,.F.,.F.,(4,4),(2,2),(13.,14.),(0.,1.),
  .PIECEWISE_BEZIER_KNOTS.);
#5873 = CARTESIAN_POINT('',(-0.874095690962,-1.041161088989,0.8700001));
#5874 = CARTESIAN_POINT('',(-0.874095690962,-1.041161088989,0.8600001));
#5875 = CARTESIAN_POINT('',(-0.875326071163,-1.040086672476,0.8700001));
#5876 = CARTESIAN_POINT('',(-0.875326071163,-1.040086672476,0.8600001));
#5877 = CARTESIAN_POINT('',(-0.875949925913,-1.038596352796,0.8700001));
#5878 = CARTESIAN_POINT('',(-0.875949925913,-1.038596352796,0.8600001));
#5879 = CARTESIAN_POINT('',(-0.875949925913,-1.036655471352,0.8700001));
#5880 = CARTESIAN_POINT('',(-0.875949925913,-1.036655471352,0.8600001));
#5881 = ADVANCED_FACE('',(#5882),#5908,.F.);
#5882 = FACE_BOUND('',#5883,.F.);
#5883 = EDGE_LOOP('',(#5884,#5885,#5894,#5901));
#5884 = ORIENTED_EDGE('',*,*,#5859,.F.);
#5885 = ORIENTED_EDGE('',*,*,#5886,.T.);
#5886 = EDGE_CURVE('',#5851,#5887,#5889,.T.);
#5887 = VERTEX_POINT('',#5888);
#5888 = CARTESIAN_POINT('',(-0.87336786042,-1.031941902131,0.8700001));
#5889 = B_SPLINE_CURVE_WITH_KNOTS('',3,(#5890,#5891,#5892,#5893),
  .UNSPECIFIED.,.F.,.F.,(4,4),(12.,13.),.PIECEWISE_BEZIER_KNOTS.);
#5890 = CARTESIAN_POINT('',(-0.875949925913,-1.036655471352,0.8700001));
#5891 = CARTESIAN_POINT('',(-0.875949925913,-1.034714589908,0.8700001));
#5892 = CARTESIAN_POINT('',(-0.875083460982,-1.033120294437,0.8700001));
#5893 = CARTESIAN_POINT('',(-0.87336786042,-1.031941902131,0.8700001));
#5894 = ORIENTED_EDGE('',*,*,#5895,.T.);
#5895 = EDGE_CURVE('',#5887,#5896,#5898,.T.);
#5896 = VERTEX_POINT('',#5897);
#5897 = CARTESIAN_POINT('',(-0.87336786042,-1.031941902131,0.8600001));
#5898 = B_SPLINE_CURVE_WITH_KNOTS('',1,(#5899,#5900),.UNSPECIFIED.,.F.,
  .F.,(2,2),(-0.,1.E-02),.PIECEWISE_BEZIER_KNOTS.);
#5899 = CARTESIAN_POINT('',(-0.87336786042,-1.031941902131,0.8700001));
#5900 = CARTESIAN_POINT('',(-0.87336786042,-1.031941902131,0.8600001));
#5901 = ORIENTED_EDGE('',*,*,#5902,.F.);
#5902 = EDGE_CURVE('',#5860,#5896,#5903,.T.);
#5903 = B_SPLINE_CURVE_WITH_KNOTS('',3,(#5904,#5905,#5906,#5907),
  .UNSPECIFIED.,.F.,.F.,(4,4),(12.,13.),.PIECEWISE_BEZIER_KNOTS.);
#5904 = CARTESIAN_POINT('',(-0.875949925913,-1.036655471352,0.8600001));
#5905 = CARTESIAN_POINT('',(-0.875949925913,-1.034714589908,0.8600001));
#5906 = CARTESIAN_POINT('',(-0.875083460982,-1.033120294437,0.8600001));
#5907 = CARTESIAN_POINT('',(-0.87336786042,-1.031941902131,0.8600001));
#5908 = B_SPLINE_SURFACE_WITH_KNOTS('',3,1,(
    (#5909,#5910)
    ,(#5911,#5912)
    ,(#5913,#5914)
    ,(#5915,#5916
    )),.UNSPECIFIED.,.F.,.F.,.F.,(4,4),(2,2),(12.,13.),(0.,1.),
  .PIECEWISE_BEZIER_KNOTS.);
#5909 = CARTESIAN_POINT('',(-0.875949925913,-1.036655471352,0.8700001));
#5910 = CARTESIAN_POINT('',(-0.875949925913,-1.036655471352,0.8600001));
#5911 = CARTESIAN_POINT('',(-0.875949925913,-1.034714589908,0.8700001));
#5912 = CARTESIAN_POINT('',(-0.875949925913,-1.034714589908,0.8600001));
#5913 = CARTESIAN_POINT('',(-0.875083460982,-1.033120294437,0.8700001));
#5914 = CARTESIAN_POINT('',(-0.875083460982,-1.033120294437,0.8600001));
#5915 = CARTESIAN_POINT('',(-0.87336786042,-1.031941902131,0.8700001));
#5916 = CARTESIAN_POINT('',(-0.87336786042,-1.031941902131,0.8600001));
#5917 = ADVANCED_FACE('',(#5918),#5944,.F.);
#5918 = FACE_BOUND('',#5919,.F.);
#5919 = EDGE_LOOP('',(#5920,#5921,#5930,#5937));
#5920 = ORIENTED_EDGE('',*,*,#5895,.F.);
#5921 = ORIENTED_EDGE('',*,*,#5922,.T.);
#5922 = EDGE_CURVE('',#5887,#5923,#5925,.T.);
#5923 = VERTEX_POINT('',#5924);
#5924 = CARTESIAN_POINT('',(-0.866678751159,-1.030139655076,0.8700001));
#5925 = B_SPLINE_CURVE_WITH_KNOTS('',3,(#5926,#5927,#5928,#5929),
  .UNSPECIFIED.,.F.,.F.,(4,4),(11.,12.),.PIECEWISE_BEZIER_KNOTS.);
#5926 = CARTESIAN_POINT('',(-0.87336786042,-1.031941902131,0.8700001));
#5927 = CARTESIAN_POINT('',(-0.871652259858,-1.030728851229,0.8700001));
#5928 = CARTESIAN_POINT('',(-0.869416780338,-1.030139655076,0.8700001));
#5929 = CARTESIAN_POINT('',(-0.866678751159,-1.030139655076,0.8700001));
#5930 = ORIENTED_EDGE('',*,*,#5931,.T.);
#5931 = EDGE_CURVE('',#5923,#5932,#5934,.T.);
#5932 = VERTEX_POINT('',#5933);
#5933 = CARTESIAN_POINT('',(-0.866678751159,-1.030139655076,0.8600001));
#5934 = B_SPLINE_CURVE_WITH_KNOTS('',1,(#5935,#5936),.UNSPECIFIED.,.F.,
  .F.,(2,2),(-0.,1.E-02),.PIECEWISE_BEZIER_KNOTS.);
#5935 = CARTESIAN_POINT('',(-0.866678751159,-1.030139655076,0.8700001));
#5936 = CARTESIAN_POINT('',(-0.866678751159,-1.030139655076,0.8600001));
#5937 = ORIENTED_EDGE('',*,*,#5938,.F.);
#5938 = EDGE_CURVE('',#5896,#5932,#5939,.T.);
#5939 = B_SPLINE_CURVE_WITH_KNOTS('',3,(#5940,#5941,#5942,#5943),
  .UNSPECIFIED.,.F.,.F.,(4,4),(11.,12.),.PIECEWISE_BEZIER_KNOTS.);
#5940 = CARTESIAN_POINT('',(-0.87336786042,-1.031941902131,0.8600001));
#5941 = CARTESIAN_POINT('',(-0.871652259858,-1.030728851229,0.8600001));
#5942 = CARTESIAN_POINT('',(-0.869416780338,-1.030139655076,0.8600001));
#5943 = CARTESIAN_POINT('',(-0.866678751159,-1.030139655076,0.8600001));
#5944 = B_SPLINE_SURFACE_WITH_KNOTS('',3,1,(
    (#5945,#5946)
    ,(#5947,#5948)
    ,(#5949,#5950)
    ,(#5951,#5952
    )),.UNSPECIFIED.,.F.,.F.,.F.,(4,4),(2,2),(11.,12.),(0.,1.),
  .PIECEWISE_BEZIER_KNOTS.);
#5945 = CARTESIAN_POINT('',(-0.87336786042,-1.031941902131,0.8700001));
#5946 = CARTESIAN_POINT('',(-0.87336786042,-1.031941902131,0.8600001));
#5947 = CARTESIAN_POINT('',(-0.871652259858,-1.030728851229,0.8700001));
#5948 = CARTESIAN_POINT('',(-0.871652259858,-1.030728851229,0.8600001));
#5949 = CARTESIAN_POINT('',(-0.869416780338,-1.030139655076,0.8700001));
#5950 = CARTESIAN_POINT('',(-0.869416780338,-1.030139655076,0.8600001));
#5951 = CARTESIAN_POINT('',(-0.866678751159,-1.030139655076,0.8700001));
#5952 = CARTESIAN_POINT('',(-0.866678751159,-1.030139655076,0.8600001));
#5953 = ADVANCED_FACE('',(#5954),#5980,.F.);
#5954 = FACE_BOUND('',#5955,.F.);
#5955 = EDGE_LOOP('',(#5956,#5957,#5966,#5973));
#5956 = ORIENTED_EDGE('',*,*,#5931,.F.);
#5957 = ORIENTED_EDGE('',*,*,#5958,.T.);
#5958 = EDGE_CURVE('',#5923,#5959,#5961,.T.);
#5959 = VERTEX_POINT('',#5960);
#5960 = CARTESIAN_POINT('',(-0.854374949149,-1.033640173395,0.8700001));
#5961 = B_SPLINE_CURVE_WITH_KNOTS('',3,(#5962,#5963,#5964,#5965),
  .UNSPECIFIED.,.F.,.F.,(4,4),(10.,11.),.PIECEWISE_BEZIER_KNOTS.);
#5962 = CARTESIAN_POINT('',(-0.866678751159,-1.030139655076,0.8700001));
#5963 = CARTESIAN_POINT('',(-0.862086487028,-1.030139655076,0.8700001));
#5964 = CARTESIAN_POINT('',(-0.857996772557,-1.031318047381,0.8700001));
#5965 = CARTESIAN_POINT('',(-0.854374949149,-1.033640173395,0.8700001));
#5966 = ORIENTED_EDGE('',*,*,#5967,.T.);
#5967 = EDGE_CURVE('',#5959,#5968,#5970,.T.);
#5968 = VERTEX_POINT('',#5969);
#5969 = CARTESIAN_POINT('',(-0.854374949149,-1.033640173395,0.8600001));
#5970 = B_SPLINE_CURVE_WITH_KNOTS('',1,(#5971,#5972),.UNSPECIFIED.,.F.,
  .F.,(2,2),(-0.,1.E-02),.PIECEWISE_BEZIER_KNOTS.);
#5971 = CARTESIAN_POINT('',(-0.854374949149,-1.033640173395,0.8700001));
#5972 = CARTESIAN_POINT('',(-0.854374949149,-1.033640173395,0.8600001));
#5973 = ORIENTED_EDGE('',*,*,#5974,.F.);
#5974 = EDGE_CURVE('',#5932,#5968,#5975,.T.);
#5975 = B_SPLINE_CURVE_WITH_KNOTS('',3,(#5976,#5977,#5978,#5979),
  .UNSPECIFIED.,.F.,.F.,(4,4),(10.,11.),.PIECEWISE_BEZIER_KNOTS.);
#5976 = CARTESIAN_POINT('',(-0.866678751159,-1.030139655076,0.8600001));
#5977 = CARTESIAN_POINT('',(-0.862086487028,-1.030139655076,0.8600001));
#5978 = CARTESIAN_POINT('',(-0.857996772557,-1.031318047381,0.8600001));
#5979 = CARTESIAN_POINT('',(-0.854374949149,-1.033640173395,0.8600001));
#5980 = B_SPLINE_SURFACE_WITH_KNOTS('',3,1,(
    (#5981,#5982)
    ,(#5983,#5984)
    ,(#5985,#5986)
    ,(#5987,#5988
    )),.UNSPECIFIED.,.F.,.F.,.F.,(4,4),(2,2),(10.,11.),(0.,1.),
  .PIECEWISE_BEZIER_KNOTS.);
#5981 = CARTESIAN_POINT('',(-0.866678751159,-1.030139655076,0.8700001));
#5982 = CARTESIAN_POINT('',(-0.866678751159,-1.030139655076,0.8600001));
#5983 = CARTESIAN_POINT('',(-0.862086487028,-1.030139655076,0.8700001));
#5984 = CARTESIAN_POINT('',(-0.862086487028,-1.030139655076,0.8600001));
#5985 = CARTESIAN_POINT('',(-0.857996772557,-1.031318047381,0.8700001));
#5986 = CARTESIAN_POINT('',(-0.857996772557,-1.031318047381,0.8600001));
#5987 = CARTESIAN_POINT('',(-0.854374949149,-1.033640173395,0.8700001));
#5988 = CARTESIAN_POINT('',(-0.854374949149,-1.033640173395,0.8600001));
#5989 = ADVANCED_FACE('',(#5990),#6012,.F.);
#5990 = FACE_BOUND('',#5991,.T.);
#5991 = EDGE_LOOP('',(#5992,#5999,#6006,#6011));
#5992 = ORIENTED_EDGE('',*,*,#5993,.T.);
#5993 = EDGE_CURVE('',#5968,#5994,#5996,.T.);
#5994 = VERTEX_POINT('',#5995);
#5995 = CARTESIAN_POINT('',(-0.854374949149,-1.025391427259,0.8600001));
#5996 = B_SPLINE_CURVE_WITH_KNOTS('',1,(#5997,#5998),.UNSPECIFIED.,.F.,
  .F.,(2,2),(-8.248746135954E-03,0.),.PIECEWISE_BEZIER_KNOTS.);
#5997 = CARTESIAN_POINT('',(-0.854374949149,-1.033640173395,0.8600001));
#5998 = CARTESIAN_POINT('',(-0.854374949149,-1.025391427259,0.8600001));
#5999 = ORIENTED_EDGE('',*,*,#6000,.F.);
#6000 = EDGE_CURVE('',#6001,#5994,#6003,.T.);
#6001 = VERTEX_POINT('',#6002);
#6002 = CARTESIAN_POINT('',(-0.854374949149,-1.025391427259,0.8700001));
#6003 = B_SPLINE_CURVE_WITH_KNOTS('',1,(#6004,#6005),.UNSPECIFIED.,.F.,
  .F.,(2,2),(-0.,1.E-02),.PIECEWISE_BEZIER_KNOTS.);
#6004 = CARTESIAN_POINT('',(-0.854374949149,-1.025391427259,0.8700001));
#6005 = CARTESIAN_POINT('',(-0.854374949149,-1.025391427259,0.8600001));
#6006 = ORIENTED_EDGE('',*,*,#6007,.F.);
#6007 = EDGE_CURVE('',#5959,#6001,#6008,.T.);
#6008 = B_SPLINE_CURVE_WITH_KNOTS('',1,(#6009,#6010),.UNSPECIFIED.,.F.,
  .F.,(2,2),(-8.248746135954E-03,0.),.PIECEWISE_BEZIER_KNOTS.);
#6009 = CARTESIAN_POINT('',(-0.854374949149,-1.033640173395,0.8700001));
#6010 = CARTESIAN_POINT('',(-0.854374949149,-1.025391427259,0.8700001));
#6011 = ORIENTED_EDGE('',*,*,#5967,.T.);
#6012 = B_SPLINE_SURFACE_WITH_KNOTS('',1,1,(
    (#6013,#6014)
    ,(#6015,#6016)),.UNSPECIFIED.,.F.,.F.,.F.,(2,2),(2,2),(-1.E-02,0.),(
    -8.248746135954E-03,0.),.PIECEWISE_BEZIER_KNOTS.);
#6013 = CARTESIAN_POINT('',(-0.854374949149,-1.033640173395,0.8600001));
#6014 = CARTESIAN_POINT('',(-0.854374949149,-1.025391427259,0.8600001));
#6015 = CARTESIAN_POINT('',(-0.854374949149,-1.033640173395,0.8700001));
#6016 = CARTESIAN_POINT('',(-0.854374949149,-1.025391427259,0.8700001));
#6017 = ADVANCED_FACE('',(#6018),#6044,.F.);
#6018 = FACE_BOUND('',#6019,.F.);
#6019 = EDGE_LOOP('',(#6020,#6021,#6030,#6037));
#6020 = ORIENTED_EDGE('',*,*,#6000,.F.);
#6021 = ORIENTED_EDGE('',*,*,#6022,.T.);
#6022 = EDGE_CURVE('',#6001,#6023,#6025,.T.);
#6023 = VERTEX_POINT('',#6024);
#6024 = CARTESIAN_POINT('',(-0.865846944826,-1.023242594231,0.8700001));
#6025 = B_SPLINE_CURVE_WITH_KNOTS('',3,(#6026,#6027,#6028,#6029),
  .UNSPECIFIED.,.F.,.F.,(4,4),(8.,9.),.PIECEWISE_BEZIER_KNOTS.);
#6026 = CARTESIAN_POINT('',(-0.854374949149,-1.025391427259,0.8700001));
#6027 = CARTESIAN_POINT('',(-0.857910126064,-1.023935766176,0.8700001));
#6028 = CARTESIAN_POINT('',(-0.861722571758,-1.023242594231,0.8700001));
#6029 = CARTESIAN_POINT('',(-0.865846944826,-1.023242594231,0.8700001));
#6030 = ORIENTED_EDGE('',*,*,#6031,.T.);
#6031 = EDGE_CURVE('',#6023,#6032,#6034,.T.);
#6032 = VERTEX_POINT('',#6033);
#6033 = CARTESIAN_POINT('',(-0.865846944826,-1.023242594231,0.8600001));
#6034 = B_SPLINE_CURVE_WITH_KNOTS('',1,(#6035,#6036),.UNSPECIFIED.,.F.,
  .F.,(2,2),(-0.,1.E-02),.PIECEWISE_BEZIER_KNOTS.);
#6035 = CARTESIAN_POINT('',(-0.865846944826,-1.023242594231,0.8700001));
#6036 = CARTESIAN_POINT('',(-0.865846944826,-1.023242594231,0.8600001));
#6037 = ORIENTED_EDGE('',*,*,#6038,.F.);
#6038 = EDGE_CURVE('',#5994,#6032,#6039,.T.);
#6039 = B_SPLINE_CURVE_WITH_KNOTS('',3,(#6040,#6041,#6042,#6043),
  .UNSPECIFIED.,.F.,.F.,(4,4),(8.,9.),.PIECEWISE_BEZIER_KNOTS.);
#6040 = CARTESIAN_POINT('',(-0.854374949149,-1.025391427259,0.8600001));
#6041 = CARTESIAN_POINT('',(-0.857910126064,-1.023935766176,0.8600001));
#6042 = CARTESIAN_POINT('',(-0.861722571758,-1.023242594231,0.8600001));
#6043 = CARTESIAN_POINT('',(-0.865846944826,-1.023242594231,0.8600001));
#6044 = B_SPLINE_SURFACE_WITH_KNOTS('',3,1,(
    (#6045,#6046)
    ,(#6047,#6048)
    ,(#6049,#6050)
    ,(#6051,#6052
    )),.UNSPECIFIED.,.F.,.F.,.F.,(4,4),(2,2),(8.,9.),(0.,1.),
  .PIECEWISE_BEZIER_KNOTS.);
#6045 = CARTESIAN_POINT('',(-0.854374949149,-1.025391427259,0.8700001));
#6046 = CARTESIAN_POINT('',(-0.854374949149,-1.025391427259,0.8600001));
#6047 = CARTESIAN_POINT('',(-0.857910126064,-1.023935766176,0.8700001));
#6048 = CARTESIAN_POINT('',(-0.857910126064,-1.023935766176,0.8600001));
#6049 = CARTESIAN_POINT('',(-0.861722571758,-1.023242594231,0.8700001));
#6050 = CARTESIAN_POINT('',(-0.861722571758,-1.023242594231,0.8600001));
#6051 = CARTESIAN_POINT('',(-0.865846944826,-1.023242594231,0.8700001));
#6052 = CARTESIAN_POINT('',(-0.865846944826,-1.023242594231,0.8600001));
#6053 = ADVANCED_FACE('',(#6054),#6080,.F.);
#6054 = FACE_BOUND('',#6055,.F.);
#6055 = EDGE_LOOP('',(#6056,#6057,#6066,#6073));
#6056 = ORIENTED_EDGE('',*,*,#6031,.F.);
#6057 = ORIENTED_EDGE('',*,*,#6058,.T.);
#6058 = EDGE_CURVE('',#6023,#6059,#6061,.T.);
#6059 = VERTEX_POINT('',#6060);
#6060 = CARTESIAN_POINT('',(-0.879259821946,-1.027089698522,0.8700001));
#6061 = B_SPLINE_CURVE_WITH_KNOTS('',3,(#6062,#6063,#6064,#6065),
  .UNSPECIFIED.,.F.,.F.,(4,4),(7.,8.),.PIECEWISE_BEZIER_KNOTS.);
#6062 = CARTESIAN_POINT('',(-0.865846944826,-1.023242594231,0.8700001));
#6063 = CARTESIAN_POINT('',(-0.871149710199,-1.023242594231,0.8700001));
#6064 = CARTESIAN_POINT('',(-0.875620669239,-1.024524962328,0.8700001));
#6065 = CARTESIAN_POINT('',(-0.879259821946,-1.027089698522,0.8700001));
#6066 = ORIENTED_EDGE('',*,*,#6067,.T.);
#6067 = EDGE_CURVE('',#6059,#6068,#6070,.T.);
#6068 = VERTEX_POINT('',#6069);
#6069 = CARTESIAN_POINT('',(-0.879259821946,-1.027089698522,0.8600001));
#6070 = B_SPLINE_CURVE_WITH_KNOTS('',1,(#6071,#6072),.UNSPECIFIED.,.F.,
  .F.,(2,2),(-0.,1.E-02),.PIECEWISE_BEZIER_KNOTS.);
#6071 = CARTESIAN_POINT('',(-0.879259821946,-1.027089698522,0.8700001));
#6072 = CARTESIAN_POINT('',(-0.879259821946,-1.027089698522,0.8600001));
#6073 = ORIENTED_EDGE('',*,*,#6074,.F.);
#6074 = EDGE_CURVE('',#6032,#6068,#6075,.T.);
#6075 = B_SPLINE_CURVE_WITH_KNOTS('',3,(#6076,#6077,#6078,#6079),
  .UNSPECIFIED.,.F.,.F.,(4,4),(7.,8.),.PIECEWISE_BEZIER_KNOTS.);
#6076 = CARTESIAN_POINT('',(-0.865846944826,-1.023242594231,0.8600001));
#6077 = CARTESIAN_POINT('',(-0.871149710199,-1.023242594231,0.8600001));
#6078 = CARTESIAN_POINT('',(-0.875620669239,-1.024524962328,0.8600001));
#6079 = CARTESIAN_POINT('',(-0.879259821946,-1.027089698522,0.8600001));
#6080 = B_SPLINE_SURFACE_WITH_KNOTS('',3,1,(
    (#6081,#6082)
    ,(#6083,#6084)
    ,(#6085,#6086)
    ,(#6087,#6088
    )),.UNSPECIFIED.,.F.,.F.,.F.,(4,4),(2,2),(7.,8.),(0.,1.),
  .PIECEWISE_BEZIER_KNOTS.);
#6081 = CARTESIAN_POINT('',(-0.865846944826,-1.023242594231,0.8700001));
#6082 = CARTESIAN_POINT('',(-0.865846944826,-1.023242594231,0.8600001));
#6083 = CARTESIAN_POINT('',(-0.871149710199,-1.023242594231,0.8700001));
#6084 = CARTESIAN_POINT('',(-0.871149710199,-1.023242594231,0.8600001));
#6085 = CARTESIAN_POINT('',(-0.875620669239,-1.024524962328,0.8700001));
#6086 = CARTESIAN_POINT('',(-0.875620669239,-1.024524962328,0.8600001));
#6087 = CARTESIAN_POINT('',(-0.879259821946,-1.027089698522,0.8700001));
#6088 = CARTESIAN_POINT('',(-0.879259821946,-1.027089698522,0.8600001));
#6089 = ADVANCED_FACE('',(#6090),#6116,.F.);
#6090 = FACE_BOUND('',#6091,.F.);
#6091 = EDGE_LOOP('',(#6092,#6093,#6102,#6109));
#6092 = ORIENTED_EDGE('',*,*,#6067,.F.);
#6093 = ORIENTED_EDGE('',*,*,#6094,.T.);
#6094 = EDGE_CURVE('',#6059,#6095,#6097,.T.);
#6095 = VERTEX_POINT('',#6096);
#6096 = CARTESIAN_POINT('',(-0.884701221708,-1.03741796049,0.8700001));
#6097 = B_SPLINE_CURVE_WITH_KNOTS('',3,(#6098,#6099,#6100,#6101),
  .UNSPECIFIED.,.F.,.F.,(4,4),(6.,7.),.PIECEWISE_BEZIER_KNOTS.);
#6098 = CARTESIAN_POINT('',(-0.879259821946,-1.027089698522,0.8700001));
#6099 = CARTESIAN_POINT('',(-0.882881645355,-1.029689093312,0.8700001));
#6100 = CARTESIAN_POINT('',(-0.884701221708,-1.033120294437,0.8700001));
#6101 = CARTESIAN_POINT('',(-0.884701221708,-1.03741796049,0.8700001));
#6102 = ORIENTED_EDGE('',*,*,#6103,.T.);
#6103 = EDGE_CURVE('',#6095,#6104,#6106,.T.);
#6104 = VERTEX_POINT('',#6105);
#6105 = CARTESIAN_POINT('',(-0.884701221708,-1.03741796049,0.8600001));
#6106 = B_SPLINE_CURVE_WITH_KNOTS('',1,(#6107,#6108),.UNSPECIFIED.,.F.,
  .F.,(2,2),(-0.,1.E-02),.PIECEWISE_BEZIER_KNOTS.);
#6107 = CARTESIAN_POINT('',(-0.884701221708,-1.03741796049,0.8700001));
#6108 = CARTESIAN_POINT('',(-0.884701221708,-1.03741796049,0.8600001));
#6109 = ORIENTED_EDGE('',*,*,#6110,.F.);
#6110 = EDGE_CURVE('',#6068,#6104,#6111,.T.);
#6111 = B_SPLINE_CURVE_WITH_KNOTS('',3,(#6112,#6113,#6114,#6115),
  .UNSPECIFIED.,.F.,.F.,(4,4),(6.,7.),.PIECEWISE_BEZIER_KNOTS.);
#6112 = CARTESIAN_POINT('',(-0.879259821946,-1.027089698522,0.8600001));
#6113 = CARTESIAN_POINT('',(-0.882881645355,-1.029689093312,0.8600001));
#6114 = CARTESIAN_POINT('',(-0.884701221708,-1.033120294437,0.8600001));
#6115 = CARTESIAN_POINT('',(-0.884701221708,-1.03741796049,0.8600001));
#6116 = B_SPLINE_SURFACE_WITH_KNOTS('',3,1,(
    (#6117,#6118)
    ,(#6119,#6120)
    ,(#6121,#6122)
    ,(#6123,#6124
    )),.UNSPECIFIED.,.F.,.F.,.F.,(4,4),(2,2),(6.,7.),(0.,1.),
  .PIECEWISE_BEZIER_KNOTS.);
#6117 = CARTESIAN_POINT('',(-0.879259821946,-1.027089698522,0.8700001));
#6118 = CARTESIAN_POINT('',(-0.879259821946,-1.027089698522,0.8600001));
#6119 = CARTESIAN_POINT('',(-0.882881645355,-1.029689093312,0.8700001));
#6120 = CARTESIAN_POINT('',(-0.882881645355,-1.029689093312,0.8600001));
#6121 = CARTESIAN_POINT('',(-0.884701221708,-1.033120294437,0.8700001));
#6122 = CARTESIAN_POINT('',(-0.884701221708,-1.033120294437,0.8600001));
#6123 = CARTESIAN_POINT('',(-0.884701221708,-1.03741796049,0.8700001));
#6124 = CARTESIAN_POINT('',(-0.884701221708,-1.03741796049,0.8600001));
#6125 = ADVANCED_FACE('',(#6126),#6152,.F.);
#6126 = FACE_BOUND('',#6127,.F.);
#6127 = EDGE_LOOP('',(#6128,#6129,#6138,#6145));
#6128 = ORIENTED_EDGE('',*,*,#6103,.F.);
#6129 = ORIENTED_EDGE('',*,*,#6130,.T.);
#6130 = EDGE_CURVE('',#6095,#6131,#6133,.T.);
#6131 = VERTEX_POINT('',#6132);
#6132 = CARTESIAN_POINT('',(-0.882292449202,-1.045077510474,0.8700001));
#6133 = B_SPLINE_CURVE_WITH_KNOTS('',3,(#6134,#6135,#6136,#6137),
  .UNSPECIFIED.,.F.,.F.,(4,4),(5.,6.),.PIECEWISE_BEZIER_KNOTS.);
#6134 = CARTESIAN_POINT('',(-0.884701221708,-1.03741796049,0.8700001));
#6135 = CARTESIAN_POINT('',(-0.884701221708,-1.040398599851,0.8700001));
#6136 = CARTESIAN_POINT('',(-0.883904073972,-1.042963336044,0.8700001));
#6137 = CARTESIAN_POINT('',(-0.882292449202,-1.045077510474,0.8700001));
#6138 = ORIENTED_EDGE('',*,*,#6139,.T.);
#6139 = EDGE_CURVE('',#6131,#6140,#6142,.T.);
#6140 = VERTEX_POINT('',#6141);
#6141 = CARTESIAN_POINT('',(-0.882292449202,-1.045077510474,0.8600001));
#6142 = B_SPLINE_CURVE_WITH_KNOTS('',1,(#6143,#6144),.UNSPECIFIED.,.F.,
  .F.,(2,2),(-0.,1.E-02),.PIECEWISE_BEZIER_KNOTS.);
#6143 = CARTESIAN_POINT('',(-0.882292449202,-1.045077510474,0.8700001));
#6144 = CARTESIAN_POINT('',(-0.882292449202,-1.045077510474,0.8600001));
#6145 = ORIENTED_EDGE('',*,*,#6146,.F.);
#6146 = EDGE_CURVE('',#6104,#6140,#6147,.T.);
#6147 = B_SPLINE_CURVE_WITH_KNOTS('',3,(#6148,#6149,#6150,#6151),
  .UNSPECIFIED.,.F.,.F.,(4,4),(5.,6.),.PIECEWISE_BEZIER_KNOTS.);
#6148 = CARTESIAN_POINT('',(-0.884701221708,-1.03741796049,0.8600001));
#6149 = CARTESIAN_POINT('',(-0.884701221708,-1.040398599851,0.8600001));
#6150 = CARTESIAN_POINT('',(-0.883904073972,-1.042963336044,0.8600001));
#6151 = CARTESIAN_POINT('',(-0.882292449202,-1.045077510474,0.8600001));
#6152 = B_SPLINE_SURFACE_WITH_KNOTS('',3,1,(
    (#6153,#6154)
    ,(#6155,#6156)
    ,(#6157,#6158)
    ,(#6159,#6160
    )),.UNSPECIFIED.,.F.,.F.,.F.,(4,4),(2,2),(5.,6.),(0.,1.),
  .PIECEWISE_BEZIER_KNOTS.);
#6153 = CARTESIAN_POINT('',(-0.884701221708,-1.03741796049,0.8700001));
#6154 = CARTESIAN_POINT('',(-0.884701221708,-1.03741796049,0.8600001));
#6155 = CARTESIAN_POINT('',(-0.884701221708,-1.040398599851,0.8700001));
#6156 = CARTESIAN_POINT('',(-0.884701221708,-1.040398599851,0.8600001));
#6157 = CARTESIAN_POINT('',(-0.883904073972,-1.042963336044,0.8700001));
#6158 = CARTESIAN_POINT('',(-0.883904073972,-1.042963336044,0.8600001));
#6159 = CARTESIAN_POINT('',(-0.882292449202,-1.045077510474,0.8700001));
#6160 = CARTESIAN_POINT('',(-0.882292449202,-1.045077510474,0.8600001));
#6161 = ADVANCED_FACE('',(#6162),#6188,.F.);
#6162 = FACE_BOUND('',#6163,.F.);
#6163 = EDGE_LOOP('',(#6164,#6165,#6174,#6181));
#6164 = ORIENTED_EDGE('',*,*,#6139,.F.);
#6165 = ORIENTED_EDGE('',*,*,#6166,.T.);
#6166 = EDGE_CURVE('',#6131,#6167,#6169,.T.);
#6167 = VERTEX_POINT('',#6168);
#6168 = CARTESIAN_POINT('',(-0.871842882143,-1.051489350958,0.8700001));
#6169 = B_SPLINE_CURVE_WITH_KNOTS('',3,(#6170,#6171,#6172,#6173),
  .UNSPECIFIED.,.F.,.F.,(4,4),(4.,5.),.PIECEWISE_BEZIER_KNOTS.);
#6170 = CARTESIAN_POINT('',(-0.882292449202,-1.045077510474,0.8700001));
#6171 = CARTESIAN_POINT('',(-0.88069815373,-1.047191684904,0.8700001));
#6172 = CARTESIAN_POINT('',(-0.877197635412,-1.049340517931,0.8700001));
#6173 = CARTESIAN_POINT('',(-0.871842882143,-1.051489350958,0.8700001));
#6174 = ORIENTED_EDGE('',*,*,#6175,.T.);
#6175 = EDGE_CURVE('',#6167,#6176,#6178,.T.);
#6176 = VERTEX_POINT('',#6177);
#6177 = CARTESIAN_POINT('',(-0.871842882143,-1.051489350958,0.8600001));
#6178 = B_SPLINE_CURVE_WITH_KNOTS('',1,(#6179,#6180),.UNSPECIFIED.,.F.,
  .F.,(2,2),(-0.,1.E-02),.PIECEWISE_BEZIER_KNOTS.);
#6179 = CARTESIAN_POINT('',(-0.871842882143,-1.051489350958,0.8700001));
#6180 = CARTESIAN_POINT('',(-0.871842882143,-1.051489350958,0.8600001));
#6181 = ORIENTED_EDGE('',*,*,#6182,.F.);
#6182 = EDGE_CURVE('',#6140,#6176,#6183,.T.);
#6183 = B_SPLINE_CURVE_WITH_KNOTS('',3,(#6184,#6185,#6186,#6187),
  .UNSPECIFIED.,.F.,.F.,(4,4),(4.,5.),.PIECEWISE_BEZIER_KNOTS.);
#6184 = CARTESIAN_POINT('',(-0.882292449202,-1.045077510474,0.8600001));
#6185 = CARTESIAN_POINT('',(-0.88069815373,-1.047191684904,0.8600001));
#6186 = CARTESIAN_POINT('',(-0.877197635412,-1.049340517931,0.8600001));
#6187 = CARTESIAN_POINT('',(-0.871842882143,-1.051489350958,0.8600001));
#6188 = B_SPLINE_SURFACE_WITH_KNOTS('',3,1,(
    (#6189,#6190)
    ,(#6191,#6192)
    ,(#6193,#6194)
    ,(#6195,#6196
    )),.UNSPECIFIED.,.F.,.F.,.F.,(4,4),(2,2),(4.,5.),(0.,1.),
  .PIECEWISE_BEZIER_KNOTS.);
#6189 = CARTESIAN_POINT('',(-0.882292449202,-1.045077510474,0.8700001));
#6190 = CARTESIAN_POINT('',(-0.882292449202,-1.045077510474,0.8600001));
#6191 = CARTESIAN_POINT('',(-0.88069815373,-1.047191684904,0.8700001));
#6192 = CARTESIAN_POINT('',(-0.88069815373,-1.047191684904,0.8600001));
#6193 = CARTESIAN_POINT('',(-0.877197635412,-1.049340517931,0.8700001));
#6194 = CARTESIAN_POINT('',(-0.877197635412,-1.049340517931,0.8600001));
#6195 = CARTESIAN_POINT('',(-0.871842882143,-1.051489350958,0.8700001));
#6196 = CARTESIAN_POINT('',(-0.871842882143,-1.051489350958,0.8600001));
#6197 = ADVANCED_FACE('',(#6198),#6224,.F.);
#6198 = FACE_BOUND('',#6199,.F.);
#6199 = EDGE_LOOP('',(#6200,#6201,#6210,#6217));
#6200 = ORIENTED_EDGE('',*,*,#6175,.F.);
#6201 = ORIENTED_EDGE('',*,*,#6202,.T.);
#6202 = EDGE_CURVE('',#6167,#6203,#6205,.T.);
#6203 = VERTEX_POINT('',#6204);
#6204 = CARTESIAN_POINT('',(-0.862952951959,-1.055821675609,0.8700001));
#6205 = B_SPLINE_CURVE_WITH_KNOTS('',3,(#6206,#6207,#6208,#6209),
  .UNSPECIFIED.,.F.,.F.,(4,4),(3.,4.),.PIECEWISE_BEZIER_KNOTS.);
#6206 = CARTESIAN_POINT('',(-0.871842882143,-1.051489350958,0.8700001));
#6207 = CARTESIAN_POINT('',(-0.867371923103,-1.053152963624,0.8700001));
#6208 = CARTESIAN_POINT('',(-0.864408613041,-1.054608624707,0.8700001));
#6209 = CARTESIAN_POINT('',(-0.862952951959,-1.055821675609,0.8700001));
#6210 = ORIENTED_EDGE('',*,*,#6211,.T.);
#6211 = EDGE_CURVE('',#6203,#6212,#6214,.T.);
#6212 = VERTEX_POINT('',#6213);
#6213 = CARTESIAN_POINT('',(-0.862952951959,-1.055821675609,0.8600001));
#6214 = B_SPLINE_CURVE_WITH_KNOTS('',1,(#6215,#6216),.UNSPECIFIED.,.F.,
  .F.,(2,2),(-0.,1.E-02),.PIECEWISE_BEZIER_KNOTS.);
#6215 = CARTESIAN_POINT('',(-0.862952951959,-1.055821675609,0.8700001));
#6216 = CARTESIAN_POINT('',(-0.862952951959,-1.055821675609,0.8600001));
#6217 = ORIENTED_EDGE('',*,*,#6218,.F.);
#6218 = EDGE_CURVE('',#6176,#6212,#6219,.T.);
#6219 = B_SPLINE_CURVE_WITH_KNOTS('',3,(#6220,#6221,#6222,#6223),
  .UNSPECIFIED.,.F.,.F.,(4,4),(3.,4.),.PIECEWISE_BEZIER_KNOTS.);
#6220 = CARTESIAN_POINT('',(-0.871842882143,-1.051489350958,0.8600001));
#6221 = CARTESIAN_POINT('',(-0.867371923103,-1.053152963624,0.8600001));
#6222 = CARTESIAN_POINT('',(-0.864408613041,-1.054608624707,0.8600001));
#6223 = CARTESIAN_POINT('',(-0.862952951959,-1.055821675609,0.8600001));
#6224 = B_SPLINE_SURFACE_WITH_KNOTS('',3,1,(
    (#6225,#6226)
    ,(#6227,#6228)
    ,(#6229,#6230)
    ,(#6231,#6232
    )),.UNSPECIFIED.,.F.,.F.,.F.,(4,4),(2,2),(3.,4.),(0.,1.),
  .PIECEWISE_BEZIER_KNOTS.);
#6225 = CARTESIAN_POINT('',(-0.871842882143,-1.051489350958,0.8700001));
#6226 = CARTESIAN_POINT('',(-0.871842882143,-1.051489350958,0.8600001));
#6227 = CARTESIAN_POINT('',(-0.867371923103,-1.053152963624,0.8700001));
#6228 = CARTESIAN_POINT('',(-0.867371923103,-1.053152963624,0.8600001));
#6229 = CARTESIAN_POINT('',(-0.864408613041,-1.054608624707,0.8700001));
#6230 = CARTESIAN_POINT('',(-0.864408613041,-1.054608624707,0.8600001));
#6231 = CARTESIAN_POINT('',(-0.862952951959,-1.055821675609,0.8700001));
#6232 = CARTESIAN_POINT('',(-0.862952951959,-1.055821675609,0.8600001));
#6233 = ADVANCED_FACE('',(#6234),#6260,.F.);
#6234 = FACE_BOUND('',#6235,.F.);
#6235 = EDGE_LOOP('',(#6236,#6237,#6246,#6253));
#6236 = ORIENTED_EDGE('',*,*,#6211,.F.);
#6237 = ORIENTED_EDGE('',*,*,#6238,.T.);
#6238 = EDGE_CURVE('',#6203,#6239,#6241,.T.);
#6239 = VERTEX_POINT('',#6240);
#6240 = CARTESIAN_POINT('',(-0.860769460334,-1.060431269038,0.8700001));
#6241 = B_SPLINE_CURVE_WITH_KNOTS('',3,(#6242,#6243,#6244,#6245),
  .UNSPECIFIED.,.F.,.F.,(4,4),(2.,3.),.PIECEWISE_BEZIER_KNOTS.);
#6242 = CARTESIAN_POINT('',(-0.862952951959,-1.055821675609,0.8700001));
#6243 = CARTESIAN_POINT('',(-0.861497290876,-1.057034726512,0.8700001));
#6244 = CARTESIAN_POINT('',(-0.860769460334,-1.058559704789,0.8700001));
#6245 = CARTESIAN_POINT('',(-0.860769460334,-1.060431269038,0.8700001));
#6246 = ORIENTED_EDGE('',*,*,#6247,.T.);
#6247 = EDGE_CURVE('',#6239,#6248,#6250,.T.);
#6248 = VERTEX_POINT('',#6249);
#6249 = CARTESIAN_POINT('',(-0.860769460334,-1.060431269038,0.8600001));
#6250 = B_SPLINE_CURVE_WITH_KNOTS('',1,(#6251,#6252),.UNSPECIFIED.,.F.,
  .F.,(2,2),(-0.,1.E-02),.PIECEWISE_BEZIER_KNOTS.);
#6251 = CARTESIAN_POINT('',(-0.860769460334,-1.060431269038,0.8700001));
#6252 = CARTESIAN_POINT('',(-0.860769460334,-1.060431269038,0.8600001));
#6253 = ORIENTED_EDGE('',*,*,#6254,.F.);
#6254 = EDGE_CURVE('',#6212,#6248,#6255,.T.);
#6255 = B_SPLINE_CURVE_WITH_KNOTS('',3,(#6256,#6257,#6258,#6259),
  .UNSPECIFIED.,.F.,.F.,(4,4),(2.,3.),.PIECEWISE_BEZIER_KNOTS.);
#6256 = CARTESIAN_POINT('',(-0.862952951959,-1.055821675609,0.8600001));
#6257 = CARTESIAN_POINT('',(-0.861497290876,-1.057034726512,0.8600001));
#6258 = CARTESIAN_POINT('',(-0.860769460334,-1.058559704789,0.8600001));
#6259 = CARTESIAN_POINT('',(-0.860769460334,-1.060431269038,0.8600001));
#6260 = B_SPLINE_SURFACE_WITH_KNOTS('',3,1,(
    (#6261,#6262)
    ,(#6263,#6264)
    ,(#6265,#6266)
    ,(#6267,#6268
    )),.UNSPECIFIED.,.F.,.F.,.F.,(4,4),(2,2),(2.,3.),(0.,1.),
  .PIECEWISE_BEZIER_KNOTS.);
#6261 = CARTESIAN_POINT('',(-0.862952951959,-1.055821675609,0.8700001));
#6262 = CARTESIAN_POINT('',(-0.862952951959,-1.055821675609,0.8600001));
#6263 = CARTESIAN_POINT('',(-0.861497290876,-1.057034726512,0.8700001));
#6264 = CARTESIAN_POINT('',(-0.861497290876,-1.057034726512,0.8600001));
#6265 = CARTESIAN_POINT('',(-0.860769460334,-1.058559704789,0.8700001));
#6266 = CARTESIAN_POINT('',(-0.860769460334,-1.058559704789,0.8600001));
#6267 = CARTESIAN_POINT('',(-0.860769460334,-1.060431269038,0.8700001));
#6268 = CARTESIAN_POINT('',(-0.860769460334,-1.060431269038,0.8600001));
#6269 = ADVANCED_FACE('',(#6270),#6288,.F.);
#6270 = FACE_BOUND('',#6271,.F.);
#6271 = EDGE_LOOP('',(#6272,#6273,#6280,#6281));
#6272 = ORIENTED_EDGE('',*,*,#6247,.F.);
#6273 = ORIENTED_EDGE('',*,*,#6274,.T.);
#6274 = EDGE_CURVE('',#6239,#5562,#6275,.T.);
#6275 = B_SPLINE_CURVE_WITH_KNOTS('',3,(#6276,#6277,#6278,#6279),
  .UNSPECIFIED.,.F.,.F.,(4,4),(1.,2.),.PIECEWISE_BEZIER_KNOTS.);
#6276 = CARTESIAN_POINT('',(-0.860769460334,-1.060431269038,0.8700001));
#6277 = CARTESIAN_POINT('',(-0.860769460334,-1.064798252287,0.8700001));
#6278 = CARTESIAN_POINT('',(-0.864114014965,-1.066981743911,0.8700001));
#6279 = CARTESIAN_POINT('',(-0.870785794928,-1.066981743911,0.8700001));
#6280 = ORIENTED_EDGE('',*,*,#5561,.T.);
#6281 = ORIENTED_EDGE('',*,*,#6282,.F.);
#6282 = EDGE_CURVE('',#6248,#5564,#6283,.T.);
#6283 = B_SPLINE_CURVE_WITH_KNOTS('',3,(#6284,#6285,#6286,#6287),
  .UNSPECIFIED.,.F.,.F.,(4,4),(1.,2.),.PIECEWISE_BEZIER_KNOTS.);
#6284 = CARTESIAN_POINT('',(-0.860769460334,-1.060431269038,0.8600001));
#6285 = CARTESIAN_POINT('',(-0.860769460334,-1.064798252287,0.8600001));
#6286 = CARTESIAN_POINT('',(-0.864114014965,-1.066981743911,0.8600001));
#6287 = CARTESIAN_POINT('',(-0.870785794928,-1.066981743911,0.8600001));
#6288 = B_SPLINE_SURFACE_WITH_KNOTS('',3,1,(
    (#6289,#6290)
    ,(#6291,#6292)
    ,(#6293,#6294)
    ,(#6295,#6296
    )),.UNSPECIFIED.,.F.,.F.,.F.,(4,4),(2,2),(1.,2.),(0.,1.),
  .PIECEWISE_BEZIER_KNOTS.);
#6289 = CARTESIAN_POINT('',(-0.860769460334,-1.060431269038,0.8700001));
#6290 = CARTESIAN_POINT('',(-0.860769460334,-1.060431269038,0.8600001));
#6291 = CARTESIAN_POINT('',(-0.860769460334,-1.064798252287,0.8700001));
#6292 = CARTESIAN_POINT('',(-0.860769460334,-1.064798252287,0.8600001));
#6293 = CARTESIAN_POINT('',(-0.864114014965,-1.066981743911,0.8700001));
#6294 = CARTESIAN_POINT('',(-0.864114014965,-1.066981743911,0.8600001));
#6295 = CARTESIAN_POINT('',(-0.870785794928,-1.066981743911,0.8700001));
#6296 = CARTESIAN_POINT('',(-0.870785794928,-1.066981743911,0.8600001));
#6297 = ADVANCED_FACE('',(#6298),#6321,.F.);
#6298 = FACE_BOUND('',#6299,.T.);
#6299 = EDGE_LOOP('',(#6300,#6301,#6302,#6303,#6304,#6305,#6306,#6307,
    #6308,#6309,#6310,#6311,#6312,#6313,#6314,#6315,#6316,#6317,#6318,
    #6319,#6320));
#6300 = ORIENTED_EDGE('',*,*,#5570,.T.);
#6301 = ORIENTED_EDGE('',*,*,#5619,.T.);
#6302 = ORIENTED_EDGE('',*,*,#5634,.T.);
#6303 = ORIENTED_EDGE('',*,*,#5670,.T.);
#6304 = ORIENTED_EDGE('',*,*,#5706,.T.);
#6305 = ORIENTED_EDGE('',*,*,#5742,.T.);
#6306 = ORIENTED_EDGE('',*,*,#5778,.T.);
#6307 = ORIENTED_EDGE('',*,*,#5814,.T.);
#6308 = ORIENTED_EDGE('',*,*,#5850,.T.);
#6309 = ORIENTED_EDGE('',*,*,#5886,.T.);
#6310 = ORIENTED_EDGE('',*,*,#5922,.T.);
#6311 = ORIENTED_EDGE('',*,*,#5958,.T.);
#6312 = ORIENTED_EDGE('',*,*,#6007,.T.);
#6313 = ORIENTED_EDGE('',*,*,#6022,.T.);
#6314 = ORIENTED_EDGE('',*,*,#6058,.T.);
#6315 = ORIENTED_EDGE('',*,*,#6094,.T.);
#6316 = ORIENTED_EDGE('',*,*,#6130,.T.);
#6317 = ORIENTED_EDGE('',*,*,#6166,.T.);
#6318 = ORIENTED_EDGE('',*,*,#6202,.T.);
#6319 = ORIENTED_EDGE('',*,*,#6238,.T.);
#6320 = ORIENTED_EDGE('',*,*,#6274,.T.);
#6321 = B_SPLINE_SURFACE_WITH_KNOTS('',1,1,(
    (#6322,#6323)
    ,(#6324,#6325
    )),.UNSPECIFIED.,.F.,.F.,.F.,(2,2),(2,2),(-2.596362163535E-02,
    6.736764832751E-03),(-8.101447097923E-03,4.256942202394E-02),
  .PIECEWISE_BEZIER_KNOTS.);
#6322 = CARTESIAN_POINT('',(-0.852052823136,-1.073913463353,0.8700001));
#6323 = CARTESIAN_POINT('',(-0.852052823136,-1.023242594231,0.8700001));
#6324 = CARTESIAN_POINT('',(-0.884753209604,-1.073913463353,0.8700001));
#6325 = CARTESIAN_POINT('',(-0.884753209604,-1.023242594231,0.8700001));
#6326 = ADVANCED_FACE('',(#6327),#6350,.T.);
#6327 = FACE_BOUND('',#6328,.T.);
#6328 = EDGE_LOOP('',(#6329,#6330,#6331,#6332,#6333,#6334,#6335,#6336,
    #6337,#6338,#6339,#6340,#6341,#6342,#6343,#6344,#6345,#6346,#6347,
    #6348,#6349));
#6329 = ORIENTED_EDGE('',*,*,#5586,.F.);
#6330 = ORIENTED_EDGE('',*,*,#6282,.F.);
#6331 = ORIENTED_EDGE('',*,*,#6254,.F.);
#6332 = ORIENTED_EDGE('',*,*,#6218,.F.);
#6333 = ORIENTED_EDGE('',*,*,#6182,.F.);
#6334 = ORIENTED_EDGE('',*,*,#6146,.F.);
#6335 = ORIENTED_EDGE('',*,*,#6110,.F.);
#6336 = ORIENTED_EDGE('',*,*,#6074,.F.);
#6337 = ORIENTED_EDGE('',*,*,#6038,.F.);
#6338 = ORIENTED_EDGE('',*,*,#5993,.F.);
#6339 = ORIENTED_EDGE('',*,*,#5974,.F.);
#6340 = ORIENTED_EDGE('',*,*,#5938,.F.);
#6341 = ORIENTED_EDGE('',*,*,#5902,.F.);
#6342 = ORIENTED_EDGE('',*,*,#5866,.F.);
#6343 = ORIENTED_EDGE('',*,*,#5830,.F.);
#6344 = ORIENTED_EDGE('',*,*,#5794,.F.);
#6345 = ORIENTED_EDGE('',*,*,#5758,.F.);
#6346 = ORIENTED_EDGE('',*,*,#5722,.F.);
#6347 = ORIENTED_EDGE('',*,*,#5686,.F.);
#6348 = ORIENTED_EDGE('',*,*,#5650,.F.);
#6349 = ORIENTED_EDGE('',*,*,#5605,.F.);
#6350 = B_SPLINE_SURFACE_WITH_KNOTS('',1,1,(
    (#6351,#6352)
    ,(#6353,#6354
    )),.UNSPECIFIED.,.F.,.F.,.F.,(2,2),(2,2),(-2.596362163535E-02,
    6.736764832751E-03),(-8.101447097923E-03,4.256942202394E-02),
  .PIECEWISE_BEZIER_KNOTS.);
#6351 = CARTESIAN_POINT('',(-0.852052823136,-1.073913463353,0.8600001));
#6352 = CARTESIAN_POINT('',(-0.852052823136,-1.023242594231,0.8600001));
#6353 = CARTESIAN_POINT('',(-0.884753209604,-1.073913463353,0.8600001));
#6354 = CARTESIAN_POINT('',(-0.884753209604,-1.023242594231,0.8600001));
#6355 = MANIFOLD_SOLID_BREP('',#6356);
#6356 = CLOSED_SHELL('',(#6357,#6393,#6421,#6457,#6485,#6513,#6541,#6569
    ,#6597,#6625,#6661,#6697,#6725,#6761,#6797,#6817,#6840));
#6357 = ADVANCED_FACE('',(#6358),#6388,.F.);
#6358 = FACE_BOUND('',#6359,.T.);
#6359 = EDGE_LOOP('',(#6360,#6369,#6376,#6383));
#6360 = ORIENTED_EDGE('',*,*,#6361,.T.);
#6361 = EDGE_CURVE('',#6362,#6364,#6366,.T.);
#6362 = VERTEX_POINT('',#6363);
#6363 = CARTESIAN_POINT('',(-0.801156673132,-1.024351669342,0.8600001));
#6364 = VERTEX_POINT('',#6365);
#6365 = CARTESIAN_POINT('',(-0.809959956823,-1.024351669342,0.8600001));
#6366 = B_SPLINE_CURVE_WITH_KNOTS('',1,(#6367,#6368),.UNSPECIFIED.,.F.,
  .F.,(2,2),(-8.803283691157E-03,-0.),.PIECEWISE_BEZIER_KNOTS.);
#6367 = CARTESIAN_POINT('',(-0.801156673132,-1.024351669342,0.8600001));
#6368 = CARTESIAN_POINT('',(-0.809959956823,-1.024351669342,0.8600001));
#6369 = ORIENTED_EDGE('',*,*,#6370,.F.);
#6370 = EDGE_CURVE('',#6371,#6364,#6373,.T.);
#6371 = VERTEX_POINT('',#6372);
#6372 = CARTESIAN_POINT('',(-0.809959956823,-1.024351669342,0.8700001));
#6373 = B_SPLINE_CURVE_WITH_KNOTS('',1,(#6374,#6375),.UNSPECIFIED.,.F.,
  .F.,(2,2),(-0.,1.E-02),.PIECEWISE_BEZIER_KNOTS.);
#6374 = CARTESIAN_POINT('',(-0.809959956823,-1.024351669342,0.8700001));
#6375 = CARTESIAN_POINT('',(-0.809959956823,-1.024351669342,0.8600001));
#6376 = ORIENTED_EDGE('',*,*,#6377,.F.);
#6377 = EDGE_CURVE('',#6378,#6371,#6380,.T.);
#6378 = VERTEX_POINT('',#6379);
#6379 = CARTESIAN_POINT('',(-0.801156673132,-1.024351669342,0.8700001));
#6380 = B_SPLINE_CURVE_WITH_KNOTS('',1,(#6381,#6382),.UNSPECIFIED.,.F.,
  .F.,(2,2),(-8.803283691157E-03,-0.),.PIECEWISE_BEZIER_KNOTS.);
#6381 = CARTESIAN_POINT('',(-0.801156673132,-1.024351669342,0.8700001));
#6382 = CARTESIAN_POINT('',(-0.809959956823,-1.024351669342,0.8700001));
#6383 = ORIENTED_EDGE('',*,*,#6384,.T.);
#6384 = EDGE_CURVE('',#6378,#6362,#6385,.T.);
#6385 = B_SPLINE_CURVE_WITH_KNOTS('',1,(#6386,#6387),.UNSPECIFIED.,.F.,
  .F.,(2,2),(-0.,1.E-02),.PIECEWISE_BEZIER_KNOTS.);
#6386 = CARTESIAN_POINT('',(-0.801156673132,-1.024351669342,0.8700001));
#6387 = CARTESIAN_POINT('',(-0.801156673132,-1.024351669342,0.8600001));
#6388 = B_SPLINE_SURFACE_WITH_KNOTS('',1,1,(
    (#6389,#6390)
    ,(#6391,#6392
    )),.UNSPECIFIED.,.F.,.F.,.F.,(2,2),(2,2),(0.,1.E-02),(0.,
    8.803283691157E-03),.PIECEWISE_BEZIER_KNOTS.);
#6389 = CARTESIAN_POINT('',(-0.809959956823,-1.024351669342,0.8700001));
#6390 = CARTESIAN_POINT('',(-0.801156673132,-1.024351669342,0.8700001));
#6391 = CARTESIAN_POINT('',(-0.809959956823,-1.024351669342,0.8600001));
#6392 = CARTESIAN_POINT('',(-0.801156673132,-1.024351669342,0.8600001));
#6393 = ADVANCED_FACE('',(#6394),#6416,.F.);
#6394 = FACE_BOUND('',#6395,.T.);
#6395 = EDGE_LOOP('',(#6396,#6403,#6410,#6415));
#6396 = ORIENTED_EDGE('',*,*,#6397,.T.);
#6397 = EDGE_CURVE('',#6364,#6398,#6400,.T.);
#6398 = VERTEX_POINT('',#6399);
#6399 = CARTESIAN_POINT('',(-0.823182211659,-1.060812513608,0.8600001));
#6400 = B_SPLINE_CURVE_WITH_KNOTS('',1,(#6401,#6402),.UNSPECIFIED.,.F.,
  .F.,(2,2),(-3.878429047314E-02,-3.784947868665E-17),
  .PIECEWISE_BEZIER_KNOTS.);
#6401 = CARTESIAN_POINT('',(-0.809959956823,-1.024351669342,0.8600001));
#6402 = CARTESIAN_POINT('',(-0.823182211659,-1.060812513608,0.8600001));
#6403 = ORIENTED_EDGE('',*,*,#6404,.F.);
#6404 = EDGE_CURVE('',#6405,#6398,#6407,.T.);
#6405 = VERTEX_POINT('',#6406);
#6406 = CARTESIAN_POINT('',(-0.823182211659,-1.060812513608,0.8700001));
#6407 = B_SPLINE_CURVE_WITH_KNOTS('',1,(#6408,#6409),.UNSPECIFIED.,.F.,
  .F.,(2,2),(-0.,1.E-02),.PIECEWISE_BEZIER_KNOTS.);
#6408 = CARTESIAN_POINT('',(-0.823182211659,-1.060812513608,0.8700001));
#6409 = CARTESIAN_POINT('',(-0.823182211659,-1.060812513608,0.8600001));
#6410 = ORIENTED_EDGE('',*,*,#6411,.F.);
#6411 = EDGE_CURVE('',#6371,#6405,#6412,.T.);
#6412 = B_SPLINE_CURVE_WITH_KNOTS('',1,(#6413,#6414),.UNSPECIFIED.,.F.,
  .F.,(2,2),(-3.878429047314E-02,-3.784947868665E-17),
  .PIECEWISE_BEZIER_KNOTS.);
#6413 = CARTESIAN_POINT('',(-0.809959956823,-1.024351669342,0.8700001));
#6414 = CARTESIAN_POINT('',(-0.823182211659,-1.060812513608,0.8700001));
#6415 = ORIENTED_EDGE('',*,*,#6370,.T.);
#6416 = B_SPLINE_SURFACE_WITH_KNOTS('',1,1,(
    (#6417,#6418)
    ,(#6419,#6420
    )),.UNSPECIFIED.,.F.,.F.,.F.,(2,2),(2,2),(0.,3.878429047314E-02),(
    -1.E-02,0.),.PIECEWISE_BEZIER_KNOTS.);
#6417 = CARTESIAN_POINT('',(-0.823182211659,-1.060812513608,0.8600001));
#6418 = CARTESIAN_POINT('',(-0.823182211659,-1.060812513608,0.8700001));
#6419 = CARTESIAN_POINT('',(-0.809959956823,-1.024351669342,0.8600001));
#6420 = CARTESIAN_POINT('',(-0.809959956823,-1.024351669342,0.8700001));
#6421 = ADVANCED_FACE('',(#6422),#6448,.F.);
#6422 = FACE_BOUND('',#6423,.F.);
#6423 = EDGE_LOOP('',(#6424,#6425,#6434,#6441));
#6424 = ORIENTED_EDGE('',*,*,#6404,.F.);
#6425 = ORIENTED_EDGE('',*,*,#6426,.T.);
#6426 = EDGE_CURVE('',#6405,#6427,#6429,.T.);
#6427 = VERTEX_POINT('',#6428);
#6428 = CARTESIAN_POINT('',(-0.824221969576,-1.064728935093,0.8700001));
#6429 = B_SPLINE_CURVE_WITH_KNOTS('',3,(#6430,#6431,#6432,#6433),
  .UNSPECIFIED.,.F.,.F.,(4,4),(12.,13.),.PIECEWISE_BEZIER_KNOTS.);
#6430 = CARTESIAN_POINT('',(-0.823182211659,-1.060812513608,0.8700001));
#6431 = CARTESIAN_POINT('',(-0.823702090617,-1.062510784871,0.8700001));
#6432 = CARTESIAN_POINT('',(-0.82404867659,-1.063827811565,0.8700001));
#6433 = CARTESIAN_POINT('',(-0.824221969576,-1.064728935093,0.8700001));
#6434 = ORIENTED_EDGE('',*,*,#6435,.T.);
#6435 = EDGE_CURVE('',#6427,#6436,#6438,.T.);
#6436 = VERTEX_POINT('',#6437);
#6437 = CARTESIAN_POINT('',(-0.824221969576,-1.064728935093,0.8600001));
#6438 = B_SPLINE_CURVE_WITH_KNOTS('',1,(#6439,#6440),.UNSPECIFIED.,.F.,
  .F.,(2,2),(-0.,1.E-02),.PIECEWISE_BEZIER_KNOTS.);
#6439 = CARTESIAN_POINT('',(-0.824221969576,-1.064728935093,0.8700001));
#6440 = CARTESIAN_POINT('',(-0.824221969576,-1.064728935093,0.8600001));
#6441 = ORIENTED_EDGE('',*,*,#6442,.F.);
#6442 = EDGE_CURVE('',#6398,#6436,#6443,.T.);
#6443 = B_SPLINE_CURVE_WITH_KNOTS('',3,(#6444,#6445,#6446,#6447),
  .UNSPECIFIED.,.F.,.F.,(4,4),(12.,13.),.PIECEWISE_BEZIER_KNOTS.);
#6444 = CARTESIAN_POINT('',(-0.823182211659,-1.060812513608,0.8600001));
#6445 = CARTESIAN_POINT('',(-0.823702090617,-1.062510784871,0.8600001));
#6446 = CARTESIAN_POINT('',(-0.82404867659,-1.063827811565,0.8600001));
#6447 = CARTESIAN_POINT('',(-0.824221969576,-1.064728935093,0.8600001));
#6448 = B_SPLINE_SURFACE_WITH_KNOTS('',3,1,(
    (#6449,#6450)
    ,(#6451,#6452)
    ,(#6453,#6454)
    ,(#6455,#6456
    )),.UNSPECIFIED.,.F.,.F.,.F.,(4,4),(2,2),(12.,13.),(0.,1.),
  .PIECEWISE_BEZIER_KNOTS.);
#6449 = CARTESIAN_POINT('',(-0.823182211659,-1.060812513608,0.8700001));
#6450 = CARTESIAN_POINT('',(-0.823182211659,-1.060812513608,0.8600001));
#6451 = CARTESIAN_POINT('',(-0.823702090617,-1.062510784871,0.8700001));
#6452 = CARTESIAN_POINT('',(-0.823702090617,-1.062510784871,0.8600001));
#6453 = CARTESIAN_POINT('',(-0.82404867659,-1.063827811565,0.8700001));
#6454 = CARTESIAN_POINT('',(-0.82404867659,-1.063827811565,0.8600001));
#6455 = CARTESIAN_POINT('',(-0.824221969576,-1.064728935093,0.8700001));
#6456 = CARTESIAN_POINT('',(-0.824221969576,-1.064728935093,0.8600001));
#6457 = ADVANCED_FACE('',(#6458),#6480,.F.);
#6458 = FACE_BOUND('',#6459,.T.);
#6459 = EDGE_LOOP('',(#6460,#6467,#6474,#6479));
#6460 = ORIENTED_EDGE('',*,*,#6461,.T.);
#6461 = EDGE_CURVE('',#6436,#6462,#6464,.T.);
#6462 = VERTEX_POINT('',#6463);
#6463 = CARTESIAN_POINT('',(-0.824447250457,-1.064728935093,0.8600001));
#6464 = B_SPLINE_CURVE_WITH_KNOTS('',1,(#6465,#6466),.UNSPECIFIED.,.F.,
  .F.,(2,2),(-2.252808816116E-04,-0.),.PIECEWISE_BEZIER_KNOTS.);
#6465 = CARTESIAN_POINT('',(-0.824221969576,-1.064728935093,0.8600001));
#6466 = CARTESIAN_POINT('',(-0.824447250457,-1.064728935093,0.8600001));
#6467 = ORIENTED_EDGE('',*,*,#6468,.F.);
#6468 = EDGE_CURVE('',#6469,#6462,#6471,.T.);
#6469 = VERTEX_POINT('',#6470);
#6470 = CARTESIAN_POINT('',(-0.824447250457,-1.064728935093,0.8700001));
#6471 = B_SPLINE_CURVE_WITH_KNOTS('',1,(#6472,#6473),.UNSPECIFIED.,.F.,
  .F.,(2,2),(-0.,1.E-02),.PIECEWISE_BEZIER_KNOTS.);
#6472 = CARTESIAN_POINT('',(-0.824447250457,-1.064728935093,0.8700001));
#6473 = CARTESIAN_POINT('',(-0.824447250457,-1.064728935093,0.8600001));
#6474 = ORIENTED_EDGE('',*,*,#6475,.F.);
#6475 = EDGE_CURVE('',#6427,#6469,#6476,.T.);
#6476 = B_SPLINE_CURVE_WITH_KNOTS('',1,(#6477,#6478),.UNSPECIFIED.,.F.,
  .F.,(2,2),(-2.252808816116E-04,-0.),.PIECEWISE_BEZIER_KNOTS.);
#6477 = CARTESIAN_POINT('',(-0.824221969576,-1.064728935093,0.8700001));
#6478 = CARTESIAN_POINT('',(-0.824447250457,-1.064728935093,0.8700001));
#6479 = ORIENTED_EDGE('',*,*,#6435,.T.);
#6480 = B_SPLINE_SURFACE_WITH_KNOTS('',1,1,(
    (#6481,#6482)
    ,(#6483,#6484
    )),.UNSPECIFIED.,.F.,.F.,.F.,(2,2),(2,2),(0.,1.E-02),(0.,
    2.252808816116E-04),.PIECEWISE_BEZIER_KNOTS.);
#6481 = CARTESIAN_POINT('',(-0.824447250457,-1.064728935093,0.8700001));
#6482 = CARTESIAN_POINT('',(-0.824221969576,-1.064728935093,0.8700001));
#6483 = CARTESIAN_POINT('',(-0.824447250457,-1.064728935093,0.8600001));
#6484 = CARTESIAN_POINT('',(-0.824221969576,-1.064728935093,0.8600001));
#6485 = ADVANCED_FACE('',(#6486),#6508,.F.);
#6486 = FACE_BOUND('',#6487,.T.);
#6487 = EDGE_LOOP('',(#6488,#6495,#6502,#6507));
#6488 = ORIENTED_EDGE('',*,*,#6489,.T.);
#6489 = EDGE_CURVE('',#6462,#6490,#6492,.T.);
#6490 = VERTEX_POINT('',#6491);
#6491 = CARTESIAN_POINT('',(-0.825487008374,-1.060743196413,0.8600001));
#6492 = B_SPLINE_CURVE_WITH_KNOTS('',1,(#6493,#6494),.UNSPECIFIED.,.F.,
  .F.,(2,2),(-4.119127255206E-03,0.),.PIECEWISE_BEZIER_KNOTS.);
#6493 = CARTESIAN_POINT('',(-0.824447250457,-1.064728935093,0.8600001));
#6494 = CARTESIAN_POINT('',(-0.825487008374,-1.060743196413,0.8600001));
#6495 = ORIENTED_EDGE('',*,*,#6496,.F.);
#6496 = EDGE_CURVE('',#6497,#6490,#6499,.T.);
#6497 = VERTEX_POINT('',#6498);
#6498 = CARTESIAN_POINT('',(-0.825487008374,-1.060743196413,0.8700001));
#6499 = B_SPLINE_CURVE_WITH_KNOTS('',1,(#6500,#6501),.UNSPECIFIED.,.F.,
  .F.,(2,2),(-0.,1.E-02),.PIECEWISE_BEZIER_KNOTS.);
#6500 = CARTESIAN_POINT('',(-0.825487008374,-1.060743196413,0.8700001));
#6501 = CARTESIAN_POINT('',(-0.825487008374,-1.060743196413,0.8600001));
#6502 = ORIENTED_EDGE('',*,*,#6503,.F.);
#6503 = EDGE_CURVE('',#6469,#6497,#6504,.T.);
#6504 = B_SPLINE_CURVE_WITH_KNOTS('',1,(#6505,#6506),.UNSPECIFIED.,.F.,
  .F.,(2,2),(-4.119127255206E-03,0.),.PIECEWISE_BEZIER_KNOTS.);
#6505 = CARTESIAN_POINT('',(-0.824447250457,-1.064728935093,0.8700001));
#6506 = CARTESIAN_POINT('',(-0.825487008374,-1.060743196413,0.8700001));
#6507 = ORIENTED_EDGE('',*,*,#6468,.T.);
#6508 = B_SPLINE_SURFACE_WITH_KNOTS('',1,1,(
    (#6509,#6510)
    ,(#6511,#6512
    )),.UNSPECIFIED.,.F.,.F.,.F.,(2,2),(2,2),(0.,4.119127255206E-03),(
    -1.E-02,0.),.PIECEWISE_BEZIER_KNOTS.);
#6509 = CARTESIAN_POINT('',(-0.825487008374,-1.060743196413,0.8600001));
#6510 = CARTESIAN_POINT('',(-0.825487008374,-1.060743196413,0.8700001));
#6511 = CARTESIAN_POINT('',(-0.824447250457,-1.064728935093,0.8600001));
#6512 = CARTESIAN_POINT('',(-0.824447250457,-1.064728935093,0.8700001));
#6513 = ADVANCED_FACE('',(#6514),#6536,.F.);
#6514 = FACE_BOUND('',#6515,.T.);
#6515 = EDGE_LOOP('',(#6516,#6523,#6530,#6535));
#6516 = ORIENTED_EDGE('',*,*,#6517,.T.);
#6517 = EDGE_CURVE('',#6490,#6518,#6520,.T.);
#6518 = VERTEX_POINT('',#6519);
#6519 = CARTESIAN_POINT('',(-0.838137396356,-1.024351669342,0.8600001));
#6520 = B_SPLINE_CURVE_WITH_KNOTS('',1,(#6521,#6522),.UNSPECIFIED.,.F.,
  .F.,(2,2),(-3.852759476873E-02,0.),.PIECEWISE_BEZIER_KNOTS.);
#6521 = CARTESIAN_POINT('',(-0.825487008374,-1.060743196413,0.8600001));
#6522 = CARTESIAN_POINT('',(-0.838137396356,-1.024351669342,0.8600001));
#6523 = ORIENTED_EDGE('',*,*,#6524,.F.);
#6524 = EDGE_CURVE('',#6525,#6518,#6527,.T.);
#6525 = VERTEX_POINT('',#6526);
#6526 = CARTESIAN_POINT('',(-0.838137396356,-1.024351669342,0.8700001));
#6527 = B_SPLINE_CURVE_WITH_KNOTS('',1,(#6528,#6529),.UNSPECIFIED.,.F.,
  .F.,(2,2),(-0.,1.E-02),.PIECEWISE_BEZIER_KNOTS.);
#6528 = CARTESIAN_POINT('',(-0.838137396356,-1.024351669342,0.8700001));
#6529 = CARTESIAN_POINT('',(-0.838137396356,-1.024351669342,0.8600001));
#6530 = ORIENTED_EDGE('',*,*,#6531,.F.);
#6531 = EDGE_CURVE('',#6497,#6525,#6532,.T.);
#6532 = B_SPLINE_CURVE_WITH_KNOTS('',1,(#6533,#6534),.UNSPECIFIED.,.F.,
  .F.,(2,2),(-3.852759476873E-02,0.),.PIECEWISE_BEZIER_KNOTS.);
#6533 = CARTESIAN_POINT('',(-0.825487008374,-1.060743196413,0.8700001));
#6534 = CARTESIAN_POINT('',(-0.838137396356,-1.024351669342,0.8700001));
#6535 = ORIENTED_EDGE('',*,*,#6496,.T.);
#6536 = B_SPLINE_SURFACE_WITH_KNOTS('',1,1,(
    (#6537,#6538)
    ,(#6539,#6540
    )),.UNSPECIFIED.,.F.,.F.,.F.,(2,2),(2,2),(0.,3.852759476873E-02),(
    -1.E-02,0.),.PIECEWISE_BEZIER_KNOTS.);
#6537 = CARTESIAN_POINT('',(-0.838137396356,-1.024351669342,0.8600001));
#6538 = CARTESIAN_POINT('',(-0.838137396356,-1.024351669342,0.8700001));
#6539 = CARTESIAN_POINT('',(-0.825487008374,-1.060743196413,0.8600001));
#6540 = CARTESIAN_POINT('',(-0.825487008374,-1.060743196413,0.8700001));
#6541 = ADVANCED_FACE('',(#6542),#6564,.F.);
#6542 = FACE_BOUND('',#6543,.T.);
#6543 = EDGE_LOOP('',(#6544,#6551,#6558,#6563));
#6544 = ORIENTED_EDGE('',*,*,#6545,.T.);
#6545 = EDGE_CURVE('',#6518,#6546,#6548,.T.);
#6546 = VERTEX_POINT('',#6547);
#6547 = CARTESIAN_POINT('',(-0.847633851991,-1.024351669342,0.8600001));
#6548 = B_SPLINE_CURVE_WITH_KNOTS('',1,(#6549,#6550),.UNSPECIFIED.,.F.,
  .F.,(2,2),(-9.496455635733E-03,-0.),.PIECEWISE_BEZIER_KNOTS.);
#6549 = CARTESIAN_POINT('',(-0.838137396356,-1.024351669342,0.8600001));
#6550 = CARTESIAN_POINT('',(-0.847633851991,-1.024351669342,0.8600001));
#6551 = ORIENTED_EDGE('',*,*,#6552,.F.);
#6552 = EDGE_CURVE('',#6553,#6546,#6555,.T.);
#6553 = VERTEX_POINT('',#6554);
#6554 = CARTESIAN_POINT('',(-0.847633851991,-1.024351669342,0.8700001));
#6555 = B_SPLINE_CURVE_WITH_KNOTS('',1,(#6556,#6557),.UNSPECIFIED.,.F.,
  .F.,(2,2),(-0.,1.E-02),.PIECEWISE_BEZIER_KNOTS.);
#6556 = CARTESIAN_POINT('',(-0.847633851991,-1.024351669342,0.8700001));
#6557 = CARTESIAN_POINT('',(-0.847633851991,-1.024351669342,0.8600001));
#6558 = ORIENTED_EDGE('',*,*,#6559,.F.);
#6559 = EDGE_CURVE('',#6525,#6553,#6560,.T.);
#6560 = B_SPLINE_CURVE_WITH_KNOTS('',1,(#6561,#6562),.UNSPECIFIED.,.F.,
  .F.,(2,2),(-9.496455635733E-03,-0.),.PIECEWISE_BEZIER_KNOTS.);
#6561 = CARTESIAN_POINT('',(-0.838137396356,-1.024351669342,0.8700001));
#6562 = CARTESIAN_POINT('',(-0.847633851991,-1.024351669342,0.8700001));
#6563 = ORIENTED_EDGE('',*,*,#6524,.T.);
#6564 = B_SPLINE_SURFACE_WITH_KNOTS('',1,1,(
    (#6565,#6566)
    ,(#6567,#6568
    )),.UNSPECIFIED.,.F.,.F.,.F.,(2,2),(2,2),(0.,1.E-02),(0.,
    9.496455635733E-03),.PIECEWISE_BEZIER_KNOTS.);
#6565 = CARTESIAN_POINT('',(-0.847633851991,-1.024351669342,0.8700001));
#6566 = CARTESIAN_POINT('',(-0.838137396356,-1.024351669342,0.8700001));
#6567 = CARTESIAN_POINT('',(-0.847633851991,-1.024351669342,0.8600001));
#6568 = CARTESIAN_POINT('',(-0.838137396356,-1.024351669342,0.8600001));
#6569 = ADVANCED_FACE('',(#6570),#6592,.F.);
#6570 = FACE_BOUND('',#6571,.T.);
#6571 = EDGE_LOOP('',(#6572,#6579,#6586,#6591));
#6572 = ORIENTED_EDGE('',*,*,#6573,.T.);
#6573 = EDGE_CURVE('',#6546,#6574,#6576,.T.);
#6574 = VERTEX_POINT('',#6575);
#6575 = CARTESIAN_POINT('',(-0.82864094072,-1.072665753854,0.8600001));
#6576 = B_SPLINE_CURVE_WITH_KNOTS('',1,(#6577,#6578),.UNSPECIFIED.,.F.,
  .F.,(2,2),(-5.191321065727E-02,0.),.PIECEWISE_BEZIER_KNOTS.);
#6577 = CARTESIAN_POINT('',(-0.847633851991,-1.024351669342,0.8600001));
#6578 = CARTESIAN_POINT('',(-0.82864094072,-1.072665753854,0.8600001));
#6579 = ORIENTED_EDGE('',*,*,#6580,.F.);
#6580 = EDGE_CURVE('',#6581,#6574,#6583,.T.);
#6581 = VERTEX_POINT('',#6582);
#6582 = CARTESIAN_POINT('',(-0.82864094072,-1.072665753854,0.8700001));
#6583 = B_SPLINE_CURVE_WITH_KNOTS('',1,(#6584,#6585),.UNSPECIFIED.,.F.,
  .F.,(2,2),(-0.,1.E-02),.PIECEWISE_BEZIER_KNOTS.);
#6584 = CARTESIAN_POINT('',(-0.82864094072,-1.072665753854,0.8700001));
#6585 = CARTESIAN_POINT('',(-0.82864094072,-1.072665753854,0.8600001));
#6586 = ORIENTED_EDGE('',*,*,#6587,.F.);
#6587 = EDGE_CURVE('',#6553,#6581,#6588,.T.);
#6588 = B_SPLINE_CURVE_WITH_KNOTS('',1,(#6589,#6590),.UNSPECIFIED.,.F.,
  .F.,(2,2),(-5.191321065727E-02,0.),.PIECEWISE_BEZIER_KNOTS.);
#6589 = CARTESIAN_POINT('',(-0.847633851991,-1.024351669342,0.8700001));
#6590 = CARTESIAN_POINT('',(-0.82864094072,-1.072665753854,0.8700001));
#6591 = ORIENTED_EDGE('',*,*,#6552,.T.);
#6592 = B_SPLINE_SURFACE_WITH_KNOTS('',1,1,(
    (#6593,#6594)
    ,(#6595,#6596
    )),.UNSPECIFIED.,.F.,.F.,.F.,(2,2),(2,2),(0.,5.191321065727E-02),(
    -1.E-02,0.),.PIECEWISE_BEZIER_KNOTS.);
#6593 = CARTESIAN_POINT('',(-0.82864094072,-1.072665753854,0.8600001));
#6594 = CARTESIAN_POINT('',(-0.82864094072,-1.072665753854,0.8700001));
#6595 = CARTESIAN_POINT('',(-0.847633851991,-1.024351669342,0.8600001));
#6596 = CARTESIAN_POINT('',(-0.847633851991,-1.024351669342,0.8700001));
#6597 = ADVANCED_FACE('',(#6598),#6620,.F.);
#6598 = FACE_BOUND('',#6599,.T.);
#6599 = EDGE_LOOP('',(#6600,#6607,#6614,#6619));
#6600 = ORIENTED_EDGE('',*,*,#6601,.T.);
#6601 = EDGE_CURVE('',#6574,#6602,#6604,.T.);
#6602 = VERTEX_POINT('',#6603);
#6603 = CARTESIAN_POINT('',(-0.83236673992,-1.081469037545,0.8600001));
#6604 = B_SPLINE_CURVE_WITH_KNOTS('',1,(#6605,#6606),.UNSPECIFIED.,.F.,
  .F.,(2,2),(-9.559256426937E-03,1.612128365213E-16),
  .PIECEWISE_BEZIER_KNOTS.);
#6605 = CARTESIAN_POINT('',(-0.82864094072,-1.072665753854,0.8600001));
#6606 = CARTESIAN_POINT('',(-0.83236673992,-1.081469037545,0.8600001));
#6607 = ORIENTED_EDGE('',*,*,#6608,.F.);
#6608 = EDGE_CURVE('',#6609,#6602,#6611,.T.);
#6609 = VERTEX_POINT('',#6610);
#6610 = CARTESIAN_POINT('',(-0.83236673992,-1.081469037545,0.8700001));
#6611 = B_SPLINE_CURVE_WITH_KNOTS('',1,(#6612,#6613),.UNSPECIFIED.,.F.,
  .F.,(2,2),(-0.,1.E-02),.PIECEWISE_BEZIER_KNOTS.);
#6612 = CARTESIAN_POINT('',(-0.83236673992,-1.081469037545,0.8700001));
#6613 = CARTESIAN_POINT('',(-0.83236673992,-1.081469037545,0.8600001));
#6614 = ORIENTED_EDGE('',*,*,#6615,.F.);
#6615 = EDGE_CURVE('',#6581,#6609,#6616,.T.);
#6616 = B_SPLINE_CURVE_WITH_KNOTS('',1,(#6617,#6618),.UNSPECIFIED.,.F.,
  .F.,(2,2),(-9.559256426937E-03,1.612128365213E-16),
  .PIECEWISE_BEZIER_KNOTS.);
#6617 = CARTESIAN_POINT('',(-0.82864094072,-1.072665753854,0.8700001));
#6618 = CARTESIAN_POINT('',(-0.83236673992,-1.081469037545,0.8700001));
#6619 = ORIENTED_EDGE('',*,*,#6580,.T.);
#6620 = B_SPLINE_SURFACE_WITH_KNOTS('',1,1,(
    (#6621,#6622)
    ,(#6623,#6624
    )),.UNSPECIFIED.,.F.,.F.,.F.,(2,2),(2,2),(-2.47756556504E-16,
    9.559256426937E-03),(-1.E-02,0.),.PIECEWISE_BEZIER_KNOTS.);
#6621 = CARTESIAN_POINT('',(-0.83236673992,-1.081469037545,0.8600001));
#6622 = CARTESIAN_POINT('',(-0.83236673992,-1.081469037545,0.8700001));
#6623 = CARTESIAN_POINT('',(-0.82864094072,-1.072665753854,0.8600001));
#6624 = CARTESIAN_POINT('',(-0.82864094072,-1.072665753854,0.8700001));
#6625 = ADVANCED_FACE('',(#6626),#6652,.F.);
#6626 = FACE_BOUND('',#6627,.F.);
#6627 = EDGE_LOOP('',(#6628,#6629,#6638,#6645));
#6628 = ORIENTED_EDGE('',*,*,#6608,.F.);
#6629 = ORIENTED_EDGE('',*,*,#6630,.T.);
#6630 = EDGE_CURVE('',#6609,#6631,#6633,.T.);
#6631 = VERTEX_POINT('',#6632);
#6632 = CARTESIAN_POINT('',(-0.84106604782,-1.088296781196,0.8700001));
#6633 = B_SPLINE_CURVE_WITH_KNOTS('',3,(#6634,#6635,#6636,#6637),
  .UNSPECIFIED.,.F.,.F.,(4,4),(5.,6.),.PIECEWISE_BEZIER_KNOTS.);
#6634 = CARTESIAN_POINT('',(-0.83236673992,-1.081469037545,0.8700001));
#6635 = CARTESIAN_POINT('',(-0.834290292065,-1.086043972377,0.8700001));
#6636 = CARTESIAN_POINT('',(-0.837184284932,-1.088296781196,0.8700001));
#6637 = CARTESIAN_POINT('',(-0.84106604782,-1.088296781196,0.8700001));
#6638 = ORIENTED_EDGE('',*,*,#6639,.T.);
#6639 = EDGE_CURVE('',#6631,#6640,#6642,.T.);
#6640 = VERTEX_POINT('',#6641);
#6641 = CARTESIAN_POINT('',(-0.84106604782,-1.088296781196,0.8600001));
#6642 = B_SPLINE_CURVE_WITH_KNOTS('',1,(#6643,#6644),.UNSPECIFIED.,.F.,
  .F.,(2,2),(-0.,1.E-02),.PIECEWISE_BEZIER_KNOTS.);
#6643 = CARTESIAN_POINT('',(-0.84106604782,-1.088296781196,0.8700001));
#6644 = CARTESIAN_POINT('',(-0.84106604782,-1.088296781196,0.8600001));
#6645 = ORIENTED_EDGE('',*,*,#6646,.F.);
#6646 = EDGE_CURVE('',#6602,#6640,#6647,.T.);
#6647 = B_SPLINE_CURVE_WITH_KNOTS('',3,(#6648,#6649,#6650,#6651),
  .UNSPECIFIED.,.F.,.F.,(4,4),(5.,6.),.PIECEWISE_BEZIER_KNOTS.);
#6648 = CARTESIAN_POINT('',(-0.83236673992,-1.081469037545,0.8600001));
#6649 = CARTESIAN_POINT('',(-0.834290292065,-1.086043972377,0.8600001));
#6650 = CARTESIAN_POINT('',(-0.837184284932,-1.088296781196,0.8600001));
#6651 = CARTESIAN_POINT('',(-0.84106604782,-1.088296781196,0.8600001));
#6652 = B_SPLINE_SURFACE_WITH_KNOTS('',3,1,(
    (#6653,#6654)
    ,(#6655,#6656)
    ,(#6657,#6658)
    ,(#6659,#6660
    )),.UNSPECIFIED.,.F.,.F.,.F.,(4,4),(2,2),(5.,6.),(0.,1.),
  .PIECEWISE_BEZIER_KNOTS.);
#6653 = CARTESIAN_POINT('',(-0.83236673992,-1.081469037545,0.8700001));
#6654 = CARTESIAN_POINT('',(-0.83236673992,-1.081469037545,0.8600001));
#6655 = CARTESIAN_POINT('',(-0.834290292065,-1.086043972377,0.8700001));
#6656 = CARTESIAN_POINT('',(-0.834290292065,-1.086043972377,0.8600001));
#6657 = CARTESIAN_POINT('',(-0.837184284932,-1.088296781196,0.8700001));
#6658 = CARTESIAN_POINT('',(-0.837184284932,-1.088296781196,0.8600001));
#6659 = CARTESIAN_POINT('',(-0.84106604782,-1.088296781196,0.8700001));
#6660 = CARTESIAN_POINT('',(-0.84106604782,-1.088296781196,0.8600001));
#6661 = ADVANCED_FACE('',(#6662),#6688,.F.);
#6662 = FACE_BOUND('',#6663,.F.);
#6663 = EDGE_LOOP('',(#6664,#6665,#6674,#6681));
#6664 = ORIENTED_EDGE('',*,*,#6639,.F.);
#6665 = ORIENTED_EDGE('',*,*,#6666,.T.);
#6666 = EDGE_CURVE('',#6631,#6667,#6669,.T.);
#6667 = VERTEX_POINT('',#6668);
#6668 = CARTESIAN_POINT('',(-0.845883592832,-1.087326340474,0.8700001));
#6669 = B_SPLINE_CURVE_WITH_KNOTS('',3,(#6670,#6671,#6672,#6673),
  .UNSPECIFIED.,.F.,.F.,(4,4),(4.,5.),.PIECEWISE_BEZIER_KNOTS.);
#6670 = CARTESIAN_POINT('',(-0.84106604782,-1.088296781196,0.8700001));
#6671 = CARTESIAN_POINT('',(-0.842625684694,-1.088296781196,0.8700001));
#6672 = CARTESIAN_POINT('',(-0.844219980166,-1.087984853821,0.8700001));
#6673 = CARTESIAN_POINT('',(-0.845883592832,-1.087326340474,0.8700001));
#6674 = ORIENTED_EDGE('',*,*,#6675,.T.);
#6675 = EDGE_CURVE('',#6667,#6676,#6678,.T.);
#6676 = VERTEX_POINT('',#6677);
#6677 = CARTESIAN_POINT('',(-0.845883592832,-1.087326340474,0.8600001));
#6678 = B_SPLINE_CURVE_WITH_KNOTS('',1,(#6679,#6680),.UNSPECIFIED.,.F.,
  .F.,(2,2),(-0.,1.E-02),.PIECEWISE_BEZIER_KNOTS.);
#6679 = CARTESIAN_POINT('',(-0.845883592832,-1.087326340474,0.8700001));
#6680 = CARTESIAN_POINT('',(-0.845883592832,-1.087326340474,0.8600001));
#6681 = ORIENTED_EDGE('',*,*,#6682,.F.);
#6682 = EDGE_CURVE('',#6640,#6676,#6683,.T.);
#6683 = B_SPLINE_CURVE_WITH_KNOTS('',3,(#6684,#6685,#6686,#6687),
  .UNSPECIFIED.,.F.,.F.,(4,4),(4.,5.),.PIECEWISE_BEZIER_KNOTS.);
#6684 = CARTESIAN_POINT('',(-0.84106604782,-1.088296781196,0.8600001));
#6685 = CARTESIAN_POINT('',(-0.842625684694,-1.088296781196,0.8600001));
#6686 = CARTESIAN_POINT('',(-0.844219980166,-1.087984853821,0.8600001));
#6687 = CARTESIAN_POINT('',(-0.845883592832,-1.087326340474,0.8600001));
#6688 = B_SPLINE_SURFACE_WITH_KNOTS('',3,1,(
    (#6689,#6690)
    ,(#6691,#6692)
    ,(#6693,#6694)
    ,(#6695,#6696
    )),.UNSPECIFIED.,.F.,.F.,.F.,(4,4),(2,2),(4.,5.),(0.,1.),
  .PIECEWISE_BEZIER_KNOTS.);
#6689 = CARTESIAN_POINT('',(-0.84106604782,-1.088296781196,0.8700001));
#6690 = CARTESIAN_POINT('',(-0.84106604782,-1.088296781196,0.8600001));
#6691 = CARTESIAN_POINT('',(-0.842625684694,-1.088296781196,0.8700001));
#6692 = CARTESIAN_POINT('',(-0.842625684694,-1.088296781196,0.8600001));
#6693 = CARTESIAN_POINT('',(-0.844219980166,-1.087984853821,0.8700001));
#6694 = CARTESIAN_POINT('',(-0.844219980166,-1.087984853821,0.8600001));
#6695 = CARTESIAN_POINT('',(-0.845883592832,-1.087326340474,0.8700001));
#6696 = CARTESIAN_POINT('',(-0.845883592832,-1.087326340474,0.8600001));
#6697 = ADVANCED_FACE('',(#6698),#6720,.F.);
#6698 = FACE_BOUND('',#6699,.T.);
#6699 = EDGE_LOOP('',(#6700,#6707,#6714,#6719));
#6700 = ORIENTED_EDGE('',*,*,#6701,.T.);
#6701 = EDGE_CURVE('',#6676,#6702,#6704,.T.);
#6702 = VERTEX_POINT('',#6703);
#6703 = CARTESIAN_POINT('',(-0.845883592832,-1.094881914666,0.8600001));
#6704 = B_SPLINE_CURVE_WITH_KNOTS('',1,(#6705,#6706),.UNSPECIFIED.,.F.,
  .F.,(2,2),(-7.555574192073E-03,-0.),.PIECEWISE_BEZIER_KNOTS.);
#6705 = CARTESIAN_POINT('',(-0.845883592832,-1.087326340474,0.8600001));
#6706 = CARTESIAN_POINT('',(-0.845883592832,-1.094881914666,0.8600001));
#6707 = ORIENTED_EDGE('',*,*,#6708,.F.);
#6708 = EDGE_CURVE('',#6709,#6702,#6711,.T.);
#6709 = VERTEX_POINT('',#6710);
#6710 = CARTESIAN_POINT('',(-0.845883592832,-1.094881914666,0.8700001));
#6711 = B_SPLINE_CURVE_WITH_KNOTS('',1,(#6712,#6713),.UNSPECIFIED.,.F.,
  .F.,(2,2),(-0.,1.E-02),.PIECEWISE_BEZIER_KNOTS.);
#6712 = CARTESIAN_POINT('',(-0.845883592832,-1.094881914666,0.8700001));
#6713 = CARTESIAN_POINT('',(-0.845883592832,-1.094881914666,0.8600001));
#6714 = ORIENTED_EDGE('',*,*,#6715,.F.);
#6715 = EDGE_CURVE('',#6667,#6709,#6716,.T.);
#6716 = B_SPLINE_CURVE_WITH_KNOTS('',1,(#6717,#6718),.UNSPECIFIED.,.F.,
  .F.,(2,2),(-7.555574192073E-03,-0.),.PIECEWISE_BEZIER_KNOTS.);
#6717 = CARTESIAN_POINT('',(-0.845883592832,-1.087326340474,0.8700001));
#6718 = CARTESIAN_POINT('',(-0.845883592832,-1.094881914666,0.8700001));
#6719 = ORIENTED_EDGE('',*,*,#6675,.T.);
#6720 = B_SPLINE_SURFACE_WITH_KNOTS('',1,1,(
    (#6721,#6722)
    ,(#6723,#6724
    )),.UNSPECIFIED.,.F.,.F.,.F.,(2,2),(2,2),(0.,1.E-02),(0.,
    7.555574192073E-03),.PIECEWISE_BEZIER_KNOTS.);
#6721 = CARTESIAN_POINT('',(-0.845883592832,-1.094881914666,0.8700001));
#6722 = CARTESIAN_POINT('',(-0.845883592832,-1.087326340474,0.8700001));
#6723 = CARTESIAN_POINT('',(-0.845883592832,-1.094881914666,0.8600001));
#6724 = CARTESIAN_POINT('',(-0.845883592832,-1.087326340474,0.8600001));
#6725 = ADVANCED_FACE('',(#6726),#6752,.F.);
#6726 = FACE_BOUND('',#6727,.F.);
#6727 = EDGE_LOOP('',(#6728,#6729,#6738,#6745));
#6728 = ORIENTED_EDGE('',*,*,#6708,.F.);
#6729 = ORIENTED_EDGE('',*,*,#6730,.T.);
#6730 = EDGE_CURVE('',#6709,#6731,#6733,.T.);
#6731 = VERTEX_POINT('',#6732);
#6732 = CARTESIAN_POINT('',(-0.840407534473,-1.09557508661,0.8700001));
#6733 = B_SPLINE_CURVE_WITH_KNOTS('',3,(#6734,#6735,#6736,#6737),
  .UNSPECIFIED.,.F.,.F.,(4,4),(2.,3.),.PIECEWISE_BEZIER_KNOTS.);
#6734 = CARTESIAN_POINT('',(-0.845883592832,-1.094881914666,0.8700001));
#6735 = CARTESIAN_POINT('',(-0.844375943854,-1.095332476429,0.8700001));
#6736 = CARTESIAN_POINT('',(-0.842539038202,-1.09557508661,0.8700001));
#6737 = CARTESIAN_POINT('',(-0.840407534473,-1.09557508661,0.8700001));
#6738 = ORIENTED_EDGE('',*,*,#6739,.T.);
#6739 = EDGE_CURVE('',#6731,#6740,#6742,.T.);
#6740 = VERTEX_POINT('',#6741);
#6741 = CARTESIAN_POINT('',(-0.840407534473,-1.09557508661,0.8600001));
#6742 = B_SPLINE_CURVE_WITH_KNOTS('',1,(#6743,#6744),.UNSPECIFIED.,.F.,
  .F.,(2,2),(-0.,1.E-02),.PIECEWISE_BEZIER_KNOTS.);
#6743 = CARTESIAN_POINT('',(-0.840407534473,-1.09557508661,0.8700001));
#6744 = CARTESIAN_POINT('',(-0.840407534473,-1.09557508661,0.8600001));
#6745 = ORIENTED_EDGE('',*,*,#6746,.F.);
#6746 = EDGE_CURVE('',#6702,#6740,#6747,.T.);
#6747 = B_SPLINE_CURVE_WITH_KNOTS('',3,(#6748,#6749,#6750,#6751),
  .UNSPECIFIED.,.F.,.F.,(4,4),(2.,3.),.PIECEWISE_BEZIER_KNOTS.);
#6748 = CARTESIAN_POINT('',(-0.845883592832,-1.094881914666,0.8600001));
#6749 = CARTESIAN_POINT('',(-0.844375943854,-1.095332476429,0.8600001));
#6750 = CARTESIAN_POINT('',(-0.842539038202,-1.09557508661,0.8600001));
#6751 = CARTESIAN_POINT('',(-0.840407534473,-1.09557508661,0.8600001));
#6752 = B_SPLINE_SURFACE_WITH_KNOTS('',3,1,(
    (#6753,#6754)
    ,(#6755,#6756)
    ,(#6757,#6758)
    ,(#6759,#6760
    )),.UNSPECIFIED.,.F.,.F.,.F.,(4,4),(2,2),(2.,3.),(0.,1.),
  .PIECEWISE_BEZIER_KNOTS.);
#6753 = CARTESIAN_POINT('',(-0.845883592832,-1.094881914666,0.8700001));
#6754 = CARTESIAN_POINT('',(-0.845883592832,-1.094881914666,0.8600001));
#6755 = CARTESIAN_POINT('',(-0.844375943854,-1.095332476429,0.8700001));
#6756 = CARTESIAN_POINT('',(-0.844375943854,-1.095332476429,0.8600001));
#6757 = CARTESIAN_POINT('',(-0.842539038202,-1.09557508661,0.8700001));
#6758 = CARTESIAN_POINT('',(-0.842539038202,-1.09557508661,0.8600001));
#6759 = CARTESIAN_POINT('',(-0.840407534473,-1.09557508661,0.8700001));
#6760 = CARTESIAN_POINT('',(-0.840407534473,-1.09557508661,0.8600001));
#6761 = ADVANCED_FACE('',(#6762),#6788,.F.);
#6762 = FACE_BOUND('',#6763,.F.);
#6763 = EDGE_LOOP('',(#6764,#6765,#6774,#6781));
#6764 = ORIENTED_EDGE('',*,*,#6739,.F.);
#6765 = ORIENTED_EDGE('',*,*,#6766,.T.);
#6766 = EDGE_CURVE('',#6731,#6767,#6769,.T.);
#6767 = VERTEX_POINT('',#6768);
#6768 = CARTESIAN_POINT('',(-0.823130223764,-1.080082693656,0.8700001));
#6769 = B_SPLINE_CURVE_WITH_KNOTS('',3,(#6770,#6771,#6772,#6773),
  .UNSPECIFIED.,.F.,.F.,(4,4),(1.,2.),.PIECEWISE_BEZIER_KNOTS.);
#6770 = CARTESIAN_POINT('',(-0.840407534473,-1.09557508661,0.8700001));
#6771 = CARTESIAN_POINT('',(-0.832973265371,-1.09557508661,0.8700001));
#6772 = CARTESIAN_POINT('',(-0.827219938234,-1.090410955625,0.8700001));
#6773 = CARTESIAN_POINT('',(-0.823130223764,-1.080082693656,0.8700001));
#6774 = ORIENTED_EDGE('',*,*,#6775,.T.);
#6775 = EDGE_CURVE('',#6767,#6776,#6778,.T.);
#6776 = VERTEX_POINT('',#6777);
#6777 = CARTESIAN_POINT('',(-0.823130223764,-1.080082693656,0.8600001));
#6778 = B_SPLINE_CURVE_WITH_KNOTS('',1,(#6779,#6780),.UNSPECIFIED.,.F.,
  .F.,(2,2),(-0.,1.E-02),.PIECEWISE_BEZIER_KNOTS.);
#6779 = CARTESIAN_POINT('',(-0.823130223764,-1.080082693656,0.8700001));
#6780 = CARTESIAN_POINT('',(-0.823130223764,-1.080082693656,0.8600001));
#6781 = ORIENTED_EDGE('',*,*,#6782,.F.);
#6782 = EDGE_CURVE('',#6740,#6776,#6783,.T.);
#6783 = B_SPLINE_CURVE_WITH_KNOTS('',3,(#6784,#6785,#6786,#6787),
  .UNSPECIFIED.,.F.,.F.,(4,4),(1.,2.),.PIECEWISE_BEZIER_KNOTS.);
#6784 = CARTESIAN_POINT('',(-0.840407534473,-1.09557508661,0.8600001));
#6785 = CARTESIAN_POINT('',(-0.832973265371,-1.09557508661,0.8600001));
#6786 = CARTESIAN_POINT('',(-0.827219938234,-1.090410955625,0.8600001));
#6787 = CARTESIAN_POINT('',(-0.823130223764,-1.080082693656,0.8600001));
#6788 = B_SPLINE_SURFACE_WITH_KNOTS('',3,1,(
    (#6789,#6790)
    ,(#6791,#6792)
    ,(#6793,#6794)
    ,(#6795,#6796
    )),.UNSPECIFIED.,.F.,.F.,.F.,(4,4),(2,2),(1.,2.),(0.,1.),
  .PIECEWISE_BEZIER_KNOTS.);
#6789 = CARTESIAN_POINT('',(-0.840407534473,-1.09557508661,0.8700001));
#6790 = CARTESIAN_POINT('',(-0.840407534473,-1.09557508661,0.8600001));
#6791 = CARTESIAN_POINT('',(-0.832973265371,-1.09557508661,0.8700001));
#6792 = CARTESIAN_POINT('',(-0.832973265371,-1.09557508661,0.8600001));
#6793 = CARTESIAN_POINT('',(-0.827219938234,-1.090410955625,0.8700001));
#6794 = CARTESIAN_POINT('',(-0.827219938234,-1.090410955625,0.8600001));
#6795 = CARTESIAN_POINT('',(-0.823130223764,-1.080082693656,0.8700001));
#6796 = CARTESIAN_POINT('',(-0.823130223764,-1.080082693656,0.8600001));
#6797 = ADVANCED_FACE('',(#6798),#6812,.F.);
#6798 = FACE_BOUND('',#6799,.T.);
#6799 = EDGE_LOOP('',(#6800,#6805,#6806,#6811));
#6800 = ORIENTED_EDGE('',*,*,#6801,.T.);
#6801 = EDGE_CURVE('',#6776,#6362,#6802,.T.);
#6802 = B_SPLINE_CURVE_WITH_KNOTS('',1,(#6803,#6804),.UNSPECIFIED.,.F.,
  .F.,(2,2),(-5.990646040689E-02,0.),.PIECEWISE_BEZIER_KNOTS.);
#6803 = CARTESIAN_POINT('',(-0.823130223764,-1.080082693656,0.8600001));
#6804 = CARTESIAN_POINT('',(-0.801156673132,-1.024351669342,0.8600001));
#6805 = ORIENTED_EDGE('',*,*,#6384,.F.);
#6806 = ORIENTED_EDGE('',*,*,#6807,.F.);
#6807 = EDGE_CURVE('',#6767,#6378,#6808,.T.);
#6808 = B_SPLINE_CURVE_WITH_KNOTS('',1,(#6809,#6810),.UNSPECIFIED.,.F.,
  .F.,(2,2),(-5.990646040689E-02,0.),.PIECEWISE_BEZIER_KNOTS.);
#6809 = CARTESIAN_POINT('',(-0.823130223764,-1.080082693656,0.8700001));
#6810 = CARTESIAN_POINT('',(-0.801156673132,-1.024351669342,0.8700001));
#6811 = ORIENTED_EDGE('',*,*,#6775,.T.);
#6812 = B_SPLINE_SURFACE_WITH_KNOTS('',1,1,(
    (#6813,#6814)
    ,(#6815,#6816
    )),.UNSPECIFIED.,.F.,.F.,.F.,(2,2),(2,2),(-0.,5.990646040689E-02),(
    -1.E-02,0.),.PIECEWISE_BEZIER_KNOTS.);
#6813 = CARTESIAN_POINT('',(-0.801156673132,-1.024351669342,0.8600001));
#6814 = CARTESIAN_POINT('',(-0.801156673132,-1.024351669342,0.8700001));
#6815 = CARTESIAN_POINT('',(-0.823130223764,-1.080082693656,0.8600001));
#6816 = CARTESIAN_POINT('',(-0.823130223764,-1.080082693656,0.8700001));
#6817 = ADVANCED_FACE('',(#6818),#6835,.T.);
#6818 = FACE_BOUND('',#6819,.T.);
#6819 = EDGE_LOOP('',(#6820,#6821,#6822,#6823,#6824,#6825,#6826,#6827,
    #6828,#6829,#6830,#6831,#6832,#6833,#6834));
#6820 = ORIENTED_EDGE('',*,*,#6377,.T.);
#6821 = ORIENTED_EDGE('',*,*,#6411,.T.);
#6822 = ORIENTED_EDGE('',*,*,#6426,.T.);
#6823 = ORIENTED_EDGE('',*,*,#6475,.T.);
#6824 = ORIENTED_EDGE('',*,*,#6503,.T.);
#6825 = ORIENTED_EDGE('',*,*,#6531,.T.);
#6826 = ORIENTED_EDGE('',*,*,#6559,.T.);
#6827 = ORIENTED_EDGE('',*,*,#6587,.T.);
#6828 = ORIENTED_EDGE('',*,*,#6615,.T.);
#6829 = ORIENTED_EDGE('',*,*,#6630,.T.);
#6830 = ORIENTED_EDGE('',*,*,#6666,.T.);
#6831 = ORIENTED_EDGE('',*,*,#6715,.T.);
#6832 = ORIENTED_EDGE('',*,*,#6730,.T.);
#6833 = ORIENTED_EDGE('',*,*,#6766,.T.);
#6834 = ORIENTED_EDGE('',*,*,#6807,.T.);
#6835 = B_SPLINE_SURFACE_WITH_KNOTS('',1,1,(
    (#6836,#6837)
    ,(#6838,#6839
    )),.UNSPECIFIED.,.F.,.F.,.F.,(2,2),(2,2),(-1.711918085971E-02,
    2.93579979996E-02),(-3.873098238372E-03,6.73503190295E-02),
  .PIECEWISE_BEZIER_KNOTS.);
#6836 = CARTESIAN_POINT('',(-0.847633851991,-1.09557508661,0.8700001));
#6837 = CARTESIAN_POINT('',(-0.847633851991,-1.024351669342,0.8700001));
#6838 = CARTESIAN_POINT('',(-0.801156673132,-1.09557508661,0.8700001));
#6839 = CARTESIAN_POINT('',(-0.801156673132,-1.024351669342,0.8700001));
#6840 = ADVANCED_FACE('',(#6841),#6858,.F.);
#6841 = FACE_BOUND('',#6842,.T.);
#6842 = EDGE_LOOP('',(#6843,#6844,#6845,#6846,#6847,#6848,#6849,#6850,
    #6851,#6852,#6853,#6854,#6855,#6856,#6857));
#6843 = ORIENTED_EDGE('',*,*,#6361,.F.);
#6844 = ORIENTED_EDGE('',*,*,#6801,.F.);
#6845 = ORIENTED_EDGE('',*,*,#6782,.F.);
#6846 = ORIENTED_EDGE('',*,*,#6746,.F.);
#6847 = ORIENTED_EDGE('',*,*,#6701,.F.);
#6848 = ORIENTED_EDGE('',*,*,#6682,.F.);
#6849 = ORIENTED_EDGE('',*,*,#6646,.F.);
#6850 = ORIENTED_EDGE('',*,*,#6601,.F.);
#6851 = ORIENTED_EDGE('',*,*,#6573,.F.);
#6852 = ORIENTED_EDGE('',*,*,#6545,.F.);
#6853 = ORIENTED_EDGE('',*,*,#6517,.F.);
#6854 = ORIENTED_EDGE('',*,*,#6489,.F.);
#6855 = ORIENTED_EDGE('',*,*,#6461,.F.);
#6856 = ORIENTED_EDGE('',*,*,#6442,.F.);
#6857 = ORIENTED_EDGE('',*,*,#6397,.F.);
#6858 = B_SPLINE_SURFACE_WITH_KNOTS('',1,1,(
    (#6859,#6860)
    ,(#6861,#6862
    )),.UNSPECIFIED.,.F.,.F.,.F.,(2,2),(2,2),(-1.711918085971E-02,
    2.93579979996E-02),(-3.873098238372E-03,6.73503190295E-02),
  .PIECEWISE_BEZIER_KNOTS.);
#6859 = CARTESIAN_POINT('',(-0.847633851991,-1.09557508661,0.8600001));
#6860 = CARTESIAN_POINT('',(-0.847633851991,-1.024351669342,0.8600001));
#6861 = CARTESIAN_POINT('',(-0.801156673132,-1.09557508661,0.8600001));
#6862 = CARTESIAN_POINT('',(-0.801156673132,-1.024351669342,0.8600001));
#6863 = MANIFOLD_SOLID_BREP('',#6864);
#6864 = CLOSED_SHELL('',(#6865,#6901,#6929,#6957,#6985,#7013,#7041,#7069
    ,#7097,#7125,#7153,#7181,#7201,#7221));
#6865 = ADVANCED_FACE('',(#6866),#6896,.F.);
#6866 = FACE_BOUND('',#6867,.T.);
#6867 = EDGE_LOOP('',(#6868,#6877,#6884,#6891));
#6868 = ORIENTED_EDGE('',*,*,#6869,.T.);
#6869 = EDGE_CURVE('',#6870,#6872,#6874,.T.);
#6870 = VERTEX_POINT('',#6871);
#6871 = CARTESIAN_POINT('',(-0.755545959203,-1.072769729645,0.8600001));
#6872 = VERTEX_POINT('',#6873);
#6873 = CARTESIAN_POINT('',(-0.755545959203,-1.065040862467,0.8600001));
#6874 = B_SPLINE_CURVE_WITH_KNOTS('',1,(#6875,#6876),.UNSPECIFIED.,.F.,
  .F.,(2,2),(-7.728867177929E-03,0.),.PIECEWISE_BEZIER_KNOTS.);
#6875 = CARTESIAN_POINT('',(-0.755545959203,-1.072769729645,0.8600001));
#6876 = CARTESIAN_POINT('',(-0.755545959203,-1.065040862467,0.8600001));
#6877 = ORIENTED_EDGE('',*,*,#6878,.F.);
#6878 = EDGE_CURVE('',#6879,#6872,#6881,.T.);
#6879 = VERTEX_POINT('',#6880);
#6880 = CARTESIAN_POINT('',(-0.755545959203,-1.065040862467,0.8700001));
#6881 = B_SPLINE_CURVE_WITH_KNOTS('',1,(#6882,#6883),.UNSPECIFIED.,.F.,
  .F.,(2,2),(-0.,1.E-02),.PIECEWISE_BEZIER_KNOTS.);
#6882 = CARTESIAN_POINT('',(-0.755545959203,-1.065040862467,0.8700001));
#6883 = CARTESIAN_POINT('',(-0.755545959203,-1.065040862467,0.8600001));
#6884 = ORIENTED_EDGE('',*,*,#6885,.F.);
#6885 = EDGE_CURVE('',#6886,#6879,#6888,.T.);
#6886 = VERTEX_POINT('',#6887);
#6887 = CARTESIAN_POINT('',(-0.755545959203,-1.072769729645,0.8700001));
#6888 = B_SPLINE_CURVE_WITH_KNOTS('',1,(#6889,#6890),.UNSPECIFIED.,.F.,
  .F.,(2,2),(-7.728867177929E-03,0.),.PIECEWISE_BEZIER_KNOTS.);
#6889 = CARTESIAN_POINT('',(-0.755545959203,-1.072769729645,0.8700001));
#6890 = CARTESIAN_POINT('',(-0.755545959203,-1.065040862467,0.8700001));
#6891 = ORIENTED_EDGE('',*,*,#6892,.T.);
#6892 = EDGE_CURVE('',#6886,#6870,#6893,.T.);
#6893 = B_SPLINE_CURVE_WITH_KNOTS('',1,(#6894,#6895),.UNSPECIFIED.,.F.,
  .F.,(2,2),(-0.,1.E-02),.PIECEWISE_BEZIER_KNOTS.);
#6894 = CARTESIAN_POINT('',(-0.755545959203,-1.072769729645,0.8700001));
#6895 = CARTESIAN_POINT('',(-0.755545959203,-1.072769729645,0.8600001));
#6896 = B_SPLINE_SURFACE_WITH_KNOTS('',1,1,(
    (#6897,#6898)
    ,(#6899,#6900)),.UNSPECIFIED.,.F.,.F.,.F.,(2,2),(2,2),(-1.E-02,0.),(
    -7.728867177929E-03,0.),.PIECEWISE_BEZIER_KNOTS.);
#6897 = CARTESIAN_POINT('',(-0.755545959203,-1.072769729645,0.8600001));
#6898 = CARTESIAN_POINT('',(-0.755545959203,-1.065040862467,0.8600001));
#6899 = CARTESIAN_POINT('',(-0.755545959203,-1.072769729645,0.8700001));
#6900 = CARTESIAN_POINT('',(-0.755545959203,-1.065040862467,0.8700001));
#6901 = ADVANCED_FACE('',(#6902),#6924,.F.);
#6902 = FACE_BOUND('',#6903,.T.);
#6903 = EDGE_LOOP('',(#6904,#6911,#6918,#6923));
#6904 = ORIENTED_EDGE('',*,*,#6905,.T.);
#6905 = EDGE_CURVE('',#6872,#6906,#6908,.T.);
#6906 = VERTEX_POINT('',#6907);
#6907 = CARTESIAN_POINT('',(-0.783255507672,-1.065040862467,0.8600001));
#6908 = B_SPLINE_CURVE_WITH_KNOTS('',1,(#6909,#6910),.UNSPECIFIED.,.F.,
  .F.,(2,2),(-2.770954846969E-02,-0.),.PIECEWISE_BEZIER_KNOTS.);
#6909 = CARTESIAN_POINT('',(-0.755545959203,-1.065040862467,0.8600001));
#6910 = CARTESIAN_POINT('',(-0.783255507672,-1.065040862467,0.8600001));
#6911 = ORIENTED_EDGE('',*,*,#6912,.F.);
#6912 = EDGE_CURVE('',#6913,#6906,#6915,.T.);
#6913 = VERTEX_POINT('',#6914);
#6914 = CARTESIAN_POINT('',(-0.783255507672,-1.065040862467,0.8700001));
#6915 = B_SPLINE_CURVE_WITH_KNOTS('',1,(#6916,#6917),.UNSPECIFIED.,.F.,
  .F.,(2,2),(-0.,1.E-02),.PIECEWISE_BEZIER_KNOTS.);
#6916 = CARTESIAN_POINT('',(-0.783255507672,-1.065040862467,0.8700001));
#6917 = CARTESIAN_POINT('',(-0.783255507672,-1.065040862467,0.8600001));
#6918 = ORIENTED_EDGE('',*,*,#6919,.F.);
#6919 = EDGE_CURVE('',#6879,#6913,#6920,.T.);
#6920 = B_SPLINE_CURVE_WITH_KNOTS('',1,(#6921,#6922),.UNSPECIFIED.,.F.,
  .F.,(2,2),(-2.770954846969E-02,-0.),.PIECEWISE_BEZIER_KNOTS.);
#6921 = CARTESIAN_POINT('',(-0.755545959203,-1.065040862467,0.8700001));
#6922 = CARTESIAN_POINT('',(-0.783255507672,-1.065040862467,0.8700001));
#6923 = ORIENTED_EDGE('',*,*,#6878,.T.);
#6924 = B_SPLINE_SURFACE_WITH_KNOTS('',1,1,(
    (#6925,#6926)
    ,(#6927,#6928
    )),.UNSPECIFIED.,.F.,.F.,.F.,(2,2),(2,2),(0.,1.E-02),(0.,
    2.770954846969E-02),.PIECEWISE_BEZIER_KNOTS.);
#6925 = CARTESIAN_POINT('',(-0.783255507672,-1.065040862467,0.8700001));
#6926 = CARTESIAN_POINT('',(-0.755545959203,-1.065040862467,0.8700001));
#6927 = CARTESIAN_POINT('',(-0.783255507672,-1.065040862467,0.8600001));
#6928 = CARTESIAN_POINT('',(-0.755545959203,-1.065040862467,0.8600001));
#6929 = ADVANCED_FACE('',(#6930),#6952,.F.);
#6930 = FACE_BOUND('',#6931,.T.);
#6931 = EDGE_LOOP('',(#6932,#6939,#6946,#6951));
#6932 = ORIENTED_EDGE('',*,*,#6933,.T.);
#6933 = EDGE_CURVE('',#6906,#6934,#6936,.T.);
#6934 = VERTEX_POINT('',#6935);
#6935 = CARTESIAN_POINT('',(-0.783255507672,-1.042235505503,0.8600001));
#6936 = B_SPLINE_CURVE_WITH_KNOTS('',1,(#6937,#6938),.UNSPECIFIED.,.F.,
  .F.,(2,2),(-2.280535696444E-02,0.),.PIECEWISE_BEZIER_KNOTS.);
#6937 = CARTESIAN_POINT('',(-0.783255507672,-1.065040862467,0.8600001));
#6938 = CARTESIAN_POINT('',(-0.783255507672,-1.042235505503,0.8600001));
#6939 = ORIENTED_EDGE('',*,*,#6940,.F.);
#6940 = EDGE_CURVE('',#6941,#6934,#6943,.T.);
#6941 = VERTEX_POINT('',#6942);
#6942 = CARTESIAN_POINT('',(-0.783255507672,-1.042235505503,0.8700001));
#6943 = B_SPLINE_CURVE_WITH_KNOTS('',1,(#6944,#6945),.UNSPECIFIED.,.F.,
  .F.,(2,2),(-0.,1.E-02),.PIECEWISE_BEZIER_KNOTS.);
#6944 = CARTESIAN_POINT('',(-0.783255507672,-1.042235505503,0.8700001));
#6945 = CARTESIAN_POINT('',(-0.783255507672,-1.042235505503,0.8600001));
#6946 = ORIENTED_EDGE('',*,*,#6947,.F.);
#6947 = EDGE_CURVE('',#6913,#6941,#6948,.T.);
#6948 = B_SPLINE_CURVE_WITH_KNOTS('',1,(#6949,#6950),.UNSPECIFIED.,.F.,
  .F.,(2,2),(-2.280535696444E-02,0.),.PIECEWISE_BEZIER_KNOTS.);
#6949 = CARTESIAN_POINT('',(-0.783255507672,-1.065040862467,0.8700001));
#6950 = CARTESIAN_POINT('',(-0.783255507672,-1.042235505503,0.8700001));
#6951 = ORIENTED_EDGE('',*,*,#6912,.T.);
#6952 = B_SPLINE_SURFACE_WITH_KNOTS('',1,1,(
    (#6953,#6954)
    ,(#6955,#6956)),.UNSPECIFIED.,.F.,.F.,.F.,(2,2),(2,2),(-1.E-02,0.),(
    -2.280535696444E-02,0.),.PIECEWISE_BEZIER_KNOTS.);
#6953 = CARTESIAN_POINT('',(-0.783255507672,-1.065040862467,0.8600001));
#6954 = CARTESIAN_POINT('',(-0.783255507672,-1.042235505503,0.8600001));
#6955 = CARTESIAN_POINT('',(-0.783255507672,-1.065040862467,0.8700001));
#6956 = CARTESIAN_POINT('',(-0.783255507672,-1.042235505503,0.8700001));
#6957 = ADVANCED_FACE('',(#6958),#6980,.F.);
#6958 = FACE_BOUND('',#6959,.T.);
#6959 = EDGE_LOOP('',(#6960,#6967,#6974,#6979));
#6960 = ORIENTED_EDGE('',*,*,#6961,.T.);
#6961 = EDGE_CURVE('',#6934,#6962,#6964,.T.);
#6962 = VERTEX_POINT('',#6963);
#6963 = CARTESIAN_POINT('',(-0.759011818924,-1.042235505503,0.8600001));
#6964 = B_SPLINE_CURVE_WITH_KNOTS('',1,(#6965,#6966),.UNSPECIFIED.,.F.,
  .F.,(2,2),(-2.424368874843E-02,0.),.PIECEWISE_BEZIER_KNOTS.);
#6965 = CARTESIAN_POINT('',(-0.783255507672,-1.042235505503,0.8600001));
#6966 = CARTESIAN_POINT('',(-0.759011818924,-1.042235505503,0.8600001));
#6967 = ORIENTED_EDGE('',*,*,#6968,.F.);
#6968 = EDGE_CURVE('',#6969,#6962,#6971,.T.);
#6969 = VERTEX_POINT('',#6970);
#6970 = CARTESIAN_POINT('',(-0.759011818924,-1.042235505503,0.8700001));
#6971 = B_SPLINE_CURVE_WITH_KNOTS('',1,(#6972,#6973),.UNSPECIFIED.,.F.,
  .F.,(2,2),(-0.,1.E-02),.PIECEWISE_BEZIER_KNOTS.);
#6972 = CARTESIAN_POINT('',(-0.759011818924,-1.042235505503,0.8700001));
#6973 = CARTESIAN_POINT('',(-0.759011818924,-1.042235505503,0.8600001));
#6974 = ORIENTED_EDGE('',*,*,#6975,.F.);
#6975 = EDGE_CURVE('',#6941,#6969,#6976,.T.);
#6976 = B_SPLINE_CURVE_WITH_KNOTS('',1,(#6977,#6978),.UNSPECIFIED.,.F.,
  .F.,(2,2),(-2.424368874843E-02,0.),.PIECEWISE_BEZIER_KNOTS.);
#6977 = CARTESIAN_POINT('',(-0.783255507672,-1.042235505503,0.8700001));
#6978 = CARTESIAN_POINT('',(-0.759011818924,-1.042235505503,0.8700001));
#6979 = ORIENTED_EDGE('',*,*,#6940,.T.);
#6980 = B_SPLINE_SURFACE_WITH_KNOTS('',1,1,(
    (#6981,#6982)
    ,(#6983,#6984)),.UNSPECIFIED.,.F.,.F.,.F.,(2,2),(2,2),(-1.E-02,0.),(
    -2.424368874843E-02,0.),.PIECEWISE_BEZIER_KNOTS.);
#6981 = CARTESIAN_POINT('',(-0.783255507672,-1.042235505503,0.8600001));
#6982 = CARTESIAN_POINT('',(-0.759011818924,-1.042235505503,0.8600001));
#6983 = CARTESIAN_POINT('',(-0.783255507672,-1.042235505503,0.8700001));
#6984 = CARTESIAN_POINT('',(-0.759011818924,-1.042235505503,0.8700001));
#6985 = ADVANCED_FACE('',(#6986),#7008,.F.);
#6986 = FACE_BOUND('',#6987,.T.);
#6987 = EDGE_LOOP('',(#6988,#6995,#7002,#7007));
#6988 = ORIENTED_EDGE('',*,*,#6989,.T.);
#6989 = EDGE_CURVE('',#6962,#6990,#6992,.T.);
#6990 = VERTEX_POINT('',#6991);
#6991 = CARTESIAN_POINT('',(-0.759011818924,-1.034471979728,0.8600001));
#6992 = B_SPLINE_CURVE_WITH_KNOTS('',1,(#6993,#6994),.UNSPECIFIED.,.F.,
  .F.,(2,2),(-7.763525775099E-03,0.),.PIECEWISE_BEZIER_KNOTS.);
#6993 = CARTESIAN_POINT('',(-0.759011818924,-1.042235505503,0.8600001));
#6994 = CARTESIAN_POINT('',(-0.759011818924,-1.034471979728,0.8600001));
#6995 = ORIENTED_EDGE('',*,*,#6996,.F.);
#6996 = EDGE_CURVE('',#6997,#6990,#6999,.T.);
#6997 = VERTEX_POINT('',#6998);
#6998 = CARTESIAN_POINT('',(-0.759011818924,-1.034471979728,0.8700001));
#6999 = B_SPLINE_CURVE_WITH_KNOTS('',1,(#7000,#7001),.UNSPECIFIED.,.F.,
  .F.,(2,2),(-0.,1.E-02),.PIECEWISE_BEZIER_KNOTS.);
#7000 = CARTESIAN_POINT('',(-0.759011818924,-1.034471979728,0.8700001));
#7001 = CARTESIAN_POINT('',(-0.759011818924,-1.034471979728,0.8600001));
#7002 = ORIENTED_EDGE('',*,*,#7003,.F.);
#7003 = EDGE_CURVE('',#6969,#6997,#7004,.T.);
#7004 = B_SPLINE_CURVE_WITH_KNOTS('',1,(#7005,#7006),.UNSPECIFIED.,.F.,
  .F.,(2,2),(-7.763525775099E-03,0.),.PIECEWISE_BEZIER_KNOTS.);
#7005 = CARTESIAN_POINT('',(-0.759011818924,-1.042235505503,0.8700001));
#7006 = CARTESIAN_POINT('',(-0.759011818924,-1.034471979728,0.8700001));
#7007 = ORIENTED_EDGE('',*,*,#6968,.T.);
#7008 = B_SPLINE_SURFACE_WITH_KNOTS('',1,1,(
    (#7009,#7010)
    ,(#7011,#7012)),.UNSPECIFIED.,.F.,.F.,.F.,(2,2),(2,2),(-1.E-02,0.),(
    -7.763525775099E-03,0.),.PIECEWISE_BEZIER_KNOTS.);
#7009 = CARTESIAN_POINT('',(-0.759011818924,-1.042235505503,0.8600001));
#7010 = CARTESIAN_POINT('',(-0.759011818924,-1.034471979728,0.8600001));
#7011 = CARTESIAN_POINT('',(-0.759011818924,-1.042235505503,0.8700001));
#7012 = CARTESIAN_POINT('',(-0.759011818924,-1.034471979728,0.8700001));
#7013 = ADVANCED_FACE('',(#7014),#7036,.F.);
#7014 = FACE_BOUND('',#7015,.T.);
#7015 = EDGE_LOOP('',(#7016,#7023,#7030,#7035));
#7016 = ORIENTED_EDGE('',*,*,#7017,.T.);
#7017 = EDGE_CURVE('',#6990,#7018,#7020,.T.);
#7018 = VERTEX_POINT('',#7019);
#7019 = CARTESIAN_POINT('',(-0.783255507672,-1.034471979728,0.8600001));
#7020 = B_SPLINE_CURVE_WITH_KNOTS('',1,(#7021,#7022),.UNSPECIFIED.,.F.,
  .F.,(2,2),(-2.424368874843E-02,-0.),.PIECEWISE_BEZIER_KNOTS.);
#7021 = CARTESIAN_POINT('',(-0.759011818924,-1.034471979728,0.8600001));
#7022 = CARTESIAN_POINT('',(-0.783255507672,-1.034471979728,0.8600001));
#7023 = ORIENTED_EDGE('',*,*,#7024,.F.);
#7024 = EDGE_CURVE('',#7025,#7018,#7027,.T.);
#7025 = VERTEX_POINT('',#7026);
#7026 = CARTESIAN_POINT('',(-0.783255507672,-1.034471979728,0.8700001));
#7027 = B_SPLINE_CURVE_WITH_KNOTS('',1,(#7028,#7029),.UNSPECIFIED.,.F.,
  .F.,(2,2),(-0.,1.E-02),.PIECEWISE_BEZIER_KNOTS.);
#7028 = CARTESIAN_POINT('',(-0.783255507672,-1.034471979728,0.8700001));
#7029 = CARTESIAN_POINT('',(-0.783255507672,-1.034471979728,0.8600001));
#7030 = ORIENTED_EDGE('',*,*,#7031,.F.);
#7031 = EDGE_CURVE('',#6997,#7025,#7032,.T.);
#7032 = B_SPLINE_CURVE_WITH_KNOTS('',1,(#7033,#7034),.UNSPECIFIED.,.F.,
  .F.,(2,2),(-2.424368874843E-02,-0.),.PIECEWISE_BEZIER_KNOTS.);
#7033 = CARTESIAN_POINT('',(-0.759011818924,-1.034471979728,0.8700001));
#7034 = CARTESIAN_POINT('',(-0.783255507672,-1.034471979728,0.8700001));
#7035 = ORIENTED_EDGE('',*,*,#6996,.T.);
#7036 = B_SPLINE_SURFACE_WITH_KNOTS('',1,1,(
    (#7037,#7038)
    ,(#7039,#7040
    )),.UNSPECIFIED.,.F.,.F.,.F.,(2,2),(2,2),(0.,1.E-02),(0.,
    2.424368874843E-02),.PIECEWISE_BEZIER_KNOTS.);
#7037 = CARTESIAN_POINT('',(-0.783255507672,-1.034471979728,0.8700001));
#7038 = CARTESIAN_POINT('',(-0.759011818924,-1.034471979728,0.8700001));
#7039 = CARTESIAN_POINT('',(-0.783255507672,-1.034471979728,0.8600001));
#7040 = CARTESIAN_POINT('',(-0.759011818924,-1.034471979728,0.8600001));
#7041 = ADVANCED_FACE('',(#7042),#7064,.F.);
#7042 = FACE_BOUND('',#7043,.T.);
#7043 = EDGE_LOOP('',(#7044,#7051,#7058,#7063));
#7044 = ORIENTED_EDGE('',*,*,#7045,.T.);
#7045 = EDGE_CURVE('',#7018,#7046,#7048,.T.);
#7046 = VERTEX_POINT('',#7047);
#7047 = CARTESIAN_POINT('',(-0.783255507672,-1.012775697874,0.8600001));
#7048 = B_SPLINE_CURVE_WITH_KNOTS('',1,(#7049,#7050),.UNSPECIFIED.,.F.,
  .F.,(2,2),(-2.169628185404E-02,0.),.PIECEWISE_BEZIER_KNOTS.);
#7049 = CARTESIAN_POINT('',(-0.783255507672,-1.034471979728,0.8600001));
#7050 = CARTESIAN_POINT('',(-0.783255507672,-1.012775697874,0.8600001));
#7051 = ORIENTED_EDGE('',*,*,#7052,.F.);
#7052 = EDGE_CURVE('',#7053,#7046,#7055,.T.);
#7053 = VERTEX_POINT('',#7054);
#7054 = CARTESIAN_POINT('',(-0.783255507672,-1.012775697874,0.8700001));
#7055 = B_SPLINE_CURVE_WITH_KNOTS('',1,(#7056,#7057),.UNSPECIFIED.,.F.,
  .F.,(2,2),(-0.,1.E-02),.PIECEWISE_BEZIER_KNOTS.);
#7056 = CARTESIAN_POINT('',(-0.783255507672,-1.012775697874,0.8700001));
#7057 = CARTESIAN_POINT('',(-0.783255507672,-1.012775697874,0.8600001));
#7058 = ORIENTED_EDGE('',*,*,#7059,.F.);
#7059 = EDGE_CURVE('',#7025,#7053,#7060,.T.);
#7060 = B_SPLINE_CURVE_WITH_KNOTS('',1,(#7061,#7062),.UNSPECIFIED.,.F.,
  .F.,(2,2),(-2.169628185404E-02,0.),.PIECEWISE_BEZIER_KNOTS.);
#7061 = CARTESIAN_POINT('',(-0.783255507672,-1.034471979728,0.8700001));
#7062 = CARTESIAN_POINT('',(-0.783255507672,-1.012775697874,0.8700001));
#7063 = ORIENTED_EDGE('',*,*,#7024,.T.);
#7064 = B_SPLINE_SURFACE_WITH_KNOTS('',1,1,(
    (#7065,#7066)
    ,(#7067,#7068)),.UNSPECIFIED.,.F.,.F.,.F.,(2,2),(2,2),(-1.E-02,0.),(
    -2.169628185404E-02,0.),.PIECEWISE_BEZIER_KNOTS.);
#7065 = CARTESIAN_POINT('',(-0.783255507672,-1.034471979728,0.8600001));
#7066 = CARTESIAN_POINT('',(-0.783255507672,-1.012775697874,0.8600001));
#7067 = CARTESIAN_POINT('',(-0.783255507672,-1.034471979728,0.8700001));
#7068 = CARTESIAN_POINT('',(-0.783255507672,-1.012775697874,0.8700001));
#7069 = ADVANCED_FACE('',(#7070),#7092,.F.);
#7070 = FACE_BOUND('',#7071,.T.);
#7071 = EDGE_LOOP('',(#7072,#7079,#7086,#7091));
#7072 = ORIENTED_EDGE('',*,*,#7073,.T.);
#7073 = EDGE_CURVE('',#7046,#7074,#7076,.T.);
#7074 = VERTEX_POINT('',#7075);
#7075 = CARTESIAN_POINT('',(-0.757088266779,-1.012775697874,0.8600001));
#7076 = B_SPLINE_CURVE_WITH_KNOTS('',1,(#7077,#7078),.UNSPECIFIED.,.F.,
  .F.,(2,2),(-2.616724089373E-02,0.),.PIECEWISE_BEZIER_KNOTS.);
#7077 = CARTESIAN_POINT('',(-0.783255507672,-1.012775697874,0.8600001));
#7078 = CARTESIAN_POINT('',(-0.757088266779,-1.012775697874,0.8600001));
#7079 = ORIENTED_EDGE('',*,*,#7080,.F.);
#7080 = EDGE_CURVE('',#7081,#7074,#7083,.T.);
#7081 = VERTEX_POINT('',#7082);
#7082 = CARTESIAN_POINT('',(-0.757088266779,-1.012775697874,0.8700001));
#7083 = B_SPLINE_CURVE_WITH_KNOTS('',1,(#7084,#7085),.UNSPECIFIED.,.F.,
  .F.,(2,2),(-0.,1.E-02),.PIECEWISE_BEZIER_KNOTS.);
#7084 = CARTESIAN_POINT('',(-0.757088266779,-1.012775697874,0.8700001));
#7085 = CARTESIAN_POINT('',(-0.757088266779,-1.012775697874,0.8600001));
#7086 = ORIENTED_EDGE('',*,*,#7087,.F.);
#7087 = EDGE_CURVE('',#7053,#7081,#7088,.T.);
#7088 = B_SPLINE_CURVE_WITH_KNOTS('',1,(#7089,#7090),.UNSPECIFIED.,.F.,
  .F.,(2,2),(-2.616724089373E-02,0.),.PIECEWISE_BEZIER_KNOTS.);
#7089 = CARTESIAN_POINT('',(-0.783255507672,-1.012775697874,0.8700001));
#7090 = CARTESIAN_POINT('',(-0.757088266779,-1.012775697874,0.8700001));
#7091 = ORIENTED_EDGE('',*,*,#7052,.T.);
#7092 = B_SPLINE_SURFACE_WITH_KNOTS('',1,1,(
    (#7093,#7094)
    ,(#7095,#7096)),.UNSPECIFIED.,.F.,.F.,.F.,(2,2),(2,2),(-1.E-02,0.),(
    -2.616724089373E-02,0.),.PIECEWISE_BEZIER_KNOTS.);
#7093 = CARTESIAN_POINT('',(-0.783255507672,-1.012775697874,0.8600001));
#7094 = CARTESIAN_POINT('',(-0.757088266779,-1.012775697874,0.8600001));
#7095 = CARTESIAN_POINT('',(-0.783255507672,-1.012775697874,0.8700001));
#7096 = CARTESIAN_POINT('',(-0.757088266779,-1.012775697874,0.8700001));
#7097 = ADVANCED_FACE('',(#7098),#7120,.F.);
#7098 = FACE_BOUND('',#7099,.T.);
#7099 = EDGE_LOOP('',(#7100,#7107,#7114,#7119));
#7100 = ORIENTED_EDGE('',*,*,#7101,.T.);
#7101 = EDGE_CURVE('',#7074,#7102,#7104,.T.);
#7102 = VERTEX_POINT('',#7103);
#7103 = CARTESIAN_POINT('',(-0.757088266779,-1.004977513501,0.8600001));
#7104 = B_SPLINE_CURVE_WITH_KNOTS('',1,(#7105,#7106),.UNSPECIFIED.,.F.,
  .F.,(2,2),(-7.79818437227E-03,0.),.PIECEWISE_BEZIER_KNOTS.);
#7105 = CARTESIAN_POINT('',(-0.757088266779,-1.012775697874,0.8600001));
#7106 = CARTESIAN_POINT('',(-0.757088266779,-1.004977513501,0.8600001));
#7107 = ORIENTED_EDGE('',*,*,#7108,.F.);
#7108 = EDGE_CURVE('',#7109,#7102,#7111,.T.);
#7109 = VERTEX_POINT('',#7110);
#7110 = CARTESIAN_POINT('',(-0.757088266779,-1.004977513501,0.8700001));
#7111 = B_SPLINE_CURVE_WITH_KNOTS('',1,(#7112,#7113),.UNSPECIFIED.,.F.,
  .F.,(2,2),(-0.,1.E-02),.PIECEWISE_BEZIER_KNOTS.);
#7112 = CARTESIAN_POINT('',(-0.757088266779,-1.004977513501,0.8700001));
#7113 = CARTESIAN_POINT('',(-0.757088266779,-1.004977513501,0.8600001));
#7114 = ORIENTED_EDGE('',*,*,#7115,.F.);
#7115 = EDGE_CURVE('',#7081,#7109,#7116,.T.);
#7116 = B_SPLINE_CURVE_WITH_KNOTS('',1,(#7117,#7118),.UNSPECIFIED.,.F.,
  .F.,(2,2),(-7.79818437227E-03,0.),.PIECEWISE_BEZIER_KNOTS.);
#7117 = CARTESIAN_POINT('',(-0.757088266779,-1.012775697874,0.8700001));
#7118 = CARTESIAN_POINT('',(-0.757088266779,-1.004977513501,0.8700001));
#7119 = ORIENTED_EDGE('',*,*,#7080,.T.);
#7120 = B_SPLINE_SURFACE_WITH_KNOTS('',1,1,(
    (#7121,#7122)
    ,(#7123,#7124)),.UNSPECIFIED.,.F.,.F.,.F.,(2,2),(2,2),(-1.E-02,0.),(
    -7.79818437227E-03,0.),.PIECEWISE_BEZIER_KNOTS.);
#7121 = CARTESIAN_POINT('',(-0.757088266779,-1.012775697874,0.8600001));
#7122 = CARTESIAN_POINT('',(-0.757088266779,-1.004977513501,0.8600001));
#7123 = CARTESIAN_POINT('',(-0.757088266779,-1.012775697874,0.8700001));
#7124 = CARTESIAN_POINT('',(-0.757088266779,-1.004977513501,0.8700001));
#7125 = ADVANCED_FACE('',(#7126),#7148,.F.);
#7126 = FACE_BOUND('',#7127,.T.);
#7127 = EDGE_LOOP('',(#7128,#7135,#7142,#7147));
#7128 = ORIENTED_EDGE('',*,*,#7129,.T.);
#7129 = EDGE_CURVE('',#7102,#7130,#7132,.T.);
#7130 = VERTEX_POINT('',#7131);
#7131 = CARTESIAN_POINT('',(-0.792006803468,-1.004977513501,0.8600001));
#7132 = B_SPLINE_CURVE_WITH_KNOTS('',1,(#7133,#7134),.UNSPECIFIED.,.F.,
  .F.,(2,2),(-3.491853668959E-02,-0.),.PIECEWISE_BEZIER_KNOTS.);
#7133 = CARTESIAN_POINT('',(-0.757088266779,-1.004977513501,0.8600001));
#7134 = CARTESIAN_POINT('',(-0.792006803468,-1.004977513501,0.8600001));
#7135 = ORIENTED_EDGE('',*,*,#7136,.F.);
#7136 = EDGE_CURVE('',#7137,#7130,#7139,.T.);
#7137 = VERTEX_POINT('',#7138);
#7138 = CARTESIAN_POINT('',(-0.792006803468,-1.004977513501,0.8700001));
#7139 = B_SPLINE_CURVE_WITH_KNOTS('',1,(#7140,#7141),.UNSPECIFIED.,.F.,
  .F.,(2,2),(-0.,1.E-02),.PIECEWISE_BEZIER_KNOTS.);
#7140 = CARTESIAN_POINT('',(-0.792006803468,-1.004977513501,0.8700001));
#7141 = CARTESIAN_POINT('',(-0.792006803468,-1.004977513501,0.8600001));
#7142 = ORIENTED_EDGE('',*,*,#7143,.F.);
#7143 = EDGE_CURVE('',#7109,#7137,#7144,.T.);
#7144 = B_SPLINE_CURVE_WITH_KNOTS('',1,(#7145,#7146),.UNSPECIFIED.,.F.,
  .F.,(2,2),(-3.491853668959E-02,-0.),.PIECEWISE_BEZIER_KNOTS.);
#7145 = CARTESIAN_POINT('',(-0.757088266779,-1.004977513501,0.8700001));
#7146 = CARTESIAN_POINT('',(-0.792006803468,-1.004977513501,0.8700001));
#7147 = ORIENTED_EDGE('',*,*,#7108,.T.);
#7148 = B_SPLINE_SURFACE_WITH_KNOTS('',1,1,(
    (#7149,#7150)
    ,(#7151,#7152
    )),.UNSPECIFIED.,.F.,.F.,.F.,(2,2),(2,2),(0.,1.E-02),(0.,
    3.491853668959E-02),.PIECEWISE_BEZIER_KNOTS.);
#7149 = CARTESIAN_POINT('',(-0.792006803468,-1.004977513501,0.8700001));
#7150 = CARTESIAN_POINT('',(-0.757088266779,-1.004977513501,0.8700001));
#7151 = CARTESIAN_POINT('',(-0.792006803468,-1.004977513501,0.8600001));
#7152 = CARTESIAN_POINT('',(-0.757088266779,-1.004977513501,0.8600001));
#7153 = ADVANCED_FACE('',(#7154),#7176,.F.);
#7154 = FACE_BOUND('',#7155,.T.);
#7155 = EDGE_LOOP('',(#7156,#7163,#7170,#7175));
#7156 = ORIENTED_EDGE('',*,*,#7157,.T.);
#7157 = EDGE_CURVE('',#7130,#7158,#7160,.T.);
#7158 = VERTEX_POINT('',#7159);
#7159 = CARTESIAN_POINT('',(-0.792006803468,-1.072769729645,0.8600001));
#7160 = B_SPLINE_CURVE_WITH_KNOTS('',1,(#7161,#7162),.UNSPECIFIED.,.F.,
  .F.,(2,2),(-6.779221614378E-02,-0.),.PIECEWISE_BEZIER_KNOTS.);
#7161 = CARTESIAN_POINT('',(-0.792006803468,-1.004977513501,0.8600001));
#7162 = CARTESIAN_POINT('',(-0.792006803468,-1.072769729645,0.8600001));
#7163 = ORIENTED_EDGE('',*,*,#7164,.F.);
#7164 = EDGE_CURVE('',#7165,#7158,#7167,.T.);
#7165 = VERTEX_POINT('',#7166);
#7166 = CARTESIAN_POINT('',(-0.792006803468,-1.072769729645,0.8700001));
#7167 = B_SPLINE_CURVE_WITH_KNOTS('',1,(#7168,#7169),.UNSPECIFIED.,.F.,
  .F.,(2,2),(-0.,1.E-02),.PIECEWISE_BEZIER_KNOTS.);
#7168 = CARTESIAN_POINT('',(-0.792006803468,-1.072769729645,0.8700001));
#7169 = CARTESIAN_POINT('',(-0.792006803468,-1.072769729645,0.8600001));
#7170 = ORIENTED_EDGE('',*,*,#7171,.F.);
#7171 = EDGE_CURVE('',#7137,#7165,#7172,.T.);
#7172 = B_SPLINE_CURVE_WITH_KNOTS('',1,(#7173,#7174),.UNSPECIFIED.,.F.,
  .F.,(2,2),(-6.779221614378E-02,-0.),.PIECEWISE_BEZIER_KNOTS.);
#7173 = CARTESIAN_POINT('',(-0.792006803468,-1.004977513501,0.8700001));
#7174 = CARTESIAN_POINT('',(-0.792006803468,-1.072769729645,0.8700001));
#7175 = ORIENTED_EDGE('',*,*,#7136,.T.);
#7176 = B_SPLINE_SURFACE_WITH_KNOTS('',1,1,(
    (#7177,#7178)
    ,(#7179,#7180
    )),.UNSPECIFIED.,.F.,.F.,.F.,(2,2),(2,2),(0.,1.E-02),(0.,
    6.779221614378E-02),.PIECEWISE_BEZIER_KNOTS.);
#7177 = CARTESIAN_POINT('',(-0.792006803468,-1.072769729645,0.8700001));
#7178 = CARTESIAN_POINT('',(-0.792006803468,-1.004977513501,0.8700001));
#7179 = CARTESIAN_POINT('',(-0.792006803468,-1.072769729645,0.8600001));
#7180 = CARTESIAN_POINT('',(-0.792006803468,-1.004977513501,0.8600001));
#7181 = ADVANCED_FACE('',(#7182),#7196,.F.);
#7182 = FACE_BOUND('',#7183,.T.);
#7183 = EDGE_LOOP('',(#7184,#7189,#7190,#7195));
#7184 = ORIENTED_EDGE('',*,*,#7185,.T.);
#7185 = EDGE_CURVE('',#7158,#6870,#7186,.T.);
#7186 = B_SPLINE_CURVE_WITH_KNOTS('',1,(#7187,#7188),.UNSPECIFIED.,.F.,
  .F.,(2,2),(-3.646084426555E-02,0.),.PIECEWISE_BEZIER_KNOTS.);
#7187 = CARTESIAN_POINT('',(-0.792006803468,-1.072769729645,0.8600001));
#7188 = CARTESIAN_POINT('',(-0.755545959203,-1.072769729645,0.8600001));
#7189 = ORIENTED_EDGE('',*,*,#6892,.F.);
#7190 = ORIENTED_EDGE('',*,*,#7191,.F.);
#7191 = EDGE_CURVE('',#7165,#6886,#7192,.T.);
#7192 = B_SPLINE_CURVE_WITH_KNOTS('',1,(#7193,#7194),.UNSPECIFIED.,.F.,
  .F.,(2,2),(-3.646084426555E-02,0.),.PIECEWISE_BEZIER_KNOTS.);
#7193 = CARTESIAN_POINT('',(-0.792006803468,-1.072769729645,0.8700001));
#7194 = CARTESIAN_POINT('',(-0.755545959203,-1.072769729645,0.8700001));
#7195 = ORIENTED_EDGE('',*,*,#7164,.T.);
#7196 = B_SPLINE_SURFACE_WITH_KNOTS('',1,1,(
    (#7197,#7198)
    ,(#7199,#7200)),.UNSPECIFIED.,.F.,.F.,.F.,(2,2),(2,2),(-1.E-02,0.),(
    -3.646084426555E-02,0.),.PIECEWISE_BEZIER_KNOTS.);
#7197 = CARTESIAN_POINT('',(-0.792006803468,-1.072769729645,0.8600001));
#7198 = CARTESIAN_POINT('',(-0.755545959203,-1.072769729645,0.8600001));
#7199 = CARTESIAN_POINT('',(-0.792006803468,-1.072769729645,0.8700001));
#7200 = CARTESIAN_POINT('',(-0.755545959203,-1.072769729645,0.8700001));
#7201 = ADVANCED_FACE('',(#7202),#7216,.F.);
#7202 = FACE_BOUND('',#7203,.T.);
#7203 = EDGE_LOOP('',(#7204,#7205,#7206,#7207,#7208,#7209,#7210,#7211,
    #7212,#7213,#7214,#7215));
#7204 = ORIENTED_EDGE('',*,*,#6885,.T.);
#7205 = ORIENTED_EDGE('',*,*,#6919,.T.);
#7206 = ORIENTED_EDGE('',*,*,#6947,.T.);
#7207 = ORIENTED_EDGE('',*,*,#6975,.T.);
#7208 = ORIENTED_EDGE('',*,*,#7003,.T.);
#7209 = ORIENTED_EDGE('',*,*,#7031,.T.);
#7210 = ORIENTED_EDGE('',*,*,#7059,.T.);
#7211 = ORIENTED_EDGE('',*,*,#7087,.T.);
#7212 = ORIENTED_EDGE('',*,*,#7115,.T.);
#7213 = ORIENTED_EDGE('',*,*,#7143,.T.);
#7214 = ORIENTED_EDGE('',*,*,#7171,.T.);
#7215 = ORIENTED_EDGE('',*,*,#7191,.T.);
#7216 = B_SPLINE_SURFACE_WITH_KNOTS('',1,1,(
    (#7217,#7218)
    ,(#7219,#7220
    )),.UNSPECIFIED.,.F.,.F.,.F.,(2,2),(2,2),(0.755545959203,
    0.792006803468),(-1.072769729645,-1.004977513501),
  .PIECEWISE_BEZIER_KNOTS.);
#7217 = CARTESIAN_POINT('',(-0.755545959203,-1.072769729645,0.8700001));
#7218 = CARTESIAN_POINT('',(-0.755545959203,-1.004977513501,0.8700001));
#7219 = CARTESIAN_POINT('',(-0.792006803468,-1.072769729645,0.8700001));
#7220 = CARTESIAN_POINT('',(-0.792006803468,-1.004977513501,0.8700001));
#7221 = ADVANCED_FACE('',(#7222),#7236,.T.);
#7222 = FACE_BOUND('',#7223,.T.);
#7223 = EDGE_LOOP('',(#7224,#7225,#7226,#7227,#7228,#7229,#7230,#7231,
    #7232,#7233,#7234,#7235));
#7224 = ORIENTED_EDGE('',*,*,#6869,.F.);
#7225 = ORIENTED_EDGE('',*,*,#7185,.F.);
#7226 = ORIENTED_EDGE('',*,*,#7157,.F.);
#7227 = ORIENTED_EDGE('',*,*,#7129,.F.);
#7228 = ORIENTED_EDGE('',*,*,#7101,.F.);
#7229 = ORIENTED_EDGE('',*,*,#7073,.F.);
#7230 = ORIENTED_EDGE('',*,*,#7045,.F.);
#7231 = ORIENTED_EDGE('',*,*,#7017,.F.);
#7232 = ORIENTED_EDGE('',*,*,#6989,.F.);
#7233 = ORIENTED_EDGE('',*,*,#6961,.F.);
#7234 = ORIENTED_EDGE('',*,*,#6933,.F.);
#7235 = ORIENTED_EDGE('',*,*,#6905,.F.);
#7236 = B_SPLINE_SURFACE_WITH_KNOTS('',1,1,(
    (#7237,#7238)
    ,(#7239,#7240
    )),.UNSPECIFIED.,.F.,.F.,.F.,(2,2),(2,2),(0.755545959203,
    0.792006803468),(-1.072769729645,-1.004977513501),
  .PIECEWISE_BEZIER_KNOTS.);
#7237 = CARTESIAN_POINT('',(-0.755545959203,-1.072769729645,0.8600001));
#7238 = CARTESIAN_POINT('',(-0.755545959203,-1.004977513501,0.8600001));
#7239 = CARTESIAN_POINT('',(-0.792006803468,-1.072769729645,0.8600001));
#7240 = CARTESIAN_POINT('',(-0.792006803468,-1.004977513501,0.8600001));
#7241 = MANIFOLD_SOLID_BREP('',#7242);
#7242 = CLOSED_SHELL('',(#7243,#7367,#7491,#7511,#7531,#7551,#7571,#7591
    ,#7607,#7619,#7639,#7655,#7671,#7691,#7711,#7731));
#7243 = ADVANCED_FACE('',(#7244,#7303),#7362,.T.);
#7244 = FACE_BOUND('',#7245,.T.);
#7245 = EDGE_LOOP('',(#7246,#7255,#7264,#7273,#7282,#7291,#7298));
#7246 = ORIENTED_EDGE('',*,*,#7247,.T.);
#7247 = EDGE_CURVE('',#7248,#7250,#7252,.T.);
#7248 = VERTEX_POINT('',#7249);
#7249 = CARTESIAN_POINT('',(-0.742739607533,-1.072769729645,0.8700001));
#7250 = VERTEX_POINT('',#7251);
#7251 = CARTESIAN_POINT('',(-0.724093282234,-1.072769729645,0.8700001));
#7252 = B_SPLINE_CURVE_WITH_KNOTS('',1,(#7253,#7254),.UNSPECIFIED.,.F.,
  .F.,(2,2),(-1.864632529929E-02,0.),.PIECEWISE_BEZIER_KNOTS.);
#7253 = CARTESIAN_POINT('',(-0.742739607533,-1.072769729645,0.8700001));
#7254 = CARTESIAN_POINT('',(-0.724093282234,-1.072769729645,0.8700001));
#7255 = ORIENTED_EDGE('',*,*,#7256,.T.);
#7256 = EDGE_CURVE('',#7250,#7257,#7259,.T.);
#7257 = VERTEX_POINT('',#7258);
#7258 = CARTESIAN_POINT('',(-0.697770077653,-1.06327327401,0.8700001));
#7259 = B_SPLINE_CURVE_WITH_KNOTS('',3,(#7260,#7261,#7262,#7263),
  .UNSPECIFIED.,.F.,.F.,(4,4),(5.,6.),.PIECEWISE_BEZIER_KNOTS.);
#7260 = CARTESIAN_POINT('',(-0.724093282234,-1.072769729645,0.8700001));
#7261 = CARTESIAN_POINT('',(-0.713366446398,-1.072769729645,0.8700001));
#7262 = CARTESIAN_POINT('',(-0.704580492005,-1.069615797299,0.8700001));
#7263 = CARTESIAN_POINT('',(-0.697770077653,-1.06327327401,0.8700001));
#7264 = ORIENTED_EDGE('',*,*,#7265,.T.);
#7265 = EDGE_CURVE('',#7257,#7266,#7268,.T.);
#7266 = VERTEX_POINT('',#7267);
#7267 = CARTESIAN_POINT('',(-0.687545791476,-1.038007156643,0.8700001));
#7268 = B_SPLINE_CURVE_WITH_KNOTS('',3,(#7269,#7270,#7271,#7272),
  .UNSPECIFIED.,.F.,.F.,(4,4),(4.,5.),.PIECEWISE_BEZIER_KNOTS.);
#7269 = CARTESIAN_POINT('',(-0.697770077653,-1.06327327401,0.8700001));
#7270 = CARTESIAN_POINT('',(-0.690959663301,-1.05693075072,0.8700001));
#7271 = CARTESIAN_POINT('',(-0.687545791476,-1.048508711598,0.8700001));
#7272 = CARTESIAN_POINT('',(-0.687545791476,-1.038007156643,0.8700001));
#7273 = ORIENTED_EDGE('',*,*,#7274,.T.);
#7274 = EDGE_CURVE('',#7266,#7275,#7277,.T.);
#7275 = VERTEX_POINT('',#7276);
#7276 = CARTESIAN_POINT('',(-0.697770077653,-1.013954090179,0.8700001));
#7277 = B_SPLINE_CURVE_WITH_KNOTS('',3,(#7278,#7279,#7280,#7281),
  .UNSPECIFIED.,.F.,.F.,(4,4),(3.,4.),.PIECEWISE_BEZIER_KNOTS.);
#7278 = CARTESIAN_POINT('',(-0.687545791476,-1.038007156643,0.8700001));
#7279 = CARTESIAN_POINT('',(-0.687545791476,-1.027956163452,0.8700001));
#7280 = CARTESIAN_POINT('',(-0.690959663301,-1.019950027496,0.8700001));
#7281 = CARTESIAN_POINT('',(-0.697770077653,-1.013954090179,0.8700001));
#7282 = ORIENTED_EDGE('',*,*,#7283,.T.);
#7283 = EDGE_CURVE('',#7275,#7284,#7286,.T.);
#7284 = VERTEX_POINT('',#7285);
#7285 = CARTESIAN_POINT('',(-0.72340011029,-1.004977513501,0.8700001));
#7286 = B_SPLINE_CURVE_WITH_KNOTS('',3,(#7287,#7288,#7289,#7290),
  .UNSPECIFIED.,.F.,.F.,(4,4),(2.,3.),.PIECEWISE_BEZIER_KNOTS.);
#7287 = CARTESIAN_POINT('',(-0.697770077653,-1.013954090179,0.8700001));
#7288 = CARTESIAN_POINT('',(-0.704580492005,-1.007958152862,0.8700001));
#7289 = CARTESIAN_POINT('',(-0.713123836217,-1.004977513501,0.8700001));
#7290 = CARTESIAN_POINT('',(-0.72340011029,-1.004977513501,0.8700001));
#7291 = ORIENTED_EDGE('',*,*,#7292,.T.);
#7292 = EDGE_CURVE('',#7284,#7293,#7295,.T.);
#7293 = VERTEX_POINT('',#7294);
#7294 = CARTESIAN_POINT('',(-0.742739607533,-1.004977513501,0.8700001));
#7295 = B_SPLINE_CURVE_WITH_KNOTS('',1,(#7296,#7297),.UNSPECIFIED.,.F.,
  .F.,(2,2),(-1.933949724317E-02,-0.),.PIECEWISE_BEZIER_KNOTS.);
#7296 = CARTESIAN_POINT('',(-0.72340011029,-1.004977513501,0.8700001));
#7297 = CARTESIAN_POINT('',(-0.742739607533,-1.004977513501,0.8700001));
#7298 = ORIENTED_EDGE('',*,*,#7299,.T.);
#7299 = EDGE_CURVE('',#7293,#7248,#7300,.T.);
#7300 = B_SPLINE_CURVE_WITH_KNOTS('',1,(#7301,#7302),.UNSPECIFIED.,.F.,
  .F.,(2,2),(-6.779221614378E-02,-0.),.PIECEWISE_BEZIER_KNOTS.);
#7301 = CARTESIAN_POINT('',(-0.742739607533,-1.004977513501,0.8700001));
#7302 = CARTESIAN_POINT('',(-0.742739607533,-1.072769729645,0.8700001));
#7303 = FACE_BOUND('',#7304,.T.);
#7304 = EDGE_LOOP('',(#7305,#7314,#7321,#7330,#7339,#7348,#7357));
#7305 = ORIENTED_EDGE('',*,*,#7306,.F.);
#7306 = EDGE_CURVE('',#7307,#7309,#7311,.T.);
#7307 = VERTEX_POINT('',#7308);
#7308 = CARTESIAN_POINT('',(-0.733988311738,-1.012775697874,0.8700001));
#7309 = VERTEX_POINT('',#7310);
#7310 = CARTESIAN_POINT('',(-0.733988311738,-1.065040862467,0.8700001));
#7311 = B_SPLINE_CURVE_WITH_KNOTS('',1,(#7312,#7313),.UNSPECIFIED.,.F.,
  .F.,(2,2),(0.,5.226516459358E-02),.PIECEWISE_BEZIER_KNOTS.);
#7312 = CARTESIAN_POINT('',(-0.733988311738,-1.012775697874,0.8700001));
#7313 = CARTESIAN_POINT('',(-0.733988311738,-1.065040862467,0.8700001));
#7314 = ORIENTED_EDGE('',*,*,#7315,.F.);
#7315 = EDGE_CURVE('',#7316,#7307,#7318,.T.);
#7316 = VERTEX_POINT('',#7317);
#7317 = CARTESIAN_POINT('',(-0.723746696262,-1.012775697874,0.8700001));
#7318 = B_SPLINE_CURVE_WITH_KNOTS('',1,(#7319,#7320),.UNSPECIFIED.,.F.,
  .F.,(2,2),(-1.110223024625E-16,1.02416154756E-02),
  .PIECEWISE_BEZIER_KNOTS.);
#7319 = CARTESIAN_POINT('',(-0.723746696262,-1.012775697874,0.8700001));
#7320 = CARTESIAN_POINT('',(-0.733988311738,-1.012775697874,0.8700001));
#7321 = ORIENTED_EDGE('',*,*,#7322,.F.);
#7322 = EDGE_CURVE('',#7323,#7316,#7325,.T.);
#7323 = VERTEX_POINT('',#7324);
#7324 = CARTESIAN_POINT('',(-0.704181918137,-1.01915287976,0.8700001));
#7325 = B_SPLINE_CURVE_WITH_KNOTS('',3,(#7326,#7327,#7328,#7329),
  .UNSPECIFIED.,.F.,.F.,(4,4),(5.,6.),.PIECEWISE_BEZIER_KNOTS.);
#7326 = CARTESIAN_POINT('',(-0.704181918137,-1.01915287976,0.8700001));
#7327 = CARTESIAN_POINT('',(-0.709138097538,-1.014889872304,0.8700001));
#7328 = CARTESIAN_POINT('',(-0.715671243112,-1.012775697874,0.8700001));
#7329 = CARTESIAN_POINT('',(-0.723746696262,-1.012775697874,0.8700001));
#7330 = ORIENTED_EDGE('',*,*,#7331,.F.);
#7331 = EDGE_CURVE('',#7332,#7323,#7334,.T.);
#7332 = VERTEX_POINT('',#7333);
#7333 = CARTESIAN_POINT('',(-0.696747649036,-1.038249766823,0.8700001));
#7334 = B_SPLINE_CURVE_WITH_KNOTS('',3,(#7335,#7336,#7337,#7338),
  .UNSPECIFIED.,.F.,.F.,(4,4),(4.,5.),.PIECEWISE_BEZIER_KNOTS.);
#7335 = CARTESIAN_POINT('',(-0.696747649036,-1.038249766823,0.8700001));
#7336 = CARTESIAN_POINT('',(-0.696747649036,-1.029793069104,0.8700001));
#7337 = CARTESIAN_POINT('',(-0.699225738736,-1.023415887218,0.8700001));
#7338 = CARTESIAN_POINT('',(-0.704181918137,-1.01915287976,0.8700001));
#7339 = ORIENTED_EDGE('',*,*,#7340,.F.);
#7340 = EDGE_CURVE('',#7341,#7332,#7343,.T.);
#7341 = VERTEX_POINT('',#7342);
#7342 = CARTESIAN_POINT('',(-0.703991295852,-1.057970508636,0.8700001));
#7343 = B_SPLINE_CURVE_WITH_KNOTS('',3,(#7344,#7345,#7346,#7347),
  .UNSPECIFIED.,.F.,.F.,(4,4),(3.,4.),.PIECEWISE_BEZIER_KNOTS.);
#7344 = CARTESIAN_POINT('',(-0.703991295852,-1.057970508636,0.8700001));
#7345 = CARTESIAN_POINT('',(-0.699156421541,-1.053291598013,0.8700001));
#7346 = CARTESIAN_POINT('',(-0.696747649036,-1.046706464543,0.8700001));
#7347 = CARTESIAN_POINT('',(-0.696747649036,-1.038249766823,0.8700001));
#7348 = ORIENTED_EDGE('',*,*,#7349,.F.);
#7349 = EDGE_CURVE('',#7350,#7341,#7352,.T.);
#7350 = VERTEX_POINT('',#7351);
#7351 = CARTESIAN_POINT('',(-0.72414527013,-1.065040862467,0.8700001));
#7352 = B_SPLINE_CURVE_WITH_KNOTS('',3,(#7353,#7354,#7355,#7356),
  .UNSPECIFIED.,.F.,.F.,(4,4),(2.,3.),.PIECEWISE_BEZIER_KNOTS.);
#7353 = CARTESIAN_POINT('',(-0.72414527013,-1.065040862467,0.8700001));
#7354 = CARTESIAN_POINT('',(-0.715532608724,-1.065040862467,0.8700001));
#7355 = CARTESIAN_POINT('',(-0.708808840864,-1.062684077857,0.8700001));
#7356 = CARTESIAN_POINT('',(-0.703991295852,-1.057970508636,0.8700001));
#7357 = ORIENTED_EDGE('',*,*,#7358,.F.);
#7358 = EDGE_CURVE('',#7309,#7350,#7359,.T.);
#7359 = B_SPLINE_CURVE_WITH_KNOTS('',1,(#7360,#7361),.UNSPECIFIED.,.F.,
  .F.,(2,2),(0.,9.843041607674E-03),.PIECEWISE_BEZIER_KNOTS.);
#7360 = CARTESIAN_POINT('',(-0.733988311738,-1.065040862467,0.8700001));
#7361 = CARTESIAN_POINT('',(-0.72414527013,-1.065040862467,0.8700001));
#7362 = B_SPLINE_SURFACE_WITH_KNOTS('',1,1,(
    (#7363,#7364)
    ,(#7365,#7366
    )),.UNSPECIFIED.,.F.,.F.,.F.,(2,2),(2,2),(-3.345421095721E-02,
    2.173960510056E-02),(-6.555240429894E-02,2.239811844837E-03),
  .PIECEWISE_BEZIER_KNOTS.);
#7363 = CARTESIAN_POINT('',(-0.742739607533,-1.072769729645,0.8700001));
#7364 = CARTESIAN_POINT('',(-0.742739607533,-1.004977513501,0.8700001));
#7365 = CARTESIAN_POINT('',(-0.687545791476,-1.072769729645,0.8700001));
#7366 = CARTESIAN_POINT('',(-0.687545791476,-1.004977513501,0.8700001));
#7367 = ADVANCED_FACE('',(#7368,#7427),#7486,.F.);
#7368 = FACE_BOUND('',#7369,.T.);
#7369 = EDGE_LOOP('',(#7370,#7379,#7386,#7393,#7402,#7411,#7420));
#7370 = ORIENTED_EDGE('',*,*,#7371,.F.);
#7371 = EDGE_CURVE('',#7372,#7374,#7376,.T.);
#7372 = VERTEX_POINT('',#7373);
#7373 = CARTESIAN_POINT('',(-0.742739607533,-1.072769729645,0.8600001));
#7374 = VERTEX_POINT('',#7375);
#7375 = CARTESIAN_POINT('',(-0.724093282234,-1.072769729645,0.8600001));
#7376 = B_SPLINE_CURVE_WITH_KNOTS('',1,(#7377,#7378),.UNSPECIFIED.,.F.,
  .F.,(2,2),(-1.864632529929E-02,0.),.PIECEWISE_BEZIER_KNOTS.);
#7377 = CARTESIAN_POINT('',(-0.742739607533,-1.072769729645,0.8600001));
#7378 = CARTESIAN_POINT('',(-0.724093282234,-1.072769729645,0.8600001));
#7379 = ORIENTED_EDGE('',*,*,#7380,.F.);
#7380 = EDGE_CURVE('',#7381,#7372,#7383,.T.);
#7381 = VERTEX_POINT('',#7382);
#7382 = CARTESIAN_POINT('',(-0.742739607533,-1.004977513501,0.8600001));
#7383 = B_SPLINE_CURVE_WITH_KNOTS('',1,(#7384,#7385),.UNSPECIFIED.,.F.,
  .F.,(2,2),(-6.779221614378E-02,-0.),.PIECEWISE_BEZIER_KNOTS.);
#7384 = CARTESIAN_POINT('',(-0.742739607533,-1.004977513501,0.8600001));
#7385 = CARTESIAN_POINT('',(-0.742739607533,-1.072769729645,0.8600001));
#7386 = ORIENTED_EDGE('',*,*,#7387,.F.);
#7387 = EDGE_CURVE('',#7388,#7381,#7390,.T.);
#7388 = VERTEX_POINT('',#7389);
#7389 = CARTESIAN_POINT('',(-0.72340011029,-1.004977513501,0.8600001));
#7390 = B_SPLINE_CURVE_WITH_KNOTS('',1,(#7391,#7392),.UNSPECIFIED.,.F.,
  .F.,(2,2),(-1.933949724317E-02,-0.),.PIECEWISE_BEZIER_KNOTS.);
#7391 = CARTESIAN_POINT('',(-0.72340011029,-1.004977513501,0.8600001));
#7392 = CARTESIAN_POINT('',(-0.742739607533,-1.004977513501,0.8600001));
#7393 = ORIENTED_EDGE('',*,*,#7394,.F.);
#7394 = EDGE_CURVE('',#7395,#7388,#7397,.T.);
#7395 = VERTEX_POINT('',#7396);
#7396 = CARTESIAN_POINT('',(-0.697770077653,-1.013954090179,0.8600001));
#7397 = B_SPLINE_CURVE_WITH_KNOTS('',3,(#7398,#7399,#7400,#7401),
  .UNSPECIFIED.,.F.,.F.,(4,4),(2.,3.),.PIECEWISE_BEZIER_KNOTS.);
#7398 = CARTESIAN_POINT('',(-0.697770077653,-1.013954090179,0.8600001));
#7399 = CARTESIAN_POINT('',(-0.704580492005,-1.007958152862,0.8600001));
#7400 = CARTESIAN_POINT('',(-0.713123836217,-1.004977513501,0.8600001));
#7401 = CARTESIAN_POINT('',(-0.72340011029,-1.004977513501,0.8600001));
#7402 = ORIENTED_EDGE('',*,*,#7403,.F.);
#7403 = EDGE_CURVE('',#7404,#7395,#7406,.T.);
#7404 = VERTEX_POINT('',#7405);
#7405 = CARTESIAN_POINT('',(-0.687545791476,-1.038007156643,0.8600001));
#7406 = B_SPLINE_CURVE_WITH_KNOTS('',3,(#7407,#7408,#7409,#7410),
  .UNSPECIFIED.,.F.,.F.,(4,4),(3.,4.),.PIECEWISE_BEZIER_KNOTS.);
#7407 = CARTESIAN_POINT('',(-0.687545791476,-1.038007156643,0.8600001));
#7408 = CARTESIAN_POINT('',(-0.687545791476,-1.027956163452,0.8600001));
#7409 = CARTESIAN_POINT('',(-0.690959663301,-1.019950027496,0.8600001));
#7410 = CARTESIAN_POINT('',(-0.697770077653,-1.013954090179,0.8600001));
#7411 = ORIENTED_EDGE('',*,*,#7412,.F.);
#7412 = EDGE_CURVE('',#7413,#7404,#7415,.T.);
#7413 = VERTEX_POINT('',#7414);
#7414 = CARTESIAN_POINT('',(-0.697770077653,-1.06327327401,0.8600001));
#7415 = B_SPLINE_CURVE_WITH_KNOTS('',3,(#7416,#7417,#7418,#7419),
  .UNSPECIFIED.,.F.,.F.,(4,4),(4.,5.),.PIECEWISE_BEZIER_KNOTS.);
#7416 = CARTESIAN_POINT('',(-0.697770077653,-1.06327327401,0.8600001));
#7417 = CARTESIAN_POINT('',(-0.690959663301,-1.05693075072,0.8600001));
#7418 = CARTESIAN_POINT('',(-0.687545791476,-1.048508711598,0.8600001));
#7419 = CARTESIAN_POINT('',(-0.687545791476,-1.038007156643,0.8600001));
#7420 = ORIENTED_EDGE('',*,*,#7421,.F.);
#7421 = EDGE_CURVE('',#7374,#7413,#7422,.T.);
#7422 = B_SPLINE_CURVE_WITH_KNOTS('',3,(#7423,#7424,#7425,#7426),
  .UNSPECIFIED.,.F.,.F.,(4,4),(5.,6.),.PIECEWISE_BEZIER_KNOTS.);
#7423 = CARTESIAN_POINT('',(-0.724093282234,-1.072769729645,0.8600001));
#7424 = CARTESIAN_POINT('',(-0.713366446398,-1.072769729645,0.8600001));
#7425 = CARTESIAN_POINT('',(-0.704580492005,-1.069615797299,0.8600001));
#7426 = CARTESIAN_POINT('',(-0.697770077653,-1.06327327401,0.8600001));
#7427 = FACE_BOUND('',#7428,.T.);
#7428 = EDGE_LOOP('',(#7429,#7438,#7445,#7452,#7461,#7470,#7479));
#7429 = ORIENTED_EDGE('',*,*,#7430,.T.);
#7430 = EDGE_CURVE('',#7431,#7433,#7435,.T.);
#7431 = VERTEX_POINT('',#7432);
#7432 = CARTESIAN_POINT('',(-0.723746696262,-1.012775697874,0.8600001));
#7433 = VERTEX_POINT('',#7434);
#7434 = CARTESIAN_POINT('',(-0.733988311738,-1.012775697874,0.8600001));
#7435 = B_SPLINE_CURVE_WITH_KNOTS('',1,(#7436,#7437),.UNSPECIFIED.,.F.,
  .F.,(2,2),(-1.110223024625E-16,1.02416154756E-02),
  .PIECEWISE_BEZIER_KNOTS.);
#7436 = CARTESIAN_POINT('',(-0.723746696262,-1.012775697874,0.8600001));
#7437 = CARTESIAN_POINT('',(-0.733988311738,-1.012775697874,0.8600001));
#7438 = ORIENTED_EDGE('',*,*,#7439,.T.);
#7439 = EDGE_CURVE('',#7433,#7440,#7442,.T.);
#7440 = VERTEX_POINT('',#7441);
#7441 = CARTESIAN_POINT('',(-0.733988311738,-1.065040862467,0.8600001));
#7442 = B_SPLINE_CURVE_WITH_KNOTS('',1,(#7443,#7444),.UNSPECIFIED.,.F.,
  .F.,(2,2),(0.,5.226516459358E-02),.PIECEWISE_BEZIER_KNOTS.);
#7443 = CARTESIAN_POINT('',(-0.733988311738,-1.012775697874,0.8600001));
#7444 = CARTESIAN_POINT('',(-0.733988311738,-1.065040862467,0.8600001));
#7445 = ORIENTED_EDGE('',*,*,#7446,.T.);
#7446 = EDGE_CURVE('',#7440,#7447,#7449,.T.);
#7447 = VERTEX_POINT('',#7448);
#7448 = CARTESIAN_POINT('',(-0.72414527013,-1.065040862467,0.8600001));
#7449 = B_SPLINE_CURVE_WITH_KNOTS('',1,(#7450,#7451),.UNSPECIFIED.,.F.,
  .F.,(2,2),(0.,9.843041607674E-03),.PIECEWISE_BEZIER_KNOTS.);
#7450 = CARTESIAN_POINT('',(-0.733988311738,-1.065040862467,0.8600001));
#7451 = CARTESIAN_POINT('',(-0.72414527013,-1.065040862467,0.8600001));
#7452 = ORIENTED_EDGE('',*,*,#7453,.T.);
#7453 = EDGE_CURVE('',#7447,#7454,#7456,.T.);
#7454 = VERTEX_POINT('',#7455);
#7455 = CARTESIAN_POINT('',(-0.703991295852,-1.057970508636,0.8600001));
#7456 = B_SPLINE_CURVE_WITH_KNOTS('',3,(#7457,#7458,#7459,#7460),
  .UNSPECIFIED.,.F.,.F.,(4,4),(2.,3.),.PIECEWISE_BEZIER_KNOTS.);
#7457 = CARTESIAN_POINT('',(-0.72414527013,-1.065040862467,0.8600001));
#7458 = CARTESIAN_POINT('',(-0.715532608724,-1.065040862467,0.8600001));
#7459 = CARTESIAN_POINT('',(-0.708808840864,-1.062684077857,0.8600001));
#7460 = CARTESIAN_POINT('',(-0.703991295852,-1.057970508636,0.8600001));
#7461 = ORIENTED_EDGE('',*,*,#7462,.T.);
#7462 = EDGE_CURVE('',#7454,#7463,#7465,.T.);
#7463 = VERTEX_POINT('',#7464);
#7464 = CARTESIAN_POINT('',(-0.696747649036,-1.038249766823,0.8600001));
#7465 = B_SPLINE_CURVE_WITH_KNOTS('',3,(#7466,#7467,#7468,#7469),
  .UNSPECIFIED.,.F.,.F.,(4,4),(3.,4.),.PIECEWISE_BEZIER_KNOTS.);
#7466 = CARTESIAN_POINT('',(-0.703991295852,-1.057970508636,0.8600001));
#7467 = CARTESIAN_POINT('',(-0.699156421541,-1.053291598013,0.8600001));
#7468 = CARTESIAN_POINT('',(-0.696747649036,-1.046706464543,0.8600001));
#7469 = CARTESIAN_POINT('',(-0.696747649036,-1.038249766823,0.8600001));
#7470 = ORIENTED_EDGE('',*,*,#7471,.T.);
#7471 = EDGE_CURVE('',#7463,#7472,#7474,.T.);
#7472 = VERTEX_POINT('',#7473);
#7473 = CARTESIAN_POINT('',(-0.704181918137,-1.01915287976,0.8600001));
#7474 = B_SPLINE_CURVE_WITH_KNOTS('',3,(#7475,#7476,#7477,#7478),
  .UNSPECIFIED.,.F.,.F.,(4,4),(4.,5.),.PIECEWISE_BEZIER_KNOTS.);
#7475 = CARTESIAN_POINT('',(-0.696747649036,-1.038249766823,0.8600001));
#7476 = CARTESIAN_POINT('',(-0.696747649036,-1.029793069104,0.8600001));
#7477 = CARTESIAN_POINT('',(-0.699225738736,-1.023415887218,0.8600001));
#7478 = CARTESIAN_POINT('',(-0.704181918137,-1.01915287976,0.8600001));
#7479 = ORIENTED_EDGE('',*,*,#7480,.T.);
#7480 = EDGE_CURVE('',#7472,#7431,#7481,.T.);
#7481 = B_SPLINE_CURVE_WITH_KNOTS('',3,(#7482,#7483,#7484,#7485),
  .UNSPECIFIED.,.F.,.F.,(4,4),(5.,6.),.PIECEWISE_BEZIER_KNOTS.);
#7482 = CARTESIAN_POINT('',(-0.704181918137,-1.01915287976,0.8600001));
#7483 = CARTESIAN_POINT('',(-0.709138097538,-1.014889872304,0.8600001));
#7484 = CARTESIAN_POINT('',(-0.715671243112,-1.012775697874,0.8600001));
#7485 = CARTESIAN_POINT('',(-0.723746696262,-1.012775697874,0.8600001));
#7486 = B_SPLINE_SURFACE_WITH_KNOTS('',1,1,(
    (#7487,#7488)
    ,(#7489,#7490
    )),.UNSPECIFIED.,.F.,.F.,.F.,(2,2),(2,2),(-3.345421095721E-02,
    2.173960510056E-02),(-6.555240429894E-02,2.239811844837E-03),
  .PIECEWISE_BEZIER_KNOTS.);
#7487 = CARTESIAN_POINT('',(-0.742739607533,-1.072769729645,0.8600001));
#7488 = CARTESIAN_POINT('',(-0.742739607533,-1.004977513501,0.8600001));
#7489 = CARTESIAN_POINT('',(-0.687545791476,-1.072769729645,0.8600001));
#7490 = CARTESIAN_POINT('',(-0.687545791476,-1.004977513501,0.8600001));
#7491 = ADVANCED_FACE('',(#7492),#7506,.F.);
#7492 = FACE_BOUND('',#7493,.T.);
#7493 = EDGE_LOOP('',(#7494,#7495,#7500,#7501));
#7494 = ORIENTED_EDGE('',*,*,#7371,.T.);
#7495 = ORIENTED_EDGE('',*,*,#7496,.F.);
#7496 = EDGE_CURVE('',#7250,#7374,#7497,.T.);
#7497 = B_SPLINE_CURVE_WITH_KNOTS('',1,(#7498,#7499),.UNSPECIFIED.,.F.,
  .F.,(2,2),(-0.,1.E-02),.PIECEWISE_BEZIER_KNOTS.);
#7498 = CARTESIAN_POINT('',(-0.724093282234,-1.072769729645,0.8700001));
#7499 = CARTESIAN_POINT('',(-0.724093282234,-1.072769729645,0.8600001));
#7500 = ORIENTED_EDGE('',*,*,#7247,.F.);
#7501 = ORIENTED_EDGE('',*,*,#7502,.T.);
#7502 = EDGE_CURVE('',#7248,#7372,#7503,.T.);
#7503 = B_SPLINE_CURVE_WITH_KNOTS('',1,(#7504,#7505),.UNSPECIFIED.,.F.,
  .F.,(2,2),(-0.,1.E-02),.PIECEWISE_BEZIER_KNOTS.);
#7504 = CARTESIAN_POINT('',(-0.742739607533,-1.072769729645,0.8700001));
#7505 = CARTESIAN_POINT('',(-0.742739607533,-1.072769729645,0.8600001));
#7506 = B_SPLINE_SURFACE_WITH_KNOTS('',1,1,(
    (#7507,#7508)
    ,(#7509,#7510)),.UNSPECIFIED.,.F.,.F.,.F.,(2,2),(2,2),(-1.E-02,0.),(
    -1.864632529929E-02,0.),.PIECEWISE_BEZIER_KNOTS.);
#7507 = CARTESIAN_POINT('',(-0.742739607533,-1.072769729645,0.8600001));
#7508 = CARTESIAN_POINT('',(-0.724093282234,-1.072769729645,0.8600001));
#7509 = CARTESIAN_POINT('',(-0.742739607533,-1.072769729645,0.8700001));
#7510 = CARTESIAN_POINT('',(-0.724093282234,-1.072769729645,0.8700001));
#7511 = ADVANCED_FACE('',(#7512),#7522,.F.);
#7512 = FACE_BOUND('',#7513,.F.);
#7513 = EDGE_LOOP('',(#7514,#7515,#7516,#7521));
#7514 = ORIENTED_EDGE('',*,*,#7496,.F.);
#7515 = ORIENTED_EDGE('',*,*,#7256,.T.);
#7516 = ORIENTED_EDGE('',*,*,#7517,.T.);
#7517 = EDGE_CURVE('',#7257,#7413,#7518,.T.);
#7518 = B_SPLINE_CURVE_WITH_KNOTS('',1,(#7519,#7520),.UNSPECIFIED.,.F.,
  .F.,(2,2),(-0.,1.E-02),.PIECEWISE_BEZIER_KNOTS.);
#7519 = CARTESIAN_POINT('',(-0.697770077653,-1.06327327401,0.8700001));
#7520 = CARTESIAN_POINT('',(-0.697770077653,-1.06327327401,0.8600001));
#7521 = ORIENTED_EDGE('',*,*,#7421,.F.);
#7522 = B_SPLINE_SURFACE_WITH_KNOTS('',3,1,(
    (#7523,#7524)
    ,(#7525,#7526)
    ,(#7527,#7528)
    ,(#7529,#7530
    )),.UNSPECIFIED.,.F.,.F.,.F.,(4,4),(2,2),(5.,6.),(0.,1.),
  .PIECEWISE_BEZIER_KNOTS.);
#7523 = CARTESIAN_POINT('',(-0.724093282234,-1.072769729645,0.8700001));
#7524 = CARTESIAN_POINT('',(-0.724093282234,-1.072769729645,0.8600001));
#7525 = CARTESIAN_POINT('',(-0.713366446398,-1.072769729645,0.8700001));
#7526 = CARTESIAN_POINT('',(-0.713366446398,-1.072769729645,0.8600001));
#7527 = CARTESIAN_POINT('',(-0.704580492005,-1.069615797299,0.8700001));
#7528 = CARTESIAN_POINT('',(-0.704580492005,-1.069615797299,0.8600001));
#7529 = CARTESIAN_POINT('',(-0.697770077653,-1.06327327401,0.8700001));
#7530 = CARTESIAN_POINT('',(-0.697770077653,-1.06327327401,0.8600001));
#7531 = ADVANCED_FACE('',(#7532),#7542,.F.);
#7532 = FACE_BOUND('',#7533,.F.);
#7533 = EDGE_LOOP('',(#7534,#7535,#7536,#7541));
#7534 = ORIENTED_EDGE('',*,*,#7517,.F.);
#7535 = ORIENTED_EDGE('',*,*,#7265,.T.);
#7536 = ORIENTED_EDGE('',*,*,#7537,.T.);
#7537 = EDGE_CURVE('',#7266,#7404,#7538,.T.);
#7538 = B_SPLINE_CURVE_WITH_KNOTS('',1,(#7539,#7540),.UNSPECIFIED.,.F.,
  .F.,(2,2),(-0.,1.E-02),.PIECEWISE_BEZIER_KNOTS.);
#7539 = CARTESIAN_POINT('',(-0.687545791476,-1.038007156643,0.8700001));
#7540 = CARTESIAN_POINT('',(-0.687545791476,-1.038007156643,0.8600001));
#7541 = ORIENTED_EDGE('',*,*,#7412,.F.);
#7542 = B_SPLINE_SURFACE_WITH_KNOTS('',3,1,(
    (#7543,#7544)
    ,(#7545,#7546)
    ,(#7547,#7548)
    ,(#7549,#7550
    )),.UNSPECIFIED.,.F.,.F.,.F.,(4,4),(2,2),(4.,5.),(0.,1.),
  .PIECEWISE_BEZIER_KNOTS.);
#7543 = CARTESIAN_POINT('',(-0.697770077653,-1.06327327401,0.8700001));
#7544 = CARTESIAN_POINT('',(-0.697770077653,-1.06327327401,0.8600001));
#7545 = CARTESIAN_POINT('',(-0.690959663301,-1.05693075072,0.8700001));
#7546 = CARTESIAN_POINT('',(-0.690959663301,-1.05693075072,0.8600001));
#7547 = CARTESIAN_POINT('',(-0.687545791476,-1.048508711598,0.8700001));
#7548 = CARTESIAN_POINT('',(-0.687545791476,-1.048508711598,0.8600001));
#7549 = CARTESIAN_POINT('',(-0.687545791476,-1.038007156643,0.8700001));
#7550 = CARTESIAN_POINT('',(-0.687545791476,-1.038007156643,0.8600001));
#7551 = ADVANCED_FACE('',(#7552),#7562,.F.);
#7552 = FACE_BOUND('',#7553,.F.);
#7553 = EDGE_LOOP('',(#7554,#7555,#7556,#7561));
#7554 = ORIENTED_EDGE('',*,*,#7537,.F.);
#7555 = ORIENTED_EDGE('',*,*,#7274,.T.);
#7556 = ORIENTED_EDGE('',*,*,#7557,.T.);
#7557 = EDGE_CURVE('',#7275,#7395,#7558,.T.);
#7558 = B_SPLINE_CURVE_WITH_KNOTS('',1,(#7559,#7560),.UNSPECIFIED.,.F.,
  .F.,(2,2),(-0.,1.E-02),.PIECEWISE_BEZIER_KNOTS.);
#7559 = CARTESIAN_POINT('',(-0.697770077653,-1.013954090179,0.8700001));
#7560 = CARTESIAN_POINT('',(-0.697770077653,-1.013954090179,0.8600001));
#7561 = ORIENTED_EDGE('',*,*,#7403,.F.);
#7562 = B_SPLINE_SURFACE_WITH_KNOTS('',3,1,(
    (#7563,#7564)
    ,(#7565,#7566)
    ,(#7567,#7568)
    ,(#7569,#7570
    )),.UNSPECIFIED.,.F.,.F.,.F.,(4,4),(2,2),(3.,4.),(0.,1.),
  .PIECEWISE_BEZIER_KNOTS.);
#7563 = CARTESIAN_POINT('',(-0.687545791476,-1.038007156643,0.8700001));
#7564 = CARTESIAN_POINT('',(-0.687545791476,-1.038007156643,0.8600001));
#7565 = CARTESIAN_POINT('',(-0.687545791476,-1.027956163452,0.8700001));
#7566 = CARTESIAN_POINT('',(-0.687545791476,-1.027956163452,0.8600001));
#7567 = CARTESIAN_POINT('',(-0.690959663301,-1.019950027496,0.8700001));
#7568 = CARTESIAN_POINT('',(-0.690959663301,-1.019950027496,0.8600001));
#7569 = CARTESIAN_POINT('',(-0.697770077653,-1.013954090179,0.8700001));
#7570 = CARTESIAN_POINT('',(-0.697770077653,-1.013954090179,0.8600001));
#7571 = ADVANCED_FACE('',(#7572),#7582,.F.);
#7572 = FACE_BOUND('',#7573,.F.);
#7573 = EDGE_LOOP('',(#7574,#7575,#7576,#7581));
#7574 = ORIENTED_EDGE('',*,*,#7557,.F.);
#7575 = ORIENTED_EDGE('',*,*,#7283,.T.);
#7576 = ORIENTED_EDGE('',*,*,#7577,.T.);
#7577 = EDGE_CURVE('',#7284,#7388,#7578,.T.);
#7578 = B_SPLINE_CURVE_WITH_KNOTS('',1,(#7579,#7580),.UNSPECIFIED.,.F.,
  .F.,(2,2),(-0.,1.E-02),.PIECEWISE_BEZIER_KNOTS.);
#7579 = CARTESIAN_POINT('',(-0.72340011029,-1.004977513501,0.8700001));
#7580 = CARTESIAN_POINT('',(-0.72340011029,-1.004977513501,0.8600001));
#7581 = ORIENTED_EDGE('',*,*,#7394,.F.);
#7582 = B_SPLINE_SURFACE_WITH_KNOTS('',3,1,(
    (#7583,#7584)
    ,(#7585,#7586)
    ,(#7587,#7588)
    ,(#7589,#7590
    )),.UNSPECIFIED.,.F.,.F.,.F.,(4,4),(2,2),(2.,3.),(0.,1.),
  .PIECEWISE_BEZIER_KNOTS.);
#7583 = CARTESIAN_POINT('',(-0.697770077653,-1.013954090179,0.8700001));
#7584 = CARTESIAN_POINT('',(-0.697770077653,-1.013954090179,0.8600001));
#7585 = CARTESIAN_POINT('',(-0.704580492005,-1.007958152862,0.8700001));
#7586 = CARTESIAN_POINT('',(-0.704580492005,-1.007958152862,0.8600001));
#7587 = CARTESIAN_POINT('',(-0.713123836217,-1.004977513501,0.8700001));
#7588 = CARTESIAN_POINT('',(-0.713123836217,-1.004977513501,0.8600001));
#7589 = CARTESIAN_POINT('',(-0.72340011029,-1.004977513501,0.8700001));
#7590 = CARTESIAN_POINT('',(-0.72340011029,-1.004977513501,0.8600001));
#7591 = ADVANCED_FACE('',(#7592),#7602,.F.);
#7592 = FACE_BOUND('',#7593,.T.);
#7593 = EDGE_LOOP('',(#7594,#7595,#7600,#7601));
#7594 = ORIENTED_EDGE('',*,*,#7387,.T.);
#7595 = ORIENTED_EDGE('',*,*,#7596,.F.);
#7596 = EDGE_CURVE('',#7293,#7381,#7597,.T.);
#7597 = B_SPLINE_CURVE_WITH_KNOTS('',1,(#7598,#7599),.UNSPECIFIED.,.F.,
  .F.,(2,2),(-0.,1.E-02),.PIECEWISE_BEZIER_KNOTS.);
#7598 = CARTESIAN_POINT('',(-0.742739607533,-1.004977513501,0.8700001));
#7599 = CARTESIAN_POINT('',(-0.742739607533,-1.004977513501,0.8600001));
#7600 = ORIENTED_EDGE('',*,*,#7292,.F.);
#7601 = ORIENTED_EDGE('',*,*,#7577,.T.);
#7602 = B_SPLINE_SURFACE_WITH_KNOTS('',1,1,(
    (#7603,#7604)
    ,(#7605,#7606
    )),.UNSPECIFIED.,.F.,.F.,.F.,(2,2),(2,2),(0.,1.E-02),(0.,
    1.933949724317E-02),.PIECEWISE_BEZIER_KNOTS.);
#7603 = CARTESIAN_POINT('',(-0.742739607533,-1.004977513501,0.8700001));
#7604 = CARTESIAN_POINT('',(-0.72340011029,-1.004977513501,0.8700001));
#7605 = CARTESIAN_POINT('',(-0.742739607533,-1.004977513501,0.8600001));
#7606 = CARTESIAN_POINT('',(-0.72340011029,-1.004977513501,0.8600001));
#7607 = ADVANCED_FACE('',(#7608),#7614,.F.);
#7608 = FACE_BOUND('',#7609,.T.);
#7609 = EDGE_LOOP('',(#7610,#7611,#7612,#7613));
#7610 = ORIENTED_EDGE('',*,*,#7380,.T.);
#7611 = ORIENTED_EDGE('',*,*,#7502,.F.);
#7612 = ORIENTED_EDGE('',*,*,#7299,.F.);
#7613 = ORIENTED_EDGE('',*,*,#7596,.T.);
#7614 = B_SPLINE_SURFACE_WITH_KNOTS('',1,1,(
    (#7615,#7616)
    ,(#7617,#7618
    )),.UNSPECIFIED.,.F.,.F.,.F.,(2,2),(2,2),(0.,1.E-02),(0.,
    6.779221614378E-02),.PIECEWISE_BEZIER_KNOTS.);
#7615 = CARTESIAN_POINT('',(-0.742739607533,-1.072769729645,0.8700001));
#7616 = CARTESIAN_POINT('',(-0.742739607533,-1.004977513501,0.8700001));
#7617 = CARTESIAN_POINT('',(-0.742739607533,-1.072769729645,0.8600001));
#7618 = CARTESIAN_POINT('',(-0.742739607533,-1.004977513501,0.8600001));
#7619 = ADVANCED_FACE('',(#7620),#7634,.T.);
#7620 = FACE_BOUND('',#7621,.T.);
#7621 = EDGE_LOOP('',(#7622,#7623,#7628,#7629));
#7622 = ORIENTED_EDGE('',*,*,#7430,.F.);
#7623 = ORIENTED_EDGE('',*,*,#7624,.F.);
#7624 = EDGE_CURVE('',#7316,#7431,#7625,.T.);
#7625 = B_SPLINE_CURVE_WITH_KNOTS('',1,(#7626,#7627),.UNSPECIFIED.,.F.,
  .F.,(2,2),(-0.,1.E-02),.PIECEWISE_BEZIER_KNOTS.);
#7626 = CARTESIAN_POINT('',(-0.723746696262,-1.012775697874,0.8700001));
#7627 = CARTESIAN_POINT('',(-0.723746696262,-1.012775697874,0.8600001));
#7628 = ORIENTED_EDGE('',*,*,#7315,.T.);
#7629 = ORIENTED_EDGE('',*,*,#7630,.T.);
#7630 = EDGE_CURVE('',#7307,#7433,#7631,.T.);
#7631 = B_SPLINE_CURVE_WITH_KNOTS('',1,(#7632,#7633),.UNSPECIFIED.,.F.,
  .F.,(2,2),(-0.,1.E-02),.PIECEWISE_BEZIER_KNOTS.);
#7632 = CARTESIAN_POINT('',(-0.733988311738,-1.012775697874,0.8700001));
#7633 = CARTESIAN_POINT('',(-0.733988311738,-1.012775697874,0.8600001));
#7634 = B_SPLINE_SURFACE_WITH_KNOTS('',1,1,(
    (#7635,#7636)
    ,(#7637,#7638
    )),.UNSPECIFIED.,.F.,.F.,.F.,(2,2),(2,2),(0.,1.E-02),(
    -1.02416154756E-02,1.110223024625E-16),.PIECEWISE_BEZIER_KNOTS.);
#7635 = CARTESIAN_POINT('',(-0.733988311738,-1.012775697874,0.8700001));
#7636 = CARTESIAN_POINT('',(-0.723746696262,-1.012775697874,0.8700001));
#7637 = CARTESIAN_POINT('',(-0.733988311738,-1.012775697874,0.8600001));
#7638 = CARTESIAN_POINT('',(-0.723746696262,-1.012775697874,0.8600001));
#7639 = ADVANCED_FACE('',(#7640),#7650,.T.);
#7640 = FACE_BOUND('',#7641,.T.);
#7641 = EDGE_LOOP('',(#7642,#7643,#7644,#7645));
#7642 = ORIENTED_EDGE('',*,*,#7439,.F.);
#7643 = ORIENTED_EDGE('',*,*,#7630,.F.);
#7644 = ORIENTED_EDGE('',*,*,#7306,.T.);
#7645 = ORIENTED_EDGE('',*,*,#7646,.T.);
#7646 = EDGE_CURVE('',#7309,#7440,#7647,.T.);
#7647 = B_SPLINE_CURVE_WITH_KNOTS('',1,(#7648,#7649),.UNSPECIFIED.,.F.,
  .F.,(2,2),(-0.,1.E-02),.PIECEWISE_BEZIER_KNOTS.);
#7648 = CARTESIAN_POINT('',(-0.733988311738,-1.065040862467,0.8700001));
#7649 = CARTESIAN_POINT('',(-0.733988311738,-1.065040862467,0.8600001));
#7650 = B_SPLINE_SURFACE_WITH_KNOTS('',1,1,(
    (#7651,#7652)
    ,(#7653,#7654)),.UNSPECIFIED.,.F.,.F.,.F.,(2,2),(2,2),(0.,1.E-02),(
    -5.226516459358E-02,0.),.PIECEWISE_BEZIER_KNOTS.);
#7651 = CARTESIAN_POINT('',(-0.733988311738,-1.065040862467,0.8700001));
#7652 = CARTESIAN_POINT('',(-0.733988311738,-1.012775697874,0.8700001));
#7653 = CARTESIAN_POINT('',(-0.733988311738,-1.065040862467,0.8600001));
#7654 = CARTESIAN_POINT('',(-0.733988311738,-1.012775697874,0.8600001));
#7655 = ADVANCED_FACE('',(#7656),#7666,.T.);
#7656 = FACE_BOUND('',#7657,.T.);
#7657 = EDGE_LOOP('',(#7658,#7659,#7660,#7661));
#7658 = ORIENTED_EDGE('',*,*,#7446,.F.);
#7659 = ORIENTED_EDGE('',*,*,#7646,.F.);
#7660 = ORIENTED_EDGE('',*,*,#7358,.T.);
#7661 = ORIENTED_EDGE('',*,*,#7662,.T.);
#7662 = EDGE_CURVE('',#7350,#7447,#7663,.T.);
#7663 = B_SPLINE_CURVE_WITH_KNOTS('',1,(#7664,#7665),.UNSPECIFIED.,.F.,
  .F.,(2,2),(-0.,1.E-02),.PIECEWISE_BEZIER_KNOTS.);
#7664 = CARTESIAN_POINT('',(-0.72414527013,-1.065040862467,0.8700001));
#7665 = CARTESIAN_POINT('',(-0.72414527013,-1.065040862467,0.8600001));
#7666 = B_SPLINE_SURFACE_WITH_KNOTS('',1,1,(
    (#7667,#7668)
    ,(#7669,#7670
    )),.UNSPECIFIED.,.F.,.F.,.F.,(2,2),(2,2),(-1.E-02,0.),(0.,
    9.843041607674E-03),.PIECEWISE_BEZIER_KNOTS.);
#7667 = CARTESIAN_POINT('',(-0.733988311738,-1.065040862467,0.8600001));
#7668 = CARTESIAN_POINT('',(-0.72414527013,-1.065040862467,0.8600001));
#7669 = CARTESIAN_POINT('',(-0.733988311738,-1.065040862467,0.8700001));
#7670 = CARTESIAN_POINT('',(-0.72414527013,-1.065040862467,0.8700001));
#7671 = ADVANCED_FACE('',(#7672),#7682,.T.);
#7672 = FACE_BOUND('',#7673,.T.);
#7673 = EDGE_LOOP('',(#7674,#7675,#7676,#7677));
#7674 = ORIENTED_EDGE('',*,*,#7453,.F.);
#7675 = ORIENTED_EDGE('',*,*,#7662,.F.);
#7676 = ORIENTED_EDGE('',*,*,#7349,.T.);
#7677 = ORIENTED_EDGE('',*,*,#7678,.T.);
#7678 = EDGE_CURVE('',#7341,#7454,#7679,.T.);
#7679 = B_SPLINE_CURVE_WITH_KNOTS('',1,(#7680,#7681),.UNSPECIFIED.,.F.,
  .F.,(2,2),(-0.,1.E-02),.PIECEWISE_BEZIER_KNOTS.);
#7680 = CARTESIAN_POINT('',(-0.703991295852,-1.057970508636,0.8700001));
#7681 = CARTESIAN_POINT('',(-0.703991295852,-1.057970508636,0.8600001));
#7682 = B_SPLINE_SURFACE_WITH_KNOTS('',3,1,(
    (#7683,#7684)
    ,(#7685,#7686)
    ,(#7687,#7688)
    ,(#7689,#7690
    )),.UNSPECIFIED.,.F.,.F.,.F.,(4,4),(2,2),(2.,3.),(0.,1.),
  .PIECEWISE_BEZIER_KNOTS.);
#7683 = CARTESIAN_POINT('',(-0.72414527013,-1.065040862467,0.8700001));
#7684 = CARTESIAN_POINT('',(-0.72414527013,-1.065040862467,0.8600001));
#7685 = CARTESIAN_POINT('',(-0.715532608724,-1.065040862467,0.8700001));
#7686 = CARTESIAN_POINT('',(-0.715532608724,-1.065040862467,0.8600001));
#7687 = CARTESIAN_POINT('',(-0.708808840864,-1.062684077857,0.8700001));
#7688 = CARTESIAN_POINT('',(-0.708808840864,-1.062684077857,0.8600001));
#7689 = CARTESIAN_POINT('',(-0.703991295852,-1.057970508636,0.8700001));
#7690 = CARTESIAN_POINT('',(-0.703991295852,-1.057970508636,0.8600001));
#7691 = ADVANCED_FACE('',(#7692),#7702,.T.);
#7692 = FACE_BOUND('',#7693,.T.);
#7693 = EDGE_LOOP('',(#7694,#7695,#7696,#7697));
#7694 = ORIENTED_EDGE('',*,*,#7462,.F.);
#7695 = ORIENTED_EDGE('',*,*,#7678,.F.);
#7696 = ORIENTED_EDGE('',*,*,#7340,.T.);
#7697 = ORIENTED_EDGE('',*,*,#7698,.T.);
#7698 = EDGE_CURVE('',#7332,#7463,#7699,.T.);
#7699 = B_SPLINE_CURVE_WITH_KNOTS('',1,(#7700,#7701),.UNSPECIFIED.,.F.,
  .F.,(2,2),(-0.,1.E-02),.PIECEWISE_BEZIER_KNOTS.);
#7700 = CARTESIAN_POINT('',(-0.696747649036,-1.038249766823,0.8700001));
#7701 = CARTESIAN_POINT('',(-0.696747649036,-1.038249766823,0.8600001));
#7702 = B_SPLINE_SURFACE_WITH_KNOTS('',3,1,(
    (#7703,#7704)
    ,(#7705,#7706)
    ,(#7707,#7708)
    ,(#7709,#7710
    )),.UNSPECIFIED.,.F.,.F.,.F.,(4,4),(2,2),(3.,4.),(0.,1.),
  .PIECEWISE_BEZIER_KNOTS.);
#7703 = CARTESIAN_POINT('',(-0.703991295852,-1.057970508636,0.8700001));
#7704 = CARTESIAN_POINT('',(-0.703991295852,-1.057970508636,0.8600001));
#7705 = CARTESIAN_POINT('',(-0.699156421541,-1.053291598013,0.8700001));
#7706 = CARTESIAN_POINT('',(-0.699156421541,-1.053291598013,0.8600001));
#7707 = CARTESIAN_POINT('',(-0.696747649036,-1.046706464543,0.8700001));
#7708 = CARTESIAN_POINT('',(-0.696747649036,-1.046706464543,0.8600001));
#7709 = CARTESIAN_POINT('',(-0.696747649036,-1.038249766823,0.8700001));
#7710 = CARTESIAN_POINT('',(-0.696747649036,-1.038249766823,0.8600001));
#7711 = ADVANCED_FACE('',(#7712),#7722,.T.);
#7712 = FACE_BOUND('',#7713,.T.);
#7713 = EDGE_LOOP('',(#7714,#7715,#7716,#7717));
#7714 = ORIENTED_EDGE('',*,*,#7471,.F.);
#7715 = ORIENTED_EDGE('',*,*,#7698,.F.);
#7716 = ORIENTED_EDGE('',*,*,#7331,.T.);
#7717 = ORIENTED_EDGE('',*,*,#7718,.T.);
#7718 = EDGE_CURVE('',#7323,#7472,#7719,.T.);
#7719 = B_SPLINE_CURVE_WITH_KNOTS('',1,(#7720,#7721),.UNSPECIFIED.,.F.,
  .F.,(2,2),(-0.,1.E-02),.PIECEWISE_BEZIER_KNOTS.);
#7720 = CARTESIAN_POINT('',(-0.704181918137,-1.01915287976,0.8700001));
#7721 = CARTESIAN_POINT('',(-0.704181918137,-1.01915287976,0.8600001));
#7722 = B_SPLINE_SURFACE_WITH_KNOTS('',3,1,(
    (#7723,#7724)
    ,(#7725,#7726)
    ,(#7727,#7728)
    ,(#7729,#7730
    )),.UNSPECIFIED.,.F.,.F.,.F.,(4,4),(2,2),(4.,5.),(0.,1.),
  .PIECEWISE_BEZIER_KNOTS.);
#7723 = CARTESIAN_POINT('',(-0.696747649036,-1.038249766823,0.8700001));
#7724 = CARTESIAN_POINT('',(-0.696747649036,-1.038249766823,0.8600001));
#7725 = CARTESIAN_POINT('',(-0.696747649036,-1.029793069104,0.8700001));
#7726 = CARTESIAN_POINT('',(-0.696747649036,-1.029793069104,0.8600001));
#7727 = CARTESIAN_POINT('',(-0.699225738736,-1.023415887218,0.8700001));
#7728 = CARTESIAN_POINT('',(-0.699225738736,-1.023415887218,0.8600001));
#7729 = CARTESIAN_POINT('',(-0.704181918137,-1.01915287976,0.8700001));
#7730 = CARTESIAN_POINT('',(-0.704181918137,-1.01915287976,0.8600001));
#7731 = ADVANCED_FACE('',(#7732),#7738,.T.);
#7732 = FACE_BOUND('',#7733,.T.);
#7733 = EDGE_LOOP('',(#7734,#7735,#7736,#7737));
#7734 = ORIENTED_EDGE('',*,*,#7480,.F.);
#7735 = ORIENTED_EDGE('',*,*,#7718,.F.);
#7736 = ORIENTED_EDGE('',*,*,#7322,.T.);
#7737 = ORIENTED_EDGE('',*,*,#7624,.T.);
#7738 = B_SPLINE_SURFACE_WITH_KNOTS('',3,1,(
    (#7739,#7740)
    ,(#7741,#7742)
    ,(#7743,#7744)
    ,(#7745,#7746
    )),.UNSPECIFIED.,.F.,.F.,.F.,(4,4),(2,2),(5.,6.),(0.,1.),
  .PIECEWISE_BEZIER_KNOTS.);
#7739 = CARTESIAN_POINT('',(-0.704181918137,-1.01915287976,0.8700001));
#7740 = CARTESIAN_POINT('',(-0.704181918137,-1.01915287976,0.8600001));
#7741 = CARTESIAN_POINT('',(-0.709138097538,-1.014889872304,0.8700001));
#7742 = CARTESIAN_POINT('',(-0.709138097538,-1.014889872304,0.8600001));
#7743 = CARTESIAN_POINT('',(-0.715671243112,-1.012775697874,0.8700001));
#7744 = CARTESIAN_POINT('',(-0.715671243112,-1.012775697874,0.8600001));
#7745 = CARTESIAN_POINT('',(-0.723746696262,-1.012775697874,0.8700001));
#7746 = CARTESIAN_POINT('',(-0.723746696262,-1.012775697874,0.8600001));
#7747 = MANIFOLD_SOLID_BREP('',#7748);
#7748 = CLOSED_SHELL('',(#7749,#7861,#7973,#7993,#8009,#8025,#8041,#8057
    ,#8073,#8089,#8101,#8121,#8137,#8157,#8173,#8193));
#7749 = ADVANCED_FACE('',(#7750,#7808),#7856,.F.);
#7750 = FACE_BOUND('',#7751,.T.);
#7751 = EDGE_LOOP('',(#7752,#7761,#7768,#7775,#7782,#7789,#7796,#7803));
#7752 = ORIENTED_EDGE('',*,*,#7753,.T.);
#7753 = EDGE_CURVE('',#7754,#7756,#7758,.T.);
#7754 = VERTEX_POINT('',#7755);
#7755 = CARTESIAN_POINT('',(-0.622786202588,-1.072769729645,0.8700001));
#7756 = VERTEX_POINT('',#7757);
#7757 = CARTESIAN_POINT('',(-0.648606857509,-1.004977513501,0.8700001));
#7758 = B_SPLINE_CURVE_WITH_KNOTS('',1,(#7759,#7760),.UNSPECIFIED.,.F.,
  .F.,(2,2),(-7.254302716501E-02,0.),.PIECEWISE_BEZIER_KNOTS.);
#7759 = CARTESIAN_POINT('',(-0.622786202588,-1.072769729645,0.8700001));
#7760 = CARTESIAN_POINT('',(-0.648606857509,-1.004977513501,0.8700001));
#7761 = ORIENTED_EDGE('',*,*,#7762,.T.);
#7762 = EDGE_CURVE('',#7756,#7763,#7765,.T.);
#7763 = VERTEX_POINT('',#7764);
#7764 = CARTESIAN_POINT('',(-0.657964678757,-1.004977513501,0.8700001));
#7765 = B_SPLINE_CURVE_WITH_KNOTS('',1,(#7766,#7767),.UNSPECIFIED.,.F.,
  .F.,(2,2),(-9.35782124728E-03,-0.),.PIECEWISE_BEZIER_KNOTS.);
#7766 = CARTESIAN_POINT('',(-0.648606857509,-1.004977513501,0.8700001));
#7767 = CARTESIAN_POINT('',(-0.657964678757,-1.004977513501,0.8700001));
#7768 = ORIENTED_EDGE('',*,*,#7769,.T.);
#7769 = EDGE_CURVE('',#7763,#7770,#7772,.T.);
#7770 = VERTEX_POINT('',#7771);
#7771 = CARTESIAN_POINT('',(-0.683785333679,-1.072769729645,0.8700001));
#7772 = B_SPLINE_CURVE_WITH_KNOTS('',1,(#7773,#7774),.UNSPECIFIED.,.F.,
  .F.,(2,2),(-7.254302716517E-02,-0.),.PIECEWISE_BEZIER_KNOTS.);
#7773 = CARTESIAN_POINT('',(-0.657964678757,-1.004977513501,0.8700001));
#7774 = CARTESIAN_POINT('',(-0.683785333679,-1.072769729645,0.8700001));
#7775 = ORIENTED_EDGE('',*,*,#7776,.T.);
#7776 = EDGE_CURVE('',#7770,#7777,#7779,.T.);
#7777 = VERTEX_POINT('',#7778);
#7778 = CARTESIAN_POINT('',(-0.674115585057,-1.072769729645,0.8700001));
#7779 = B_SPLINE_CURVE_WITH_KNOTS('',1,(#7780,#7781),.UNSPECIFIED.,.F.,
  .F.,(2,2),(-9.669748621818E-03,0.),.PIECEWISE_BEZIER_KNOTS.);
#7780 = CARTESIAN_POINT('',(-0.683785333679,-1.072769729645,0.8700001));
#7781 = CARTESIAN_POINT('',(-0.674115585057,-1.072769729645,0.8700001));
#7782 = ORIENTED_EDGE('',*,*,#7783,.T.);
#7783 = EDGE_CURVE('',#7777,#7784,#7786,.T.);
#7784 = VERTEX_POINT('',#7785);
#7785 = CARTESIAN_POINT('',(-0.667599768781,-1.054227380138,0.8700001));
#7786 = B_SPLINE_CURVE_WITH_KNOTS('',1,(#7787,#7788),.UNSPECIFIED.,.F.,
  .F.,(2,2),(-1.965386951692E-02,0.),.PIECEWISE_BEZIER_KNOTS.);
#7787 = CARTESIAN_POINT('',(-0.674115585057,-1.072769729645,0.8700001));
#7788 = CARTESIAN_POINT('',(-0.667599768781,-1.054227380138,0.8700001));
#7789 = ORIENTED_EDGE('',*,*,#7790,.T.);
#7790 = EDGE_CURVE('',#7784,#7791,#7793,.T.);
#7791 = VERTEX_POINT('',#7792);
#7792 = CARTESIAN_POINT('',(-0.639370341353,-1.054227380138,0.8700001));
#7793 = B_SPLINE_CURVE_WITH_KNOTS('',1,(#7794,#7795),.UNSPECIFIED.,.F.,
  .F.,(2,2),(-2.822942742818E-02,0.),.PIECEWISE_BEZIER_KNOTS.);
#7794 = CARTESIAN_POINT('',(-0.667599768781,-1.054227380138,0.8700001));
#7795 = CARTESIAN_POINT('',(-0.639370341353,-1.054227380138,0.8700001));
#7796 = ORIENTED_EDGE('',*,*,#7797,.T.);
#7797 = EDGE_CURVE('',#7791,#7798,#7800,.T.);
#7798 = VERTEX_POINT('',#7799);
#7799 = CARTESIAN_POINT('',(-0.632455951209,-1.072769729645,0.8700001));
#7800 = B_SPLINE_CURVE_WITH_KNOTS('',1,(#7801,#7802),.UNSPECIFIED.,.F.,
  .F.,(2,2),(-1.978958100401E-02,0.),.PIECEWISE_BEZIER_KNOTS.);
#7801 = CARTESIAN_POINT('',(-0.639370341353,-1.054227380138,0.8700001));
#7802 = CARTESIAN_POINT('',(-0.632455951209,-1.072769729645,0.8700001));
#7803 = ORIENTED_EDGE('',*,*,#7804,.T.);
#7804 = EDGE_CURVE('',#7798,#7754,#7805,.T.);
#7805 = B_SPLINE_CURVE_WITH_KNOTS('',1,(#7806,#7807),.UNSPECIFIED.,.F.,
  .F.,(2,2),(-9.669748621356E-03,0.),.PIECEWISE_BEZIER_KNOTS.);
#7806 = CARTESIAN_POINT('',(-0.632455951209,-1.072769729645,0.8700001));
#7807 = CARTESIAN_POINT('',(-0.622786202588,-1.072769729645,0.8700001));
#7808 = FACE_BOUND('',#7809,.T.);
#7809 = EDGE_LOOP('',(#7810,#7819,#7826,#7835,#7842,#7851));
#7810 = ORIENTED_EDGE('',*,*,#7811,.F.);
#7811 = EDGE_CURVE('',#7812,#7814,#7816,.T.);
#7812 = VERTEX_POINT('',#7813);
#7813 = CARTESIAN_POINT('',(-0.664827081004,-1.046567830154,0.8700001));
#7814 = VERTEX_POINT('',#7815);
#7815 = CARTESIAN_POINT('',(-0.642073711935,-1.046567830154,0.8700001));
#7816 = B_SPLINE_CURVE_WITH_KNOTS('',1,(#7817,#7818),.UNSPECIFIED.,.F.,
  .F.,(2,2),(0.,2.275336906869E-02),.PIECEWISE_BEZIER_KNOTS.);
#7817 = CARTESIAN_POINT('',(-0.664827081004,-1.046567830154,0.8700001));
#7818 = CARTESIAN_POINT('',(-0.642073711935,-1.046567830154,0.8700001));
#7819 = ORIENTED_EDGE('',*,*,#7820,.F.);
#7820 = EDGE_CURVE('',#7821,#7812,#7823,.T.);
#7821 = VERTEX_POINT('',#7822);
#7822 = CARTESIAN_POINT('',(-0.65468944132,-1.018390390622,0.8700001));
#7823 = B_SPLINE_CURVE_WITH_KNOTS('',1,(#7824,#7825),.UNSPECIFIED.,.F.,
  .F.,(2,2),(0.,2.994561465321E-02),.PIECEWISE_BEZIER_KNOTS.);
#7824 = CARTESIAN_POINT('',(-0.65468944132,-1.018390390622,0.8700001));
#7825 = CARTESIAN_POINT('',(-0.664827081004,-1.046567830154,0.8700001));
#7826 = ORIENTED_EDGE('',*,*,#7827,.F.);
#7827 = EDGE_CURVE('',#7828,#7821,#7830,.T.);
#7828 = VERTEX_POINT('',#7829);
#7829 = CARTESIAN_POINT('',(-0.65358036621,-1.013642162804,0.8700001));
#7830 = B_SPLINE_CURVE_WITH_KNOTS('',3,(#7831,#7832,#7833,#7834),
  .UNSPECIFIED.,.F.,.F.,(4,4),(3.,4.),.PIECEWISE_BEZIER_KNOTS.);
#7831 = CARTESIAN_POINT('',(-0.65358036621,-1.013642162804,0.8700001));
#7832 = CARTESIAN_POINT('',(-0.653909622883,-1.01568702004,0.8700001));
#7833 = CARTESIAN_POINT('',(-0.654273538153,-1.017281315511,0.8700001));
#7834 = CARTESIAN_POINT('',(-0.65468944132,-1.018390390622,0.8700001));
#7835 = ORIENTED_EDGE('',*,*,#7836,.F.);
#7836 = EDGE_CURVE('',#7837,#7828,#7839,.T.);
#7837 = VERTEX_POINT('',#7838);
#7838 = CARTESIAN_POINT('',(-0.653372414626,-1.013642162804,0.8700001));
#7839 = B_SPLINE_CURVE_WITH_KNOTS('',1,(#7840,#7841),.UNSPECIFIED.,.F.,
  .F.,(2,2),(-1.110223024625E-16,2.07951583489E-04),
  .PIECEWISE_BEZIER_KNOTS.);
#7840 = CARTESIAN_POINT('',(-0.653372414626,-1.013642162804,0.8700001));
#7841 = CARTESIAN_POINT('',(-0.65358036621,-1.013642162804,0.8700001));
#7842 = ORIENTED_EDGE('',*,*,#7843,.F.);
#7843 = EDGE_CURVE('',#7844,#7837,#7846,.T.);
#7844 = VERTEX_POINT('',#7845);
#7845 = CARTESIAN_POINT('',(-0.652315327411,-1.018390390622,0.8700001));
#7846 = B_SPLINE_CURVE_WITH_KNOTS('',3,(#7847,#7848,#7849,#7850),
  .UNSPECIFIED.,.F.,.F.,(4,4),(1.,2.),.PIECEWISE_BEZIER_KNOTS.);
#7847 = CARTESIAN_POINT('',(-0.652315327411,-1.018390390622,0.8700001));
#7848 = CARTESIAN_POINT('',(-0.652644584085,-1.017454608497,0.8700001));
#7849 = CARTESIAN_POINT('',(-0.652991170057,-1.015894971623,0.8700001));
#7850 = CARTESIAN_POINT('',(-0.653372414626,-1.013642162804,0.8700001));
#7851 = ORIENTED_EDGE('',*,*,#7852,.F.);
#7852 = EDGE_CURVE('',#7814,#7844,#7853,.T.);
#7853 = B_SPLINE_CURVE_WITH_KNOTS('',1,(#7854,#7855),.UNSPECIFIED.,.F.,
  .F.,(2,2),(0.,2.998097373607E-02),.PIECEWISE_BEZIER_KNOTS.);
#7854 = CARTESIAN_POINT('',(-0.642073711935,-1.046567830154,0.8700001));
#7855 = CARTESIAN_POINT('',(-0.652315327411,-1.018390390622,0.8700001));
#7856 = B_SPLINE_SURFACE_WITH_KNOTS('',1,1,(
    (#7857,#7858)
    ,(#7859,#7860
    )),.UNSPECIFIED.,.F.,.F.,.F.,(2,2),(2,2),(0.622786202588,
    0.683785333679),(-1.072769729645,-1.004977513501),
  .PIECEWISE_BEZIER_KNOTS.);
#7857 = CARTESIAN_POINT('',(-0.622786202588,-1.072769729645,0.8700001));
#7858 = CARTESIAN_POINT('',(-0.622786202588,-1.004977513501,0.8700001));
#7859 = CARTESIAN_POINT('',(-0.683785333679,-1.072769729645,0.8700001));
#7860 = CARTESIAN_POINT('',(-0.683785333679,-1.004977513501,0.8700001));
#7861 = ADVANCED_FACE('',(#7862,#7920),#7968,.T.);
#7862 = FACE_BOUND('',#7863,.T.);
#7863 = EDGE_LOOP('',(#7864,#7873,#7880,#7887,#7894,#7901,#7908,#7915));
#7864 = ORIENTED_EDGE('',*,*,#7865,.F.);
#7865 = EDGE_CURVE('',#7866,#7868,#7870,.T.);
#7866 = VERTEX_POINT('',#7867);
#7867 = CARTESIAN_POINT('',(-0.622786202588,-1.072769729645,0.8600001));
#7868 = VERTEX_POINT('',#7869);
#7869 = CARTESIAN_POINT('',(-0.648606857509,-1.004977513501,0.8600001));
#7870 = B_SPLINE_CURVE_WITH_KNOTS('',1,(#7871,#7872),.UNSPECIFIED.,.F.,
  .F.,(2,2),(-7.254302716501E-02,0.),.PIECEWISE_BEZIER_KNOTS.);
#7871 = CARTESIAN_POINT('',(-0.622786202588,-1.072769729645,0.8600001));
#7872 = CARTESIAN_POINT('',(-0.648606857509,-1.004977513501,0.8600001));
#7873 = ORIENTED_EDGE('',*,*,#7874,.F.);
#7874 = EDGE_CURVE('',#7875,#7866,#7877,.T.);
#7875 = VERTEX_POINT('',#7876);
#7876 = CARTESIAN_POINT('',(-0.632455951209,-1.072769729645,0.8600001));
#7877 = B_SPLINE_CURVE_WITH_KNOTS('',1,(#7878,#7879),.UNSPECIFIED.,.F.,
  .F.,(2,2),(-9.669748621356E-03,0.),.PIECEWISE_BEZIER_KNOTS.);
#7878 = CARTESIAN_POINT('',(-0.632455951209,-1.072769729645,0.8600001));
#7879 = CARTESIAN_POINT('',(-0.622786202588,-1.072769729645,0.8600001));
#7880 = ORIENTED_EDGE('',*,*,#7881,.F.);
#7881 = EDGE_CURVE('',#7882,#7875,#7884,.T.);
#7882 = VERTEX_POINT('',#7883);
#7883 = CARTESIAN_POINT('',(-0.639370341353,-1.054227380138,0.8600001));
#7884 = B_SPLINE_CURVE_WITH_KNOTS('',1,(#7885,#7886),.UNSPECIFIED.,.F.,
  .F.,(2,2),(-1.978958100401E-02,0.),.PIECEWISE_BEZIER_KNOTS.);
#7885 = CARTESIAN_POINT('',(-0.639370341353,-1.054227380138,0.8600001));
#7886 = CARTESIAN_POINT('',(-0.632455951209,-1.072769729645,0.8600001));
#7887 = ORIENTED_EDGE('',*,*,#7888,.F.);
#7888 = EDGE_CURVE('',#7889,#7882,#7891,.T.);
#7889 = VERTEX_POINT('',#7890);
#7890 = CARTESIAN_POINT('',(-0.667599768781,-1.054227380138,0.8600001));
#7891 = B_SPLINE_CURVE_WITH_KNOTS('',1,(#7892,#7893),.UNSPECIFIED.,.F.,
  .F.,(2,2),(-2.822942742818E-02,0.),.PIECEWISE_BEZIER_KNOTS.);
#7892 = CARTESIAN_POINT('',(-0.667599768781,-1.054227380138,0.8600001));
#7893 = CARTESIAN_POINT('',(-0.639370341353,-1.054227380138,0.8600001));
#7894 = ORIENTED_EDGE('',*,*,#7895,.F.);
#7895 = EDGE_CURVE('',#7896,#7889,#7898,.T.);
#7896 = VERTEX_POINT('',#7897);
#7897 = CARTESIAN_POINT('',(-0.674115585057,-1.072769729645,0.8600001));
#7898 = B_SPLINE_CURVE_WITH_KNOTS('',1,(#7899,#7900),.UNSPECIFIED.,.F.,
  .F.,(2,2),(-1.965386951692E-02,0.),.PIECEWISE_BEZIER_KNOTS.);
#7899 = CARTESIAN_POINT('',(-0.674115585057,-1.072769729645,0.8600001));
#7900 = CARTESIAN_POINT('',(-0.667599768781,-1.054227380138,0.8600001));
#7901 = ORIENTED_EDGE('',*,*,#7902,.F.);
#7902 = EDGE_CURVE('',#7903,#7896,#7905,.T.);
#7903 = VERTEX_POINT('',#7904);
#7904 = CARTESIAN_POINT('',(-0.683785333679,-1.072769729645,0.8600001));
#7905 = B_SPLINE_CURVE_WITH_KNOTS('',1,(#7906,#7907),.UNSPECIFIED.,.F.,
  .F.,(2,2),(-9.669748621818E-03,0.),.PIECEWISE_BEZIER_KNOTS.);
#7906 = CARTESIAN_POINT('',(-0.683785333679,-1.072769729645,0.8600001));
#7907 = CARTESIAN_POINT('',(-0.674115585057,-1.072769729645,0.8600001));
#7908 = ORIENTED_EDGE('',*,*,#7909,.F.);
#7909 = EDGE_CURVE('',#7910,#7903,#7912,.T.);
#7910 = VERTEX_POINT('',#7911);
#7911 = CARTESIAN_POINT('',(-0.657964678757,-1.004977513501,0.8600001));
#7912 = B_SPLINE_CURVE_WITH_KNOTS('',1,(#7913,#7914),.UNSPECIFIED.,.F.,
  .F.,(2,2),(-7.254302716517E-02,-0.),.PIECEWISE_BEZIER_KNOTS.);
#7913 = CARTESIAN_POINT('',(-0.657964678757,-1.004977513501,0.8600001));
#7914 = CARTESIAN_POINT('',(-0.683785333679,-1.072769729645,0.8600001));
#7915 = ORIENTED_EDGE('',*,*,#7916,.F.);
#7916 = EDGE_CURVE('',#7868,#7910,#7917,.T.);
#7917 = B_SPLINE_CURVE_WITH_KNOTS('',1,(#7918,#7919),.UNSPECIFIED.,.F.,
  .F.,(2,2),(-9.35782124728E-03,-0.),.PIECEWISE_BEZIER_KNOTS.);
#7918 = CARTESIAN_POINT('',(-0.648606857509,-1.004977513501,0.8600001));
#7919 = CARTESIAN_POINT('',(-0.657964678757,-1.004977513501,0.8600001));
#7920 = FACE_BOUND('',#7921,.T.);
#7921 = EDGE_LOOP('',(#7922,#7931,#7938,#7945,#7954,#7961));
#7922 = ORIENTED_EDGE('',*,*,#7923,.T.);
#7923 = EDGE_CURVE('',#7924,#7926,#7928,.T.);
#7924 = VERTEX_POINT('',#7925);
#7925 = CARTESIAN_POINT('',(-0.65468944132,-1.018390390622,0.8600001));
#7926 = VERTEX_POINT('',#7927);
#7927 = CARTESIAN_POINT('',(-0.664827081004,-1.046567830154,0.8600001));
#7928 = B_SPLINE_CURVE_WITH_KNOTS('',1,(#7929,#7930),.UNSPECIFIED.,.F.,
  .F.,(2,2),(0.,2.994561465321E-02),.PIECEWISE_BEZIER_KNOTS.);
#7929 = CARTESIAN_POINT('',(-0.65468944132,-1.018390390622,0.8600001));
#7930 = CARTESIAN_POINT('',(-0.664827081004,-1.046567830154,0.8600001));
#7931 = ORIENTED_EDGE('',*,*,#7932,.T.);
#7932 = EDGE_CURVE('',#7926,#7933,#7935,.T.);
#7933 = VERTEX_POINT('',#7934);
#7934 = CARTESIAN_POINT('',(-0.642073711935,-1.046567830154,0.8600001));
#7935 = B_SPLINE_CURVE_WITH_KNOTS('',1,(#7936,#7937),.UNSPECIFIED.,.F.,
  .F.,(2,2),(1.110223024625E-16,2.275336906869E-02),
  .PIECEWISE_BEZIER_KNOTS.);
#7936 = CARTESIAN_POINT('',(-0.664827081004,-1.046567830154,0.8600001));
#7937 = CARTESIAN_POINT('',(-0.642073711935,-1.046567830154,0.8600001));
#7938 = ORIENTED_EDGE('',*,*,#7939,.T.);
#7939 = EDGE_CURVE('',#7933,#7940,#7942,.T.);
#7940 = VERTEX_POINT('',#7941);
#7941 = CARTESIAN_POINT('',(-0.652315327411,-1.018390390622,0.8600001));
#7942 = B_SPLINE_CURVE_WITH_KNOTS('',1,(#7943,#7944),.UNSPECIFIED.,.F.,
  .F.,(2,2),(0.,2.998097373607E-02),.PIECEWISE_BEZIER_KNOTS.);
#7943 = CARTESIAN_POINT('',(-0.642073711935,-1.046567830154,0.8600001));
#7944 = CARTESIAN_POINT('',(-0.652315327411,-1.018390390622,0.8600001));
#7945 = ORIENTED_EDGE('',*,*,#7946,.T.);
#7946 = EDGE_CURVE('',#7940,#7947,#7949,.T.);
#7947 = VERTEX_POINT('',#7948);
#7948 = CARTESIAN_POINT('',(-0.653372414626,-1.013642162804,0.8600001));
#7949 = B_SPLINE_CURVE_WITH_KNOTS('',3,(#7950,#7951,#7952,#7953),
  .UNSPECIFIED.,.F.,.F.,(4,4),(1.,2.),.PIECEWISE_BEZIER_KNOTS.);
#7950 = CARTESIAN_POINT('',(-0.652315327411,-1.018390390622,0.8600001));
#7951 = CARTESIAN_POINT('',(-0.652644584085,-1.017454608497,0.8600001));
#7952 = CARTESIAN_POINT('',(-0.652991170057,-1.015894971623,0.8600001));
#7953 = CARTESIAN_POINT('',(-0.653372414626,-1.013642162804,0.8600001));
#7954 = ORIENTED_EDGE('',*,*,#7955,.T.);
#7955 = EDGE_CURVE('',#7947,#7956,#7958,.T.);
#7956 = VERTEX_POINT('',#7957);
#7957 = CARTESIAN_POINT('',(-0.65358036621,-1.013642162804,0.8600001));
#7958 = B_SPLINE_CURVE_WITH_KNOTS('',1,(#7959,#7960),.UNSPECIFIED.,.F.,
  .F.,(2,2),(-1.110223024625E-16,2.07951583489E-04),
  .PIECEWISE_BEZIER_KNOTS.);
#7959 = CARTESIAN_POINT('',(-0.653372414626,-1.013642162804,0.8600001));
#7960 = CARTESIAN_POINT('',(-0.65358036621,-1.013642162804,0.8600001));
#7961 = ORIENTED_EDGE('',*,*,#7962,.T.);
#7962 = EDGE_CURVE('',#7956,#7924,#7963,.T.);
#7963 = B_SPLINE_CURVE_WITH_KNOTS('',3,(#7964,#7965,#7966,#7967),
  .UNSPECIFIED.,.F.,.F.,(4,4),(3.,4.),.PIECEWISE_BEZIER_KNOTS.);
#7964 = CARTESIAN_POINT('',(-0.65358036621,-1.013642162804,0.8600001));
#7965 = CARTESIAN_POINT('',(-0.653909622883,-1.01568702004,0.8600001));
#7966 = CARTESIAN_POINT('',(-0.654273538153,-1.017281315511,0.8600001));
#7967 = CARTESIAN_POINT('',(-0.65468944132,-1.018390390622,0.8600001));
#7968 = B_SPLINE_SURFACE_WITH_KNOTS('',1,1,(
    (#7969,#7970)
    ,(#7971,#7972
    )),.UNSPECIFIED.,.F.,.F.,.F.,(2,2),(2,2),(0.622786202588,
    0.683785333679),(-1.072769729645,-1.004977513501),
  .PIECEWISE_BEZIER_KNOTS.);
#7969 = CARTESIAN_POINT('',(-0.622786202588,-1.072769729645,0.8600001));
#7970 = CARTESIAN_POINT('',(-0.622786202588,-1.004977513501,0.8600001));
#7971 = CARTESIAN_POINT('',(-0.683785333679,-1.072769729645,0.8600001));
#7972 = CARTESIAN_POINT('',(-0.683785333679,-1.004977513501,0.8600001));
#7973 = ADVANCED_FACE('',(#7974),#7988,.F.);
#7974 = FACE_BOUND('',#7975,.T.);
#7975 = EDGE_LOOP('',(#7976,#7977,#7982,#7983));
#7976 = ORIENTED_EDGE('',*,*,#7865,.T.);
#7977 = ORIENTED_EDGE('',*,*,#7978,.F.);
#7978 = EDGE_CURVE('',#7756,#7868,#7979,.T.);
#7979 = B_SPLINE_CURVE_WITH_KNOTS('',1,(#7980,#7981),.UNSPECIFIED.,.F.,
  .F.,(2,2),(-0.,1.E-02),.PIECEWISE_BEZIER_KNOTS.);
#7980 = CARTESIAN_POINT('',(-0.648606857509,-1.004977513501,0.8700001));
#7981 = CARTESIAN_POINT('',(-0.648606857509,-1.004977513501,0.8600001));
#7982 = ORIENTED_EDGE('',*,*,#7753,.F.);
#7983 = ORIENTED_EDGE('',*,*,#7984,.T.);
#7984 = EDGE_CURVE('',#7754,#7866,#7985,.T.);
#7985 = B_SPLINE_CURVE_WITH_KNOTS('',1,(#7986,#7987),.UNSPECIFIED.,.F.,
  .F.,(2,2),(-0.,1.E-02),.PIECEWISE_BEZIER_KNOTS.);
#7986 = CARTESIAN_POINT('',(-0.622786202588,-1.072769729645,0.8700001));
#7987 = CARTESIAN_POINT('',(-0.622786202588,-1.072769729645,0.8600001));
#7988 = B_SPLINE_SURFACE_WITH_KNOTS('',1,1,(
    (#7989,#7990)
    ,(#7991,#7992
    )),.UNSPECIFIED.,.F.,.F.,.F.,(2,2),(2,2),(0.,7.254302716501E-02),(
    -1.E-02,0.),.PIECEWISE_BEZIER_KNOTS.);
#7989 = CARTESIAN_POINT('',(-0.648606857509,-1.004977513501,0.8600001));
#7990 = CARTESIAN_POINT('',(-0.648606857509,-1.004977513501,0.8700001));
#7991 = CARTESIAN_POINT('',(-0.622786202588,-1.072769729645,0.8600001));
#7992 = CARTESIAN_POINT('',(-0.622786202588,-1.072769729645,0.8700001));
#7993 = ADVANCED_FACE('',(#7994),#8004,.F.);
#7994 = FACE_BOUND('',#7995,.T.);
#7995 = EDGE_LOOP('',(#7996,#7997,#8002,#8003));
#7996 = ORIENTED_EDGE('',*,*,#7916,.T.);
#7997 = ORIENTED_EDGE('',*,*,#7998,.F.);
#7998 = EDGE_CURVE('',#7763,#7910,#7999,.T.);
#7999 = B_SPLINE_CURVE_WITH_KNOTS('',1,(#8000,#8001),.UNSPECIFIED.,.F.,
  .F.,(2,2),(-0.,1.E-02),.PIECEWISE_BEZIER_KNOTS.);
#8000 = CARTESIAN_POINT('',(-0.657964678757,-1.004977513501,0.8700001));
#8001 = CARTESIAN_POINT('',(-0.657964678757,-1.004977513501,0.8600001));
#8002 = ORIENTED_EDGE('',*,*,#7762,.F.);
#8003 = ORIENTED_EDGE('',*,*,#7978,.T.);
#8004 = B_SPLINE_SURFACE_WITH_KNOTS('',1,1,(
    (#8005,#8006)
    ,(#8007,#8008
    )),.UNSPECIFIED.,.F.,.F.,.F.,(2,2),(2,2),(0.,1.E-02),(0.,
    9.35782124728E-03),.PIECEWISE_BEZIER_KNOTS.);
#8005 = CARTESIAN_POINT('',(-0.657964678757,-1.004977513501,0.8700001));
#8006 = CARTESIAN_POINT('',(-0.648606857509,-1.004977513501,0.8700001));
#8007 = CARTESIAN_POINT('',(-0.657964678757,-1.004977513501,0.8600001));
#8008 = CARTESIAN_POINT('',(-0.648606857509,-1.004977513501,0.8600001));
#8009 = ADVANCED_FACE('',(#8010),#8020,.F.);
#8010 = FACE_BOUND('',#8011,.T.);
#8011 = EDGE_LOOP('',(#8012,#8013,#8018,#8019));
#8012 = ORIENTED_EDGE('',*,*,#7909,.T.);
#8013 = ORIENTED_EDGE('',*,*,#8014,.F.);
#8014 = EDGE_CURVE('',#7770,#7903,#8015,.T.);
#8015 = B_SPLINE_CURVE_WITH_KNOTS('',1,(#8016,#8017),.UNSPECIFIED.,.F.,
  .F.,(2,2),(-0.,1.E-02),.PIECEWISE_BEZIER_KNOTS.);
#8016 = CARTESIAN_POINT('',(-0.683785333679,-1.072769729645,0.8700001));
#8017 = CARTESIAN_POINT('',(-0.683785333679,-1.072769729645,0.8600001));
#8018 = ORIENTED_EDGE('',*,*,#7769,.F.);
#8019 = ORIENTED_EDGE('',*,*,#7998,.T.);
#8020 = B_SPLINE_SURFACE_WITH_KNOTS('',1,1,(
    (#8021,#8022)
    ,(#8023,#8024
    )),.UNSPECIFIED.,.F.,.F.,.F.,(2,2),(2,2),(0.,7.254302716517E-02),(
    -1.E-02,0.),.PIECEWISE_BEZIER_KNOTS.);
#8021 = CARTESIAN_POINT('',(-0.683785333679,-1.072769729645,0.8600001));
#8022 = CARTESIAN_POINT('',(-0.683785333679,-1.072769729645,0.8700001));
#8023 = CARTESIAN_POINT('',(-0.657964678757,-1.004977513501,0.8600001));
#8024 = CARTESIAN_POINT('',(-0.657964678757,-1.004977513501,0.8700001));
#8025 = ADVANCED_FACE('',(#8026),#8036,.F.);
#8026 = FACE_BOUND('',#8027,.T.);
#8027 = EDGE_LOOP('',(#8028,#8029,#8034,#8035));
#8028 = ORIENTED_EDGE('',*,*,#7902,.T.);
#8029 = ORIENTED_EDGE('',*,*,#8030,.F.);
#8030 = EDGE_CURVE('',#7777,#7896,#8031,.T.);
#8031 = B_SPLINE_CURVE_WITH_KNOTS('',1,(#8032,#8033),.UNSPECIFIED.,.F.,
  .F.,(2,2),(-0.,1.E-02),.PIECEWISE_BEZIER_KNOTS.);
#8032 = CARTESIAN_POINT('',(-0.674115585057,-1.072769729645,0.8700001));
#8033 = CARTESIAN_POINT('',(-0.674115585057,-1.072769729645,0.8600001));
#8034 = ORIENTED_EDGE('',*,*,#7776,.F.);
#8035 = ORIENTED_EDGE('',*,*,#8014,.T.);
#8036 = B_SPLINE_SURFACE_WITH_KNOTS('',1,1,(
    (#8037,#8038)
    ,(#8039,#8040)),.UNSPECIFIED.,.F.,.F.,.F.,(2,2),(2,2),(-1.E-02,0.),(
    -9.669748621818E-03,0.),.PIECEWISE_BEZIER_KNOTS.);
#8037 = CARTESIAN_POINT('',(-0.683785333679,-1.072769729645,0.8600001));
#8038 = CARTESIAN_POINT('',(-0.674115585057,-1.072769729645,0.8600001));
#8039 = CARTESIAN_POINT('',(-0.683785333679,-1.072769729645,0.8700001));
#8040 = CARTESIAN_POINT('',(-0.674115585057,-1.072769729645,0.8700001));
#8041 = ADVANCED_FACE('',(#8042),#8052,.F.);
#8042 = FACE_BOUND('',#8043,.T.);
#8043 = EDGE_LOOP('',(#8044,#8045,#8050,#8051));
#8044 = ORIENTED_EDGE('',*,*,#7895,.T.);
#8045 = ORIENTED_EDGE('',*,*,#8046,.F.);
#8046 = EDGE_CURVE('',#7784,#7889,#8047,.T.);
#8047 = B_SPLINE_CURVE_WITH_KNOTS('',1,(#8048,#8049),.UNSPECIFIED.,.F.,
  .F.,(2,2),(-0.,1.E-02),.PIECEWISE_BEZIER_KNOTS.);
#8048 = CARTESIAN_POINT('',(-0.667599768781,-1.054227380138,0.8700001));
#8049 = CARTESIAN_POINT('',(-0.667599768781,-1.054227380138,0.8600001));
#8050 = ORIENTED_EDGE('',*,*,#7783,.F.);
#8051 = ORIENTED_EDGE('',*,*,#8030,.T.);
#8052 = B_SPLINE_SURFACE_WITH_KNOTS('',1,1,(
    (#8053,#8054)
    ,(#8055,#8056
    )),.UNSPECIFIED.,.F.,.F.,.F.,(2,2),(2,2),(-0.,1.965386951692E-02),(
    -1.E-02,0.),.PIECEWISE_BEZIER_KNOTS.);
#8053 = CARTESIAN_POINT('',(-0.667599768781,-1.054227380138,0.8600001));
#8054 = CARTESIAN_POINT('',(-0.667599768781,-1.054227380138,0.8700001));
#8055 = CARTESIAN_POINT('',(-0.674115585057,-1.072769729645,0.8600001));
#8056 = CARTESIAN_POINT('',(-0.674115585057,-1.072769729645,0.8700001));
#8057 = ADVANCED_FACE('',(#8058),#8068,.F.);
#8058 = FACE_BOUND('',#8059,.T.);
#8059 = EDGE_LOOP('',(#8060,#8061,#8066,#8067));
#8060 = ORIENTED_EDGE('',*,*,#7888,.T.);
#8061 = ORIENTED_EDGE('',*,*,#8062,.F.);
#8062 = EDGE_CURVE('',#7791,#7882,#8063,.T.);
#8063 = B_SPLINE_CURVE_WITH_KNOTS('',1,(#8064,#8065),.UNSPECIFIED.,.F.,
  .F.,(2,2),(-0.,1.E-02),.PIECEWISE_BEZIER_KNOTS.);
#8064 = CARTESIAN_POINT('',(-0.639370341353,-1.054227380138,0.8700001));
#8065 = CARTESIAN_POINT('',(-0.639370341353,-1.054227380138,0.8600001));
#8066 = ORIENTED_EDGE('',*,*,#7790,.F.);
#8067 = ORIENTED_EDGE('',*,*,#8046,.T.);
#8068 = B_SPLINE_SURFACE_WITH_KNOTS('',1,1,(
    (#8069,#8070)
    ,(#8071,#8072)),.UNSPECIFIED.,.F.,.F.,.F.,(2,2),(2,2),(-1.E-02,0.),(
    -2.822942742818E-02,0.),.PIECEWISE_BEZIER_KNOTS.);
#8069 = CARTESIAN_POINT('',(-0.667599768781,-1.054227380138,0.8600001));
#8070 = CARTESIAN_POINT('',(-0.639370341353,-1.054227380138,0.8600001));
#8071 = CARTESIAN_POINT('',(-0.667599768781,-1.054227380138,0.8700001));
#8072 = CARTESIAN_POINT('',(-0.639370341353,-1.054227380138,0.8700001));
#8073 = ADVANCED_FACE('',(#8074),#8084,.F.);
#8074 = FACE_BOUND('',#8075,.T.);
#8075 = EDGE_LOOP('',(#8076,#8077,#8082,#8083));
#8076 = ORIENTED_EDGE('',*,*,#7881,.T.);
#8077 = ORIENTED_EDGE('',*,*,#8078,.F.);
#8078 = EDGE_CURVE('',#7798,#7875,#8079,.T.);
#8079 = B_SPLINE_CURVE_WITH_KNOTS('',1,(#8080,#8081),.UNSPECIFIED.,.F.,
  .F.,(2,2),(-0.,1.E-02),.PIECEWISE_BEZIER_KNOTS.);
#8080 = CARTESIAN_POINT('',(-0.632455951209,-1.072769729645,0.8700001));
#8081 = CARTESIAN_POINT('',(-0.632455951209,-1.072769729645,0.8600001));
#8082 = ORIENTED_EDGE('',*,*,#7797,.F.);
#8083 = ORIENTED_EDGE('',*,*,#8062,.T.);
#8084 = B_SPLINE_SURFACE_WITH_KNOTS('',1,1,(
    (#8085,#8086)
    ,(#8087,#8088
    )),.UNSPECIFIED.,.F.,.F.,.F.,(2,2),(2,2),(0.,1.978958100401E-02),(
    -1.E-02,0.),.PIECEWISE_BEZIER_KNOTS.);
#8085 = CARTESIAN_POINT('',(-0.632455951209,-1.072769729645,0.8600001));
#8086 = CARTESIAN_POINT('',(-0.632455951209,-1.072769729645,0.8700001));
#8087 = CARTESIAN_POINT('',(-0.639370341353,-1.054227380138,0.8600001));
#8088 = CARTESIAN_POINT('',(-0.639370341353,-1.054227380138,0.8700001));
#8089 = ADVANCED_FACE('',(#8090),#8096,.F.);
#8090 = FACE_BOUND('',#8091,.T.);
#8091 = EDGE_LOOP('',(#8092,#8093,#8094,#8095));
#8092 = ORIENTED_EDGE('',*,*,#7874,.T.);
#8093 = ORIENTED_EDGE('',*,*,#7984,.F.);
#8094 = ORIENTED_EDGE('',*,*,#7804,.F.);
#8095 = ORIENTED_EDGE('',*,*,#8078,.T.);
#8096 = B_SPLINE_SURFACE_WITH_KNOTS('',1,1,(
    (#8097,#8098)
    ,(#8099,#8100)),.UNSPECIFIED.,.F.,.F.,.F.,(2,2),(2,2),(-1.E-02,0.),(
    -9.669748621356E-03,0.),.PIECEWISE_BEZIER_KNOTS.);
#8097 = CARTESIAN_POINT('',(-0.632455951209,-1.072769729645,0.8600001));
#8098 = CARTESIAN_POINT('',(-0.622786202588,-1.072769729645,0.8600001));
#8099 = CARTESIAN_POINT('',(-0.632455951209,-1.072769729645,0.8700001));
#8100 = CARTESIAN_POINT('',(-0.622786202588,-1.072769729645,0.8700001));
#8101 = ADVANCED_FACE('',(#8102),#8116,.T.);
#8102 = FACE_BOUND('',#8103,.T.);
#8103 = EDGE_LOOP('',(#8104,#8105,#8110,#8111));
#8104 = ORIENTED_EDGE('',*,*,#7932,.F.);
#8105 = ORIENTED_EDGE('',*,*,#8106,.F.);
#8106 = EDGE_CURVE('',#7812,#7926,#8107,.T.);
#8107 = B_SPLINE_CURVE_WITH_KNOTS('',1,(#8108,#8109),.UNSPECIFIED.,.F.,
  .F.,(2,2),(-0.,1.E-02),.PIECEWISE_BEZIER_KNOTS.);
#8108 = CARTESIAN_POINT('',(-0.664827081004,-1.046567830154,0.8700001));
#8109 = CARTESIAN_POINT('',(-0.664827081004,-1.046567830154,0.8600001));
#8110 = ORIENTED_EDGE('',*,*,#7811,.T.);
#8111 = ORIENTED_EDGE('',*,*,#8112,.T.);
#8112 = EDGE_CURVE('',#7814,#7933,#8113,.T.);
#8113 = B_SPLINE_CURVE_WITH_KNOTS('',1,(#8114,#8115),.UNSPECIFIED.,.F.,
  .F.,(2,2),(-0.,1.E-02),.PIECEWISE_BEZIER_KNOTS.);
#8114 = CARTESIAN_POINT('',(-0.642073711935,-1.046567830154,0.8700001));
#8115 = CARTESIAN_POINT('',(-0.642073711935,-1.046567830154,0.8600001));
#8116 = B_SPLINE_SURFACE_WITH_KNOTS('',1,1,(
    (#8117,#8118)
    ,(#8119,#8120
    )),.UNSPECIFIED.,.F.,.F.,.F.,(2,2),(2,2),(-1.E-02,0.),(0.,
    2.275336906869E-02),.PIECEWISE_BEZIER_KNOTS.);
#8117 = CARTESIAN_POINT('',(-0.664827081004,-1.046567830154,0.8600001));
#8118 = CARTESIAN_POINT('',(-0.642073711935,-1.046567830154,0.8600001));
#8119 = CARTESIAN_POINT('',(-0.664827081004,-1.046567830154,0.8700001));
#8120 = CARTESIAN_POINT('',(-0.642073711935,-1.046567830154,0.8700001));
#8121 = ADVANCED_FACE('',(#8122),#8132,.T.);
#8122 = FACE_BOUND('',#8123,.T.);
#8123 = EDGE_LOOP('',(#8124,#8125,#8126,#8127));
#8124 = ORIENTED_EDGE('',*,*,#7939,.F.);
#8125 = ORIENTED_EDGE('',*,*,#8112,.F.);
#8126 = ORIENTED_EDGE('',*,*,#7852,.T.);
#8127 = ORIENTED_EDGE('',*,*,#8128,.T.);
#8128 = EDGE_CURVE('',#7844,#7940,#8129,.T.);
#8129 = B_SPLINE_CURVE_WITH_KNOTS('',1,(#8130,#8131),.UNSPECIFIED.,.F.,
  .F.,(2,2),(-0.,1.E-02),.PIECEWISE_BEZIER_KNOTS.);
#8130 = CARTESIAN_POINT('',(-0.652315327411,-1.018390390622,0.8700001));
#8131 = CARTESIAN_POINT('',(-0.652315327411,-1.018390390622,0.8600001));
#8132 = B_SPLINE_SURFACE_WITH_KNOTS('',1,1,(
    (#8133,#8134)
    ,(#8135,#8136
    )),.UNSPECIFIED.,.F.,.F.,.F.,(2,2),(2,2),(-2.998097373607E-02,0.),(
    -1.E-02,0.),.PIECEWISE_BEZIER_KNOTS.);
#8133 = CARTESIAN_POINT('',(-0.652315327411,-1.018390390622,0.8600001));
#8134 = CARTESIAN_POINT('',(-0.652315327411,-1.018390390622,0.8700001));
#8135 = CARTESIAN_POINT('',(-0.642073711935,-1.046567830154,0.8600001));
#8136 = CARTESIAN_POINT('',(-0.642073711935,-1.046567830154,0.8700001));
#8137 = ADVANCED_FACE('',(#8138),#8148,.T.);
#8138 = FACE_BOUND('',#8139,.T.);
#8139 = EDGE_LOOP('',(#8140,#8141,#8142,#8143));
#8140 = ORIENTED_EDGE('',*,*,#7946,.F.);
#8141 = ORIENTED_EDGE('',*,*,#8128,.F.);
#8142 = ORIENTED_EDGE('',*,*,#7843,.T.);
#8143 = ORIENTED_EDGE('',*,*,#8144,.T.);
#8144 = EDGE_CURVE('',#7837,#7947,#8145,.T.);
#8145 = B_SPLINE_CURVE_WITH_KNOTS('',1,(#8146,#8147),.UNSPECIFIED.,.F.,
  .F.,(2,2),(-0.,1.E-02),.PIECEWISE_BEZIER_KNOTS.);
#8146 = CARTESIAN_POINT('',(-0.653372414626,-1.013642162804,0.8700001));
#8147 = CARTESIAN_POINT('',(-0.653372414626,-1.013642162804,0.8600001));
#8148 = B_SPLINE_SURFACE_WITH_KNOTS('',3,1,(
    (#8149,#8150)
    ,(#8151,#8152)
    ,(#8153,#8154)
    ,(#8155,#8156
    )),.UNSPECIFIED.,.F.,.F.,.F.,(4,4),(2,2),(1.,2.),(0.,1.),
  .PIECEWISE_BEZIER_KNOTS.);
#8149 = CARTESIAN_POINT('',(-0.652315327411,-1.018390390622,0.8700001));
#8150 = CARTESIAN_POINT('',(-0.652315327411,-1.018390390622,0.8600001));
#8151 = CARTESIAN_POINT('',(-0.652644584085,-1.017454608497,0.8700001));
#8152 = CARTESIAN_POINT('',(-0.652644584085,-1.017454608497,0.8600001));
#8153 = CARTESIAN_POINT('',(-0.652991170057,-1.015894971623,0.8700001));
#8154 = CARTESIAN_POINT('',(-0.652991170057,-1.015894971623,0.8600001));
#8155 = CARTESIAN_POINT('',(-0.653372414626,-1.013642162804,0.8700001));
#8156 = CARTESIAN_POINT('',(-0.653372414626,-1.013642162804,0.8600001));
#8157 = ADVANCED_FACE('',(#8158),#8168,.T.);
#8158 = FACE_BOUND('',#8159,.T.);
#8159 = EDGE_LOOP('',(#8160,#8161,#8162,#8163));
#8160 = ORIENTED_EDGE('',*,*,#7955,.F.);
#8161 = ORIENTED_EDGE('',*,*,#8144,.F.);
#8162 = ORIENTED_EDGE('',*,*,#7836,.T.);
#8163 = ORIENTED_EDGE('',*,*,#8164,.T.);
#8164 = EDGE_CURVE('',#7828,#7956,#8165,.T.);
#8165 = B_SPLINE_CURVE_WITH_KNOTS('',1,(#8166,#8167),.UNSPECIFIED.,.F.,
  .F.,(2,2),(-0.,1.E-02),.PIECEWISE_BEZIER_KNOTS.);
#8166 = CARTESIAN_POINT('',(-0.65358036621,-1.013642162804,0.8700001));
#8167 = CARTESIAN_POINT('',(-0.65358036621,-1.013642162804,0.8600001));
#8168 = B_SPLINE_SURFACE_WITH_KNOTS('',1,1,(
    (#8169,#8170)
    ,(#8171,#8172
    )),.UNSPECIFIED.,.F.,.F.,.F.,(2,2),(2,2),(0.,1.E-02),(
    -2.07951583489E-04,1.110223024625E-16),.PIECEWISE_BEZIER_KNOTS.);
#8169 = CARTESIAN_POINT('',(-0.65358036621,-1.013642162804,0.8700001));
#8170 = CARTESIAN_POINT('',(-0.653372414626,-1.013642162804,0.8700001));
#8171 = CARTESIAN_POINT('',(-0.65358036621,-1.013642162804,0.8600001));
#8172 = CARTESIAN_POINT('',(-0.653372414626,-1.013642162804,0.8600001));
#8173 = ADVANCED_FACE('',(#8174),#8184,.T.);
#8174 = FACE_BOUND('',#8175,.T.);
#8175 = EDGE_LOOP('',(#8176,#8177,#8178,#8179));
#8176 = ORIENTED_EDGE('',*,*,#7962,.F.);
#8177 = ORIENTED_EDGE('',*,*,#8164,.F.);
#8178 = ORIENTED_EDGE('',*,*,#7827,.T.);
#8179 = ORIENTED_EDGE('',*,*,#8180,.T.);
#8180 = EDGE_CURVE('',#7821,#7924,#8181,.T.);
#8181 = B_SPLINE_CURVE_WITH_KNOTS('',1,(#8182,#8183),.UNSPECIFIED.,.F.,
  .F.,(2,2),(-0.,1.E-02),.PIECEWISE_BEZIER_KNOTS.);
#8182 = CARTESIAN_POINT('',(-0.65468944132,-1.018390390622,0.8700001));
#8183 = CARTESIAN_POINT('',(-0.65468944132,-1.018390390622,0.8600001));
#8184 = B_SPLINE_SURFACE_WITH_KNOTS('',3,1,(
    (#8185,#8186)
    ,(#8187,#8188)
    ,(#8189,#8190)
    ,(#8191,#8192
    )),.UNSPECIFIED.,.F.,.F.,.F.,(4,4),(2,2),(3.,4.),(0.,1.),
  .PIECEWISE_BEZIER_KNOTS.);
#8185 = CARTESIAN_POINT('',(-0.65358036621,-1.013642162804,0.8700001));
#8186 = CARTESIAN_POINT('',(-0.65358036621,-1.013642162804,0.8600001));
#8187 = CARTESIAN_POINT('',(-0.653909622883,-1.01568702004,0.8700001));
#8188 = CARTESIAN_POINT('',(-0.653909622883,-1.01568702004,0.8600001));
#8189 = CARTESIAN_POINT('',(-0.654273538153,-1.017281315511,0.8700001));
#8190 = CARTESIAN_POINT('',(-0.654273538153,-1.017281315511,0.8600001));
#8191 = CARTESIAN_POINT('',(-0.65468944132,-1.018390390622,0.8700001));
#8192 = CARTESIAN_POINT('',(-0.65468944132,-1.018390390622,0.8600001));
#8193 = ADVANCED_FACE('',(#8194),#8200,.T.);
#8194 = FACE_BOUND('',#8195,.T.);
#8195 = EDGE_LOOP('',(#8196,#8197,#8198,#8199));
#8196 = ORIENTED_EDGE('',*,*,#7923,.F.);
#8197 = ORIENTED_EDGE('',*,*,#8180,.F.);
#8198 = ORIENTED_EDGE('',*,*,#7820,.T.);
#8199 = ORIENTED_EDGE('',*,*,#8106,.T.);
#8200 = B_SPLINE_SURFACE_WITH_KNOTS('',1,1,(
    (#8201,#8202)
    ,(#8203,#8204
    )),.UNSPECIFIED.,.F.,.F.,.F.,(2,2),(2,2),(-2.994561465321E-02,0.),(
    -1.E-02,0.),.PIECEWISE_BEZIER_KNOTS.);
#8201 = CARTESIAN_POINT('',(-0.664827081004,-1.046567830154,0.8600001));
#8202 = CARTESIAN_POINT('',(-0.664827081004,-1.046567830154,0.8700001));
#8203 = CARTESIAN_POINT('',(-0.65468944132,-1.018390390622,0.8600001));
#8204 = CARTESIAN_POINT('',(-0.65468944132,-1.018390390622,0.8700001));
#8205 = MANIFOLD_SOLID_BREP('',#8206);
#8206 = CLOSED_SHELL('',(#8207,#8527,#8847,#8871,#8891,#8911,#8931,#8951
    ,#8971,#8991,#9011,#9031,#9051,#9071,#9091,#9107,#9123,#9139,#9155,
    #9175,#9195,#9215,#9235,#9255,#9275,#9295,#9311,#9331,#9351,#9367,
    #9387,#9407,#9427,#9443,#9463,#9479,#9509));
#8207 = ADVANCED_FACE('',(#8208,#8497),#8522,.F.);
#8208 = FACE_BOUND('',#8209,.T.);
#8209 = EDGE_LOOP('',(#8210,#8221,#8230,#8239,#8248,#8257,#8266,#8275,
    #8284,#8293,#8302,#8311,#8320,#8329,#8336,#8343,#8350,#8359,#8368,
    #8377,#8386,#8395,#8404,#8413,#8422,#8431,#8440,#8447,#8456,#8465,
    #8474,#8481,#8490));
#8210 = ORIENTED_EDGE('',*,*,#8211,.T.);
#8211 = EDGE_CURVE('',#8212,#8214,#8216,.T.);
#8212 = VERTEX_POINT('',#8213);
#8213 = CARTESIAN_POINT('',(-1.035272934656,-1.005525442832,0.8700001));
#8214 = VERTEX_POINT('',#8215);
#8215 = CARTESIAN_POINT('',(-1.082990500253,-0.942384019598,0.8700001));
#8216 = B_SPLINE_CURVE_WITH_KNOTS('',3,(#8217,#8218,#8219,#8220),
  .UNSPECIFIED.,.F.,.F.,(4,4),(35.,36.),.PIECEWISE_BEZIER_KNOTS.);
#8217 = CARTESIAN_POINT('',(-1.035272934656,-1.005525442832,0.8700001));
#8218 = CARTESIAN_POINT('',(-1.035754923025,-0.976605717807,0.8700001));
#8219 = CARTESIAN_POINT('',(-1.055516758722,-0.951059938945,0.8700001));
#8220 = CARTESIAN_POINT('',(-1.082990500253,-0.942384019598,0.8700001));
#8221 = ORIENTED_EDGE('',*,*,#8222,.T.);
#8222 = EDGE_CURVE('',#8214,#8223,#8225,.T.);
#8223 = VERTEX_POINT('',#8224);
#8224 = CARTESIAN_POINT('',(-1.109018276678,-0.904306356981,0.8700001));
#8225 = B_SPLINE_CURVE_WITH_KNOTS('',3,(#8226,#8227,#8228,#8229),
  .UNSPECIFIED.,.F.,.F.,(4,4),(0.,1.),.PIECEWISE_BEZIER_KNOTS.);
#8226 = CARTESIAN_POINT('',(-1.082990500253,-0.942384019598,0.8700001));
#8227 = CARTESIAN_POINT('',(-1.088292445857,-0.927924147893,0.8700001));
#8228 = CARTESIAN_POINT('',(-1.097450371959,-0.914910264277,0.8700001));
#8229 = CARTESIAN_POINT('',(-1.109018276678,-0.904306356981,0.8700001));
#8230 = ORIENTED_EDGE('',*,*,#8231,.T.);
#8231 = EDGE_CURVE('',#8223,#8232,#8234,.T.);
#8232 = VERTEX_POINT('',#8233);
#8233 = CARTESIAN_POINT('',(-1.174569687723,-0.879242577978,0.8700001));
#8234 = B_SPLINE_CURVE_WITH_KNOTS('',3,(#8235,#8236,#8237,#8238),
  .UNSPECIFIED.,.F.,.F.,(4,4),(1.,2.),.PIECEWISE_BEZIER_KNOTS.);
#8235 = CARTESIAN_POINT('',(-1.109018276678,-0.904306356981,0.8700001));
#8236 = CARTESIAN_POINT('',(-1.127334110495,-0.88840049661,0.8700001));
#8237 = CARTESIAN_POINT('',(-1.150469901547,-0.879242577978,0.8700001));
#8238 = CARTESIAN_POINT('',(-1.174569687723,-0.879242577978,0.8700001));
#8239 = ORIENTED_EDGE('',*,*,#8240,.T.);
#8240 = EDGE_CURVE('',#8232,#8241,#8243,.T.);
#8241 = VERTEX_POINT('',#8242);
#8242 = CARTESIAN_POINT('',(-1.232409174546,-0.898040411656,0.8700001));
#8243 = B_SPLINE_CURVE_WITH_KNOTS('',3,(#8244,#8245,#8246,#8247),
  .UNSPECIFIED.,.F.,.F.,(4,4),(2.,3.),.PIECEWISE_BEZIER_KNOTS.);
#8244 = CARTESIAN_POINT('',(-1.174569687723,-0.879242577978,0.8700001));
#8245 = CARTESIAN_POINT('',(-1.195777497719,-0.879242577978,0.8700001));
#8246 = CARTESIAN_POINT('',(-1.215539324223,-0.885990517993,0.8700001));
#8247 = CARTESIAN_POINT('',(-1.232409174546,-0.898040411656,0.8700001));
#8248 = ORIENTED_EDGE('',*,*,#8249,.T.);
#8249 = EDGE_CURVE('',#8241,#8250,#8252,.T.);
#8250 = VERTEX_POINT('',#8251);
#8251 = CARTESIAN_POINT('',(-1.253616984542,-0.91924822395,0.8700001));
#8252 = B_SPLINE_CURVE_WITH_KNOTS('',3,(#8253,#8254,#8255,#8256),
  .UNSPECIFIED.,.F.,.F.,(4,4),(3.,4.),.PIECEWISE_BEZIER_KNOTS.);
#8253 = CARTESIAN_POINT('',(-1.232409174546,-0.898040411656,0.8700001));
#8254 = CARTESIAN_POINT('',(-1.240603105523,-0.903824361717,0.8700001));
#8255 = CARTESIAN_POINT('',(-1.247351043814,-0.911054297569,0.8700001));
#8256 = CARTESIAN_POINT('',(-1.253616984542,-0.91924822395,0.8700001));
#8257 = ORIENTED_EDGE('',*,*,#8258,.T.);
#8258 = EDGE_CURVE('',#8250,#8259,#8261,.T.);
#8259 = VERTEX_POINT('',#8260);
#8260 = CARTESIAN_POINT('',(-1.264702882506,-0.918284233422,0.8700001));
#8261 = B_SPLINE_CURVE_WITH_KNOTS('',3,(#8262,#8263,#8264,#8265),
  .UNSPECIFIED.,.F.,.F.,(4,4),(4.,5.),.PIECEWISE_BEZIER_KNOTS.);
#8262 = CARTESIAN_POINT('',(-1.253616984542,-0.91924822395,0.8700001));
#8263 = CARTESIAN_POINT('',(-1.257472946653,-0.918766226388,0.8700001));
#8264 = CARTESIAN_POINT('',(-1.260846920395,-0.918284233422,0.8700001));
#8265 = CARTESIAN_POINT('',(-1.264702882506,-0.918284233422,0.8700001));
#8266 = ORIENTED_EDGE('',*,*,#8267,.T.);
#8267 = EDGE_CURVE('',#8259,#8268,#8270,.T.);
#8268 = VERTEX_POINT('',#8269);
#8269 = CARTESIAN_POINT('',(-1.320132390711,-0.941420029071,0.8700001));
#8270 = B_SPLINE_CURVE_WITH_KNOTS('',3,(#8271,#8272,#8273,#8274),
  .UNSPECIFIED.,.F.,.F.,(4,4),(5.,6.),.PIECEWISE_BEZIER_KNOTS.);
#8271 = CARTESIAN_POINT('',(-1.264702882506,-0.918284233422,0.8700001));
#8272 = CARTESIAN_POINT('',(-1.285428699537,-0.918284233422,0.8700001));
#8273 = CARTESIAN_POINT('',(-1.305190521444,-0.926478159803,0.8700001));
#8274 = CARTESIAN_POINT('',(-1.320132390711,-0.941420029071,0.8700001));
#8275 = ORIENTED_EDGE('',*,*,#8276,.T.);
#8276 = EDGE_CURVE('',#8268,#8277,#8279,.T.);
#8277 = VERTEX_POINT('',#8278);
#8278 = CARTESIAN_POINT('',(-1.342786202588,-0.996367535117,0.8700001));
#8279 = B_SPLINE_CURVE_WITH_KNOTS('',3,(#8280,#8281,#8282,#8283),
  .UNSPECIFIED.,.F.,.F.,(4,4),(6.,7.),.PIECEWISE_BEZIER_KNOTS.);
#8280 = CARTESIAN_POINT('',(-1.320132390711,-0.941420029071,0.8700001));
#8281 = CARTESIAN_POINT('',(-1.334592275058,-0.95587989618,0.8700001));
#8282 = CARTESIAN_POINT('',(-1.342786202588,-0.975641722683,0.8700001));
#8283 = CARTESIAN_POINT('',(-1.342786202588,-0.996367535117,0.8700001));
#8284 = ORIENTED_EDGE('',*,*,#8285,.T.);
#8285 = EDGE_CURVE('',#8277,#8286,#8288,.T.);
#8286 = VERTEX_POINT('',#8287);
#8287 = CARTESIAN_POINT('',(-1.322542383119,-1.04890505795,0.8700001));
#8288 = B_SPLINE_CURVE_WITH_KNOTS('',3,(#8289,#8290,#8291,#8292),
  .UNSPECIFIED.,.F.,.F.,(4,4),(7.,8.),.PIECEWISE_BEZIER_KNOTS.);
#8289 = CARTESIAN_POINT('',(-1.342786202588,-0.996367535117,0.8700001));
#8290 = CARTESIAN_POINT('',(-1.342786202588,-1.015647364058,0.8700001));
#8291 = CARTESIAN_POINT('',(-1.335556266735,-1.03444520463,0.8700001));
#8292 = CARTESIAN_POINT('',(-1.322542383119,-1.04890505795,0.8700001));
#8293 = ORIENTED_EDGE('',*,*,#8294,.T.);
#8294 = EDGE_CURVE('',#8286,#8295,#8297,.T.);
#8295 = VERTEX_POINT('',#8296);
#8296 = CARTESIAN_POINT('',(-1.283982725237,-1.072040849001,0.8700001));
#8297 = B_SPLINE_CURVE_WITH_KNOTS('',3,(#8298,#8299,#8300,#8301),
  .UNSPECIFIED.,.F.,.F.,(4,4),(8.,9.),.PIECEWISE_BEZIER_KNOTS.);
#8298 = CARTESIAN_POINT('',(-1.322542383119,-1.04890505795,0.8700001));
#8299 = CARTESIAN_POINT('',(-1.311938478121,-1.060472962669,0.8700001));
#8300 = CARTESIAN_POINT('',(-1.298924589908,-1.06818488689,0.8700001));
#8301 = CARTESIAN_POINT('',(-1.283982725237,-1.072040849001,0.8700001));
#8302 = ORIENTED_EDGE('',*,*,#8303,.T.);
#8303 = EDGE_CURVE('',#8295,#8304,#8306,.T.);
#8304 = VERTEX_POINT('',#8305);
#8305 = CARTESIAN_POINT('',(-1.238193126906,-1.104816554524,0.8700001));
#8306 = B_SPLINE_CURVE_WITH_KNOTS('',3,(#8307,#8308,#8309,#8310),
  .UNSPECIFIED.,.F.,.F.,(4,4),(9.,10.),.PIECEWISE_BEZIER_KNOTS.);
#8307 = CARTESIAN_POINT('',(-1.283982725237,-1.072040849001,0.8700001));
#8308 = CARTESIAN_POINT('',(-1.277716779912,-1.091320677943,0.8700001));
#8309 = CARTESIAN_POINT('',(-1.259400946095,-1.104816554524,0.8700001));
#8310 = CARTESIAN_POINT('',(-1.238193126906,-1.104816554524,0.8700001));
#8311 = ORIENTED_EDGE('',*,*,#8312,.T.);
#8312 = EDGE_CURVE('',#8304,#8313,#8315,.T.);
#8313 = VERTEX_POINT('',#8314);
#8314 = CARTESIAN_POINT('',(-1.189993554553,-1.056616982171,0.8700001));
#8315 = B_SPLINE_CURVE_WITH_KNOTS('',3,(#8316,#8317,#8318,#8319),
  .UNSPECIFIED.,.F.,.F.,(4,4),(10.,11.),.PIECEWISE_BEZIER_KNOTS.);
#8316 = CARTESIAN_POINT('',(-1.238193126906,-1.104816554524,0.8700001));
#8317 = CARTESIAN_POINT('',(-1.211683362112,-1.104816554524,0.8700001));
#8318 = CARTESIAN_POINT('',(-1.189993554553,-1.083126746965,0.8700001));
#8319 = CARTESIAN_POINT('',(-1.189993554553,-1.056616982171,0.8700001));
#8320 = ORIENTED_EDGE('',*,*,#8321,.T.);
#8321 = EDGE_CURVE('',#8313,#8322,#8324,.T.);
#8322 = VERTEX_POINT('',#8323);
#8323 = CARTESIAN_POINT('',(-1.189993554553,-1.051797024936,0.8700001));
#8324 = B_SPLINE_CURVE_WITH_KNOTS('',3,(#8325,#8326,#8327,#8328),
  .UNSPECIFIED.,.F.,.F.,(4,4),(11.,12.),.PIECEWISE_BEZIER_KNOTS.);
#8325 = CARTESIAN_POINT('',(-1.189993554553,-1.056616982171,0.8700001));
#8326 = CARTESIAN_POINT('',(-1.189993554553,-1.055170998678,0.8700001));
#8327 = CARTESIAN_POINT('',(-1.189993554553,-1.053725015185,0.8700001));
#8328 = CARTESIAN_POINT('',(-1.189993554553,-1.051797024936,0.8700001));
#8329 = ORIENTED_EDGE('',*,*,#8330,.T.);
#8330 = EDGE_CURVE('',#8322,#8331,#8333,.T.);
#8331 = VERTEX_POINT('',#8332);
#8332 = CARTESIAN_POINT('',(-1.12251415326,-1.016129343234,0.8700001));
#8333 = B_SPLINE_CURVE_WITH_KNOTS('',1,(#8334,#8335),.UNSPECIFIED.,.F.,
  .F.,(2,2),(1.96308513944E-16,7.632596620359E-02),
  .PIECEWISE_BEZIER_KNOTS.);
#8334 = CARTESIAN_POINT('',(-1.189993554553,-1.051797024936,0.8700001));
#8335 = CARTESIAN_POINT('',(-1.12251415326,-1.016129343234,0.8700001));
#8336 = ORIENTED_EDGE('',*,*,#8337,.T.);
#8337 = EDGE_CURVE('',#8331,#8338,#8340,.T.);
#8338 = VERTEX_POINT('',#8339);
#8339 = CARTESIAN_POINT('',(-1.137456013334,-0.990583564371,0.8700001));
#8340 = B_SPLINE_CURVE_WITH_KNOTS('',1,(#8341,#8342),.UNSPECIFIED.,.F.,
  .F.,(2,2),(0.,2.959469547388E-02),.PIECEWISE_BEZIER_KNOTS.);
#8341 = CARTESIAN_POINT('',(-1.12251415326,-1.016129343234,0.8700001));
#8342 = CARTESIAN_POINT('',(-1.137456013334,-0.990583564371,0.8700001));
#8343 = ORIENTED_EDGE('',*,*,#8344,.T.);
#8344 = EDGE_CURVE('',#8338,#8345,#8347,.T.);
#8345 = VERTEX_POINT('',#8346);
#8346 = CARTESIAN_POINT('',(-1.202043438448,-1.024323265018,0.8700001));
#8347 = B_SPLINE_CURVE_WITH_KNOTS('',1,(#8348,#8349),.UNSPECIFIED.,.F.,
  .F.,(2,2),(0.,7.286908042864E-02),.PIECEWISE_BEZIER_KNOTS.);
#8348 = CARTESIAN_POINT('',(-1.137456013334,-0.990583564371,0.8700001));
#8349 = CARTESIAN_POINT('',(-1.202043438448,-1.024323265018,0.8700001));
#8350 = ORIENTED_EDGE('',*,*,#8351,.T.);
#8351 = EDGE_CURVE('',#8345,#8352,#8354,.T.);
#8352 = VERTEX_POINT('',#8353);
#8353 = CARTESIAN_POINT('',(-1.238193117712,-1.007935412257,0.8700001));
#8354 = B_SPLINE_CURVE_WITH_KNOTS('',3,(#8355,#8356,#8357,#8358),
  .UNSPECIFIED.,.F.,.F.,(4,4),(15.,16.),.PIECEWISE_BEZIER_KNOTS.);
#8355 = CARTESIAN_POINT('',(-1.202043438448,-1.024323265018,0.8700001));
#8356 = CARTESIAN_POINT('',(-1.210719357794,-1.014201352985,0.8700001));
#8357 = CARTESIAN_POINT('',(-1.223733246007,-1.007935412257,0.8700001));
#8358 = CARTESIAN_POINT('',(-1.238193117712,-1.007935412257,0.8700001));
#8359 = ORIENTED_EDGE('',*,*,#8360,.T.);
#8360 = EDGE_CURVE('',#8352,#8361,#8363,.T.);
#8361 = VERTEX_POINT('',#8362);
#8362 = CARTESIAN_POINT('',(-1.283500713885,-1.039747131848,0.8700001));
#8363 = B_SPLINE_CURVE_WITH_KNOTS('',3,(#8364,#8365,#8366,#8367),
  .UNSPECIFIED.,.F.,.F.,(4,4),(16.,17.),.PIECEWISE_BEZIER_KNOTS.);
#8364 = CARTESIAN_POINT('',(-1.238193117712,-1.007935412257,0.8700001));
#8365 = CARTESIAN_POINT('',(-1.25891893934,-1.007935412257,0.8700001));
#8366 = CARTESIAN_POINT('',(-1.276752775594,-1.021431288838,0.8700001));
#8367 = CARTESIAN_POINT('',(-1.283500713885,-1.039747131848,0.8700001));
#8368 = ORIENTED_EDGE('',*,*,#8369,.T.);
#8369 = EDGE_CURVE('',#8361,#8370,#8372,.T.);
#8370 = VERTEX_POINT('',#8371);
#8371 = CARTESIAN_POINT('',(-1.312420457296,-0.995403521606,0.8700001));
#8372 = B_SPLINE_CURVE_WITH_KNOTS('',3,(#8373,#8374,#8375,#8376),
  .UNSPECIFIED.,.F.,.F.,(4,4),(17.,18.),.PIECEWISE_BEZIER_KNOTS.);
#8373 = CARTESIAN_POINT('',(-1.283500713885,-1.039747131848,0.8700001));
#8374 = CARTESIAN_POINT('',(-1.300370564208,-1.032035198433,0.8700001));
#8375 = CARTESIAN_POINT('',(-1.312420457296,-1.01516534811,0.8700001));
#8376 = CARTESIAN_POINT('',(-1.312420457296,-0.995403521606,0.8700001));
#8377 = ORIENTED_EDGE('',*,*,#8378,.T.);
#8378 = EDGE_CURVE('',#8370,#8379,#8381,.T.);
#8379 = VERTEX_POINT('',#8380);
#8380 = CARTESIAN_POINT('',(-1.264220884944,-0.947203949254,0.8700001));
#8381 = B_SPLINE_CURVE_WITH_KNOTS('',3,(#8382,#8383,#8384,#8385),
  .UNSPECIFIED.,.F.,.F.,(4,4),(18.,19.),.PIECEWISE_BEZIER_KNOTS.);
#8382 = CARTESIAN_POINT('',(-1.312420457296,-0.995403521606,0.8700001));
#8383 = CARTESIAN_POINT('',(-1.312420457296,-0.968893756812,0.8700001));
#8384 = CARTESIAN_POINT('',(-1.290730649738,-0.947203949254,0.8700001));
#8385 = CARTESIAN_POINT('',(-1.264220884944,-0.947203949254,0.8700001));
#8386 = ORIENTED_EDGE('',*,*,#8387,.T.);
#8387 = EDGE_CURVE('',#8379,#8388,#8390,.T.);
#8388 = VERTEX_POINT('',#8389);
#8389 = CARTESIAN_POINT('',(-1.238675115275,-0.954433885107,0.8700001));
#8390 = B_SPLINE_CURVE_WITH_KNOTS('',3,(#8391,#8392,#8393,#8394),
  .UNSPECIFIED.,.F.,.F.,(4,4),(19.,20.),.PIECEWISE_BEZIER_KNOTS.);
#8391 = CARTESIAN_POINT('',(-1.264220884944,-0.947203949254,0.8700001));
#8392 = CARTESIAN_POINT('',(-1.255062968036,-0.947203949254,0.8700001));
#8393 = CARTESIAN_POINT('',(-1.245905051127,-0.950095925434,0.8700001));
#8394 = CARTESIAN_POINT('',(-1.238675115275,-0.954433885107,0.8700001));
#8395 = ORIENTED_EDGE('',*,*,#8396,.T.);
#8396 = EDGE_CURVE('',#8388,#8397,#8399,.T.);
#8397 = VERTEX_POINT('',#8398);
#8398 = CARTESIAN_POINT('',(-1.174087699354,-0.90816232139,0.8700001));
#8399 = B_SPLINE_CURVE_WITH_KNOTS('',3,(#8400,#8401,#8402,#8403),
  .UNSPECIFIED.,.F.,.F.,(4,4),(20.,21.),.PIECEWISE_BEZIER_KNOTS.);
#8400 = CARTESIAN_POINT('',(-1.238675115275,-0.954433885107,0.8700001));
#8401 = CARTESIAN_POINT('',(-1.22951720756,-0.927442150331,0.8700001));
#8402 = CARTESIAN_POINT('',(-1.204453426259,-0.90816232139,0.8700001));
#8403 = CARTESIAN_POINT('',(-1.174087699354,-0.90816232139,0.8700001));
#8404 = ORIENTED_EDGE('',*,*,#8405,.T.);
#8405 = EDGE_CURVE('',#8397,#8406,#8408,.T.);
#8406 = VERTEX_POINT('',#8407);
#8407 = CARTESIAN_POINT('',(-1.106608298061,-0.96841178683,0.8700001));
#8408 = B_SPLINE_CURVE_WITH_KNOTS('',3,(#8409,#8410,#8411,#8412),
  .UNSPECIFIED.,.F.,.F.,(4,4),(21.,22.),.PIECEWISE_BEZIER_KNOTS.);
#8409 = CARTESIAN_POINT('',(-1.174087699354,-0.90816232139,0.8700001));
#8410 = CARTESIAN_POINT('',(-1.139384003583,-0.90816232139,0.8700001));
#8411 = CARTESIAN_POINT('',(-1.110464260172,-0.934672086184,0.8700001));
#8412 = CARTESIAN_POINT('',(-1.106608298061,-0.96841178683,0.8700001));
#8413 = ORIENTED_EDGE('',*,*,#8414,.T.);
#8414 = EDGE_CURVE('',#8406,#8415,#8417,.T.);
#8415 = VERTEX_POINT('',#8416);
#8416 = CARTESIAN_POINT('',(-1.10275233595,-0.96841178683,0.8700001));
#8417 = B_SPLINE_CURVE_WITH_KNOTS('',3,(#8418,#8419,#8420,#8421),
  .UNSPECIFIED.,.F.,.F.,(4,4),(22.,23.),.PIECEWISE_BEZIER_KNOTS.);
#8418 = CARTESIAN_POINT('',(-1.106608298061,-0.96841178683,0.8700001));
#8419 = CARTESIAN_POINT('',(-1.105162314568,-0.96841178683,0.8700001));
#8420 = CARTESIAN_POINT('',(-1.104198319443,-0.96841178683,0.8700001));
#8421 = CARTESIAN_POINT('',(-1.10275233595,-0.96841178683,0.8700001));
#8422 = ORIENTED_EDGE('',*,*,#8423,.T.);
#8423 = EDGE_CURVE('',#8415,#8424,#8426,.T.);
#8424 = VERTEX_POINT('',#8425);
#8425 = CARTESIAN_POINT('',(-1.065156673192,-1.006007449588,0.8700001));
#8426 = B_SPLINE_CURVE_WITH_KNOTS('',3,(#8427,#8428,#8429,#8430),
  .UNSPECIFIED.,.F.,.F.,(4,4),(23.,24.),.PIECEWISE_BEZIER_KNOTS.);
#8427 = CARTESIAN_POINT('',(-1.10275233595,-0.96841178683,0.8700001));
#8428 = CARTESIAN_POINT('',(-1.082026523516,-0.96841178683,0.8700001));
#8429 = CARTESIAN_POINT('',(-1.065156673192,-0.985281637154,0.8700001));
#8430 = CARTESIAN_POINT('',(-1.065156673192,-1.006007449588,0.8700001));
#8431 = ORIENTED_EDGE('',*,*,#8432,.T.);
#8432 = EDGE_CURVE('',#8424,#8433,#8435,.T.);
#8433 = VERTEX_POINT('',#8434);
#8434 = CARTESIAN_POINT('',(-1.099860368963,-1.043603112345,0.8700001));
#8435 = B_SPLINE_CURVE_WITH_KNOTS('',3,(#8436,#8437,#8438,#8439),
  .UNSPECIFIED.,.F.,.F.,(4,4),(24.,25.),.PIECEWISE_BEZIER_KNOTS.);
#8436 = CARTESIAN_POINT('',(-1.065156673192,-1.006007449588,0.8700001));
#8437 = CARTESIAN_POINT('',(-1.065156673192,-1.025769276091,0.8700001));
#8438 = CARTESIAN_POINT('',(-1.080098533267,-1.042157128852,0.8700001));
#8439 = CARTESIAN_POINT('',(-1.099860368963,-1.043603112345,0.8700001));
#8440 = ORIENTED_EDGE('',*,*,#8441,.T.);
#8441 = EDGE_CURVE('',#8433,#8442,#8444,.T.);
#8442 = VERTEX_POINT('',#8443);
#8443 = CARTESIAN_POINT('',(-1.121550176522,-1.043603112345,0.8700001));
#8444 = B_SPLINE_CURVE_WITH_KNOTS('',1,(#8445,#8446),.UNSPECIFIED.,.F.,
  .F.,(2,2),(-2.22044604925E-16,2.168980755861E-02),
  .PIECEWISE_BEZIER_KNOTS.);
#8445 = CARTESIAN_POINT('',(-1.099860368963,-1.043603112345,0.8700001));
#8446 = CARTESIAN_POINT('',(-1.121550176522,-1.043603112345,0.8700001));
#8447 = ORIENTED_EDGE('',*,*,#8448,.T.);
#8448 = EDGE_CURVE('',#8442,#8449,#8451,.T.);
#8449 = VERTEX_POINT('',#8450);
#8450 = CARTESIAN_POINT('',(-1.124442143508,-1.043121123976,0.8700001));
#8451 = B_SPLINE_CURVE_WITH_KNOTS('',3,(#8452,#8453,#8454,#8455),
  .UNSPECIFIED.,.F.,.F.,(4,4),(26.,27.),.PIECEWISE_BEZIER_KNOTS.);
#8452 = CARTESIAN_POINT('',(-1.121550176522,-1.043603112345,0.8700001));
#8453 = CARTESIAN_POINT('',(-1.122514171646,-1.043603112345,0.8700001));
#8454 = CARTESIAN_POINT('',(-1.123478166771,-1.043121123976,0.8700001));
#8455 = CARTESIAN_POINT('',(-1.124442143508,-1.043121123976,0.8700001));
#8456 = ORIENTED_EDGE('',*,*,#8457,.T.);
#8457 = EDGE_CURVE('',#8449,#8458,#8460,.T.);
#8458 = VERTEX_POINT('',#8459);
#8459 = CARTESIAN_POINT('',(-1.139384003583,-1.058062984051,0.8700001));
#8460 = B_SPLINE_CURVE_WITH_KNOTS('',3,(#8461,#8462,#8463,#8464),
  .UNSPECIFIED.,.F.,.F.,(4,4),(27.,28.),.PIECEWISE_BEZIER_KNOTS.);
#8461 = CARTESIAN_POINT('',(-1.124442143508,-1.043121123976,0.8700001));
#8462 = CARTESIAN_POINT('',(-1.132636074486,-1.043121123976,0.8700001));
#8463 = CARTESIAN_POINT('',(-1.139384003583,-1.04986907146,0.8700001));
#8464 = CARTESIAN_POINT('',(-1.139384003583,-1.058062984051,0.8700001));
#8465 = ORIENTED_EDGE('',*,*,#8466,.T.);
#8466 = EDGE_CURVE('',#8458,#8467,#8469,.T.);
#8467 = VERTEX_POINT('',#8468);
#8468 = CARTESIAN_POINT('',(-1.125406120246,-1.073004844126,0.8700001));
#8469 = B_SPLINE_CURVE_WITH_KNOTS('',3,(#8470,#8471,#8472,#8473),
  .UNSPECIFIED.,.F.,.F.,(4,4),(28.,29.),.PIECEWISE_BEZIER_KNOTS.);
#8470 = CARTESIAN_POINT('',(-1.139384003583,-1.058062984051,0.8700001));
#8471 = CARTESIAN_POINT('',(-1.139384003583,-1.065774908273,0.8700001));
#8472 = CARTESIAN_POINT('',(-1.133118062855,-1.072522855757,0.8700001));
#8473 = CARTESIAN_POINT('',(-1.125406120246,-1.073004844126,0.8700001));
#8474 = ORIENTED_EDGE('',*,*,#8475,.T.);
#8475 = EDGE_CURVE('',#8467,#8476,#8478,.T.);
#8476 = VERTEX_POINT('',#8477);
#8477 = CARTESIAN_POINT('',(-1.09696838359,-1.073004844126,0.8700001));
#8478 = B_SPLINE_CURVE_WITH_KNOTS('',1,(#8479,#8480),.UNSPECIFIED.,.F.,
  .F.,(2,2),(0.,2.843773665606E-02),.PIECEWISE_BEZIER_KNOTS.);
#8479 = CARTESIAN_POINT('',(-1.125406120246,-1.073004844126,0.8700001));
#8480 = CARTESIAN_POINT('',(-1.09696838359,-1.073004844126,0.8700001));
#8481 = ORIENTED_EDGE('',*,*,#8482,.T.);
#8482 = EDGE_CURVE('',#8476,#8483,#8485,.T.);
#8483 = VERTEX_POINT('',#8484);
#8484 = CARTESIAN_POINT('',(-1.053106780104,-1.051315036567,0.8700001));
#8485 = B_SPLINE_CURVE_WITH_KNOTS('',3,(#8486,#8487,#8488,#8489),
  .UNSPECIFIED.,.F.,.F.,(4,4),(33.,34.),.PIECEWISE_BEZIER_KNOTS.);
#8486 = CARTESIAN_POINT('',(-1.09696838359,-1.073004844126,0.8700001));
#8487 = CARTESIAN_POINT('',(-1.080098533267,-1.071558860633,0.8700001));
#8488 = CARTESIAN_POINT('',(-1.064674666437,-1.063846918024,0.8700001));
#8489 = CARTESIAN_POINT('',(-1.053106780104,-1.051315036567,0.8700001));
#8490 = ORIENTED_EDGE('',*,*,#8491,.T.);
#8491 = EDGE_CURVE('',#8483,#8212,#8492,.T.);
#8492 = B_SPLINE_CURVE_WITH_KNOTS('',3,(#8493,#8494,#8495,#8496),
  .UNSPECIFIED.,.F.,.F.,(4,4),(34.,35.),.PIECEWISE_BEZIER_KNOTS.);
#8493 = CARTESIAN_POINT('',(-1.053106780104,-1.051315036567,0.8700001));
#8494 = CARTESIAN_POINT('',(-1.041538875385,-1.03878315511,0.8700001));
#8495 = CARTESIAN_POINT('',(-1.035272934656,-1.022395293156,0.8700001));
#8496 = CARTESIAN_POINT('',(-1.035272934656,-1.005525442832,0.8700001));
#8497 = FACE_BOUND('',#8498,.T.);
#8498 = EDGE_LOOP('',(#8499,#8513));
#8499 = ORIENTED_EDGE('',*,*,#8500,.F.);
#8500 = EDGE_CURVE('',#8501,#8503,#8505,.T.);
#8501 = VERTEX_POINT('',#8502);
#8502 = CARTESIAN_POINT('',(-1.238675124468,-1.075896847886,0.8700001));
#8503 = VERTEX_POINT('',#8504);
#8504 = CARTESIAN_POINT('',(-1.238675124468,-1.038301166741,0.8700001));
#8505 = B_SPLINE_CURVE_WITH_KNOTS('',3,(#8506,#8507,#8508,#8509,#8510,
    #8511,#8512),.UNSPECIFIED.,.F.,.F.,(4,3,4),(0.,1.,2.),
  .PIECEWISE_BEZIER_KNOTS.);
#8506 = CARTESIAN_POINT('',(-1.238675124468,-1.075896847886,0.8700001));
#8507 = CARTESIAN_POINT('',(-1.228071224066,-1.075896847886,0.8700001));
#8508 = CARTESIAN_POINT('',(-1.219877293089,-1.067220910153,0.8700001));
#8509 = CARTESIAN_POINT('',(-1.219877293089,-1.057099007313,0.8700001));
#8510 = CARTESIAN_POINT('',(-1.219877293089,-1.046495097719,0.8700001));
#8511 = CARTESIAN_POINT('',(-1.228553212435,-1.038301166741,0.8700001));
#8512 = CARTESIAN_POINT('',(-1.238675124468,-1.038301166741,0.8700001));
#8513 = ORIENTED_EDGE('',*,*,#8514,.F.);
#8514 = EDGE_CURVE('',#8503,#8501,#8515,.T.);
#8515 = B_SPLINE_CURVE_WITH_KNOTS('',3,(#8516,#8517,#8518,#8519,#8520,
    #8521),.UNSPECIFIED.,.F.,.F.,(4,2,4),(2.,3.,4.),.UNSPECIFIED.);
#8516 = CARTESIAN_POINT('',(-1.238675124468,-1.038301166741,0.8700001));
#8517 = CARTESIAN_POINT('',(-1.2487970365,-1.038301166741,0.8700001));
#8518 = CARTESIAN_POINT('',(-1.257472955847,-1.046495097719,0.8700001));
#8519 = CARTESIAN_POINT('',(-1.257472955847,-1.067702916908,0.8700001));
#8520 = CARTESIAN_POINT('',(-1.2487970365,-1.075896847886,0.8700001));
#8521 = CARTESIAN_POINT('',(-1.238675124468,-1.075896847886,0.8700001));
#8522 = B_SPLINE_SURFACE_WITH_KNOTS('',1,1,(
    (#8523,#8524)
    ,(#8525,#8526
    )),.UNSPECIFIED.,.F.,.F.,.F.,(2,2),(2,2),(-1.373687536253E-02,
    0.293776392569),(-0.138453250438,8.712072610774E-02),
  .PIECEWISE_BEZIER_KNOTS.);
#8523 = CARTESIAN_POINT('',(-1.035272934656,-1.104816554524,0.8700001));
#8524 = CARTESIAN_POINT('',(-1.035272934656,-0.879242577978,0.8700001));
#8525 = CARTESIAN_POINT('',(-1.342786202588,-1.104816554524,0.8700001));
#8526 = CARTESIAN_POINT('',(-1.342786202588,-0.879242577978,0.8700001));
#8527 = ADVANCED_FACE('',(#8528,#8817),#8842,.T.);
#8528 = FACE_BOUND('',#8529,.T.);
#8529 = EDGE_LOOP('',(#8530,#8541,#8550,#8559,#8566,#8575,#8584,#8593,
    #8600,#8609,#8618,#8627,#8636,#8645,#8654,#8663,#8672,#8681,#8690,
    #8697,#8704,#8711,#8720,#8729,#8738,#8747,#8756,#8765,#8774,#8783,
    #8792,#8801,#8810));
#8530 = ORIENTED_EDGE('',*,*,#8531,.F.);
#8531 = EDGE_CURVE('',#8532,#8534,#8536,.T.);
#8532 = VERTEX_POINT('',#8533);
#8533 = CARTESIAN_POINT('',(-1.035272934656,-1.005525442832,0.8600001));
#8534 = VERTEX_POINT('',#8535);
#8535 = CARTESIAN_POINT('',(-1.082990500253,-0.942384019598,0.8600001));
#8536 = B_SPLINE_CURVE_WITH_KNOTS('',3,(#8537,#8538,#8539,#8540),
  .UNSPECIFIED.,.F.,.F.,(4,4),(35.,36.),.PIECEWISE_BEZIER_KNOTS.);
#8537 = CARTESIAN_POINT('',(-1.035272934656,-1.005525442832,0.8600001));
#8538 = CARTESIAN_POINT('',(-1.035754923025,-0.976605717807,0.8600001));
#8539 = CARTESIAN_POINT('',(-1.055516758722,-0.951059938945,0.8600001));
#8540 = CARTESIAN_POINT('',(-1.082990500253,-0.942384019598,0.8600001));
#8541 = ORIENTED_EDGE('',*,*,#8542,.F.);
#8542 = EDGE_CURVE('',#8543,#8532,#8545,.T.);
#8543 = VERTEX_POINT('',#8544);
#8544 = CARTESIAN_POINT('',(-1.053106780104,-1.051315036567,0.8600001));
#8545 = B_SPLINE_CURVE_WITH_KNOTS('',3,(#8546,#8547,#8548,#8549),
  .UNSPECIFIED.,.F.,.F.,(4,4),(34.,35.),.PIECEWISE_BEZIER_KNOTS.);
#8546 = CARTESIAN_POINT('',(-1.053106780104,-1.051315036567,0.8600001));
#8547 = CARTESIAN_POINT('',(-1.041538875385,-1.03878315511,0.8600001));
#8548 = CARTESIAN_POINT('',(-1.035272934656,-1.022395293156,0.8600001));
#8549 = CARTESIAN_POINT('',(-1.035272934656,-1.005525442832,0.8600001));
#8550 = ORIENTED_EDGE('',*,*,#8551,.F.);
#8551 = EDGE_CURVE('',#8552,#8543,#8554,.T.);
#8552 = VERTEX_POINT('',#8553);
#8553 = CARTESIAN_POINT('',(-1.09696838359,-1.073004844126,0.8600001));
#8554 = B_SPLINE_CURVE_WITH_KNOTS('',3,(#8555,#8556,#8557,#8558),
  .UNSPECIFIED.,.F.,.F.,(4,4),(33.,34.),.PIECEWISE_BEZIER_KNOTS.);
#8555 = CARTESIAN_POINT('',(-1.09696838359,-1.073004844126,0.8600001));
#8556 = CARTESIAN_POINT('',(-1.080098533267,-1.071558860633,0.8600001));
#8557 = CARTESIAN_POINT('',(-1.064674666437,-1.063846918024,0.8600001));
#8558 = CARTESIAN_POINT('',(-1.053106780104,-1.051315036567,0.8600001));
#8559 = ORIENTED_EDGE('',*,*,#8560,.F.);
#8560 = EDGE_CURVE('',#8561,#8552,#8563,.T.);
#8561 = VERTEX_POINT('',#8562);
#8562 = CARTESIAN_POINT('',(-1.125406120246,-1.073004844126,0.8600001));
#8563 = B_SPLINE_CURVE_WITH_KNOTS('',1,(#8564,#8565),.UNSPECIFIED.,.F.,
  .F.,(2,2),(-2.699175316268E-02,1.445983493376E-03),
  .PIECEWISE_BEZIER_KNOTS.);
#8564 = CARTESIAN_POINT('',(-1.125406120246,-1.073004844126,0.8600001));
#8565 = CARTESIAN_POINT('',(-1.09696838359,-1.073004844126,0.8600001));
#8566 = ORIENTED_EDGE('',*,*,#8567,.F.);
#8567 = EDGE_CURVE('',#8568,#8561,#8570,.T.);
#8568 = VERTEX_POINT('',#8569);
#8569 = CARTESIAN_POINT('',(-1.139384003583,-1.058062984051,0.8600001));
#8570 = B_SPLINE_CURVE_WITH_KNOTS('',3,(#8571,#8572,#8573,#8574),
  .UNSPECIFIED.,.F.,.F.,(4,4),(28.,29.),.PIECEWISE_BEZIER_KNOTS.);
#8571 = CARTESIAN_POINT('',(-1.139384003583,-1.058062984051,0.8600001));
#8572 = CARTESIAN_POINT('',(-1.139384003583,-1.065774908273,0.8600001));
#8573 = CARTESIAN_POINT('',(-1.133118062855,-1.072522855757,0.8600001));
#8574 = CARTESIAN_POINT('',(-1.125406120246,-1.073004844126,0.8600001));
#8575 = ORIENTED_EDGE('',*,*,#8576,.F.);
#8576 = EDGE_CURVE('',#8577,#8568,#8579,.T.);
#8577 = VERTEX_POINT('',#8578);
#8578 = CARTESIAN_POINT('',(-1.124442143508,-1.043121123976,0.8600001));
#8579 = B_SPLINE_CURVE_WITH_KNOTS('',3,(#8580,#8581,#8582,#8583),
  .UNSPECIFIED.,.F.,.F.,(4,4),(27.,28.),.PIECEWISE_BEZIER_KNOTS.);
#8580 = CARTESIAN_POINT('',(-1.124442143508,-1.043121123976,0.8600001));
#8581 = CARTESIAN_POINT('',(-1.132636074486,-1.043121123976,0.8600001));
#8582 = CARTESIAN_POINT('',(-1.139384003583,-1.04986907146,0.8600001));
#8583 = CARTESIAN_POINT('',(-1.139384003583,-1.058062984051,0.8600001));
#8584 = ORIENTED_EDGE('',*,*,#8585,.F.);
#8585 = EDGE_CURVE('',#8586,#8577,#8588,.T.);
#8586 = VERTEX_POINT('',#8587);
#8587 = CARTESIAN_POINT('',(-1.121550176522,-1.043603112345,0.8600001));
#8588 = B_SPLINE_CURVE_WITH_KNOTS('',3,(#8589,#8590,#8591,#8592),
  .UNSPECIFIED.,.F.,.F.,(4,4),(26.,27.),.PIECEWISE_BEZIER_KNOTS.);
#8589 = CARTESIAN_POINT('',(-1.121550176522,-1.043603112345,0.8600001));
#8590 = CARTESIAN_POINT('',(-1.122514171646,-1.043603112345,0.8600001));
#8591 = CARTESIAN_POINT('',(-1.123478166771,-1.043121123976,0.8600001));
#8592 = CARTESIAN_POINT('',(-1.124442143508,-1.043121123976,0.8600001));
#8593 = ORIENTED_EDGE('',*,*,#8594,.F.);
#8594 = EDGE_CURVE('',#8595,#8586,#8597,.T.);
#8595 = VERTEX_POINT('',#8596);
#8596 = CARTESIAN_POINT('',(-1.099860368963,-1.043603112345,0.8600001));
#8597 = B_SPLINE_CURVE_WITH_KNOTS('',1,(#8598,#8599),.UNSPECIFIED.,.F.,
  .F.,(2,2),(-2.22044604925E-16,2.168980755861E-02),
  .PIECEWISE_BEZIER_KNOTS.);
#8598 = CARTESIAN_POINT('',(-1.099860368963,-1.043603112345,0.8600001));
#8599 = CARTESIAN_POINT('',(-1.121550176522,-1.043603112345,0.8600001));
#8600 = ORIENTED_EDGE('',*,*,#8601,.F.);
#8601 = EDGE_CURVE('',#8602,#8595,#8604,.T.);
#8602 = VERTEX_POINT('',#8603);
#8603 = CARTESIAN_POINT('',(-1.065156673192,-1.006007449588,0.8600001));
#8604 = B_SPLINE_CURVE_WITH_KNOTS('',3,(#8605,#8606,#8607,#8608),
  .UNSPECIFIED.,.F.,.F.,(4,4),(24.,25.),.PIECEWISE_BEZIER_KNOTS.);
#8605 = CARTESIAN_POINT('',(-1.065156673192,-1.006007449588,0.8600001));
#8606 = CARTESIAN_POINT('',(-1.065156673192,-1.025769276091,0.8600001));
#8607 = CARTESIAN_POINT('',(-1.080098533267,-1.042157128852,0.8600001));
#8608 = CARTESIAN_POINT('',(-1.099860368963,-1.043603112345,0.8600001));
#8609 = ORIENTED_EDGE('',*,*,#8610,.F.);
#8610 = EDGE_CURVE('',#8611,#8602,#8613,.T.);
#8611 = VERTEX_POINT('',#8612);
#8612 = CARTESIAN_POINT('',(-1.10275233595,-0.96841178683,0.8600001));
#8613 = B_SPLINE_CURVE_WITH_KNOTS('',3,(#8614,#8615,#8616,#8617),
  .UNSPECIFIED.,.F.,.F.,(4,4),(23.,24.),.PIECEWISE_BEZIER_KNOTS.);
#8614 = CARTESIAN_POINT('',(-1.10275233595,-0.96841178683,0.8600001));
#8615 = CARTESIAN_POINT('',(-1.082026523516,-0.96841178683,0.8600001));
#8616 = CARTESIAN_POINT('',(-1.065156673192,-0.985281637154,0.8600001));
#8617 = CARTESIAN_POINT('',(-1.065156673192,-1.006007449588,0.8600001));
#8618 = ORIENTED_EDGE('',*,*,#8619,.F.);
#8619 = EDGE_CURVE('',#8620,#8611,#8622,.T.);
#8620 = VERTEX_POINT('',#8621);
#8621 = CARTESIAN_POINT('',(-1.106608298061,-0.96841178683,0.8600001));
#8622 = B_SPLINE_CURVE_WITH_KNOTS('',3,(#8623,#8624,#8625,#8626),
  .UNSPECIFIED.,.F.,.F.,(4,4),(22.,23.),.PIECEWISE_BEZIER_KNOTS.);
#8623 = CARTESIAN_POINT('',(-1.106608298061,-0.96841178683,0.8600001));
#8624 = CARTESIAN_POINT('',(-1.105162314568,-0.96841178683,0.8600001));
#8625 = CARTESIAN_POINT('',(-1.104198319443,-0.96841178683,0.8600001));
#8626 = CARTESIAN_POINT('',(-1.10275233595,-0.96841178683,0.8600001));
#8627 = ORIENTED_EDGE('',*,*,#8628,.F.);
#8628 = EDGE_CURVE('',#8629,#8620,#8631,.T.);
#8629 = VERTEX_POINT('',#8630);
#8630 = CARTESIAN_POINT('',(-1.174087699354,-0.90816232139,0.8600001));
#8631 = B_SPLINE_CURVE_WITH_KNOTS('',3,(#8632,#8633,#8634,#8635),
  .UNSPECIFIED.,.F.,.F.,(4,4),(21.,22.),.PIECEWISE_BEZIER_KNOTS.);
#8632 = CARTESIAN_POINT('',(-1.174087699354,-0.90816232139,0.8600001));
#8633 = CARTESIAN_POINT('',(-1.139384003583,-0.90816232139,0.8600001));
#8634 = CARTESIAN_POINT('',(-1.110464260172,-0.934672086184,0.8600001));
#8635 = CARTESIAN_POINT('',(-1.106608298061,-0.96841178683,0.8600001));
#8636 = ORIENTED_EDGE('',*,*,#8637,.F.);
#8637 = EDGE_CURVE('',#8638,#8629,#8640,.T.);
#8638 = VERTEX_POINT('',#8639);
#8639 = CARTESIAN_POINT('',(-1.238675115275,-0.954433885107,0.8600001));
#8640 = B_SPLINE_CURVE_WITH_KNOTS('',3,(#8641,#8642,#8643,#8644),
  .UNSPECIFIED.,.F.,.F.,(4,4),(20.,21.),.PIECEWISE_BEZIER_KNOTS.);
#8641 = CARTESIAN_POINT('',(-1.238675115275,-0.954433885107,0.8600001));
#8642 = CARTESIAN_POINT('',(-1.22951720756,-0.927442150331,0.8600001));
#8643 = CARTESIAN_POINT('',(-1.204453426259,-0.90816232139,0.8600001));
#8644 = CARTESIAN_POINT('',(-1.174087699354,-0.90816232139,0.8600001));
#8645 = ORIENTED_EDGE('',*,*,#8646,.F.);
#8646 = EDGE_CURVE('',#8647,#8638,#8649,.T.);
#8647 = VERTEX_POINT('',#8648);
#8648 = CARTESIAN_POINT('',(-1.264220884944,-0.947203949254,0.8600001));
#8649 = B_SPLINE_CURVE_WITH_KNOTS('',3,(#8650,#8651,#8652,#8653),
  .UNSPECIFIED.,.F.,.F.,(4,4),(19.,20.),.PIECEWISE_BEZIER_KNOTS.);
#8650 = CARTESIAN_POINT('',(-1.264220884944,-0.947203949254,0.8600001));
#8651 = CARTESIAN_POINT('',(-1.255062968036,-0.947203949254,0.8600001));
#8652 = CARTESIAN_POINT('',(-1.245905051127,-0.950095925434,0.8600001));
#8653 = CARTESIAN_POINT('',(-1.238675115275,-0.954433885107,0.8600001));
#8654 = ORIENTED_EDGE('',*,*,#8655,.F.);
#8655 = EDGE_CURVE('',#8656,#8647,#8658,.T.);
#8656 = VERTEX_POINT('',#8657);
#8657 = CARTESIAN_POINT('',(-1.312420457296,-0.995403521606,0.8600001));
#8658 = B_SPLINE_CURVE_WITH_KNOTS('',3,(#8659,#8660,#8661,#8662),
  .UNSPECIFIED.,.F.,.F.,(4,4),(18.,19.),.PIECEWISE_BEZIER_KNOTS.);
#8659 = CARTESIAN_POINT('',(-1.312420457296,-0.995403521606,0.8600001));
#8660 = CARTESIAN_POINT('',(-1.312420457296,-0.968893756812,0.8600001));
#8661 = CARTESIAN_POINT('',(-1.290730649738,-0.947203949254,0.8600001));
#8662 = CARTESIAN_POINT('',(-1.264220884944,-0.947203949254,0.8600001));
#8663 = ORIENTED_EDGE('',*,*,#8664,.F.);
#8664 = EDGE_CURVE('',#8665,#8656,#8667,.T.);
#8665 = VERTEX_POINT('',#8666);
#8666 = CARTESIAN_POINT('',(-1.283500713885,-1.039747131848,0.8600001));
#8667 = B_SPLINE_CURVE_WITH_KNOTS('',3,(#8668,#8669,#8670,#8671),
  .UNSPECIFIED.,.F.,.F.,(4,4),(17.,18.),.PIECEWISE_BEZIER_KNOTS.);
#8668 = CARTESIAN_POINT('',(-1.283500713885,-1.039747131848,0.8600001));
#8669 = CARTESIAN_POINT('',(-1.300370564208,-1.032035198433,0.8600001));
#8670 = CARTESIAN_POINT('',(-1.312420457296,-1.01516534811,0.8600001));
#8671 = CARTESIAN_POINT('',(-1.312420457296,-0.995403521606,0.8600001));
#8672 = ORIENTED_EDGE('',*,*,#8673,.F.);
#8673 = EDGE_CURVE('',#8674,#8665,#8676,.T.);
#8674 = VERTEX_POINT('',#8675);
#8675 = CARTESIAN_POINT('',(-1.238193117712,-1.007935412257,0.8600001));
#8676 = B_SPLINE_CURVE_WITH_KNOTS('',3,(#8677,#8678,#8679,#8680),
  .UNSPECIFIED.,.F.,.F.,(4,4),(16.,17.),.PIECEWISE_BEZIER_KNOTS.);
#8677 = CARTESIAN_POINT('',(-1.238193117712,-1.007935412257,0.8600001));
#8678 = CARTESIAN_POINT('',(-1.25891893934,-1.007935412257,0.8600001));
#8679 = CARTESIAN_POINT('',(-1.276752775594,-1.021431288838,0.8600001));
#8680 = CARTESIAN_POINT('',(-1.283500713885,-1.039747131848,0.8600001));
#8681 = ORIENTED_EDGE('',*,*,#8682,.F.);
#8682 = EDGE_CURVE('',#8683,#8674,#8685,.T.);
#8683 = VERTEX_POINT('',#8684);
#8684 = CARTESIAN_POINT('',(-1.202043438448,-1.024323265018,0.8600001));
#8685 = B_SPLINE_CURVE_WITH_KNOTS('',3,(#8686,#8687,#8688,#8689),
  .UNSPECIFIED.,.F.,.F.,(4,4),(15.,16.),.PIECEWISE_BEZIER_KNOTS.);
#8686 = CARTESIAN_POINT('',(-1.202043438448,-1.024323265018,0.8600001));
#8687 = CARTESIAN_POINT('',(-1.210719357794,-1.014201352985,0.8600001));
#8688 = CARTESIAN_POINT('',(-1.223733246007,-1.007935412257,0.8600001));
#8689 = CARTESIAN_POINT('',(-1.238193117712,-1.007935412257,0.8600001));
#8690 = ORIENTED_EDGE('',*,*,#8691,.F.);
#8691 = EDGE_CURVE('',#8692,#8683,#8694,.T.);
#8692 = VERTEX_POINT('',#8693);
#8693 = CARTESIAN_POINT('',(-1.137456013334,-0.990583564371,0.8600001));
#8694 = B_SPLINE_CURVE_WITH_KNOTS('',1,(#8695,#8696),.UNSPECIFIED.,.F.,
  .F.,(2,2),(0.,7.286908042864E-02),.PIECEWISE_BEZIER_KNOTS.);
#8695 = CARTESIAN_POINT('',(-1.137456013334,-0.990583564371,0.8600001));
#8696 = CARTESIAN_POINT('',(-1.202043438448,-1.024323265018,0.8600001));
#8697 = ORIENTED_EDGE('',*,*,#8698,.F.);
#8698 = EDGE_CURVE('',#8699,#8692,#8701,.T.);
#8699 = VERTEX_POINT('',#8700);
#8700 = CARTESIAN_POINT('',(-1.12251415326,-1.016129343234,0.8600001));
#8701 = B_SPLINE_CURVE_WITH_KNOTS('',1,(#8702,#8703),.UNSPECIFIED.,.F.,
  .F.,(2,2),(0.,2.959469547388E-02),.PIECEWISE_BEZIER_KNOTS.);
#8702 = CARTESIAN_POINT('',(-1.12251415326,-1.016129343234,0.8600001));
#8703 = CARTESIAN_POINT('',(-1.137456013334,-0.990583564371,0.8600001));
#8704 = ORIENTED_EDGE('',*,*,#8705,.F.);
#8705 = EDGE_CURVE('',#8706,#8699,#8708,.T.);
#8706 = VERTEX_POINT('',#8707);
#8707 = CARTESIAN_POINT('',(-1.189993554553,-1.051797024936,0.8600001));
#8708 = B_SPLINE_CURVE_WITH_KNOTS('',1,(#8709,#8710),.UNSPECIFIED.,.F.,
  .F.,(2,2),(1.96308513944E-16,7.632596620359E-02),
  .PIECEWISE_BEZIER_KNOTS.);
#8709 = CARTESIAN_POINT('',(-1.189993554553,-1.051797024936,0.8600001));
#8710 = CARTESIAN_POINT('',(-1.12251415326,-1.016129343234,0.8600001));
#8711 = ORIENTED_EDGE('',*,*,#8712,.F.);
#8712 = EDGE_CURVE('',#8713,#8706,#8715,.T.);
#8713 = VERTEX_POINT('',#8714);
#8714 = CARTESIAN_POINT('',(-1.189993554553,-1.056616982171,0.8600001));
#8715 = B_SPLINE_CURVE_WITH_KNOTS('',3,(#8716,#8717,#8718,#8719),
  .UNSPECIFIED.,.F.,.F.,(4,4),(11.,12.),.PIECEWISE_BEZIER_KNOTS.);
#8716 = CARTESIAN_POINT('',(-1.189993554553,-1.056616982171,0.8600001));
#8717 = CARTESIAN_POINT('',(-1.189993554553,-1.055170998678,0.8600001));
#8718 = CARTESIAN_POINT('',(-1.189993554553,-1.053725015185,0.8600001));
#8719 = CARTESIAN_POINT('',(-1.189993554553,-1.051797024936,0.8600001));
#8720 = ORIENTED_EDGE('',*,*,#8721,.F.);
#8721 = EDGE_CURVE('',#8722,#8713,#8724,.T.);
#8722 = VERTEX_POINT('',#8723);
#8723 = CARTESIAN_POINT('',(-1.238193126906,-1.104816554524,0.8600001));
#8724 = B_SPLINE_CURVE_WITH_KNOTS('',3,(#8725,#8726,#8727,#8728),
  .UNSPECIFIED.,.F.,.F.,(4,4),(10.,11.),.PIECEWISE_BEZIER_KNOTS.);
#8725 = CARTESIAN_POINT('',(-1.238193126906,-1.104816554524,0.8600001));
#8726 = CARTESIAN_POINT('',(-1.211683362112,-1.104816554524,0.8600001));
#8727 = CARTESIAN_POINT('',(-1.189993554553,-1.083126746965,0.8600001));
#8728 = CARTESIAN_POINT('',(-1.189993554553,-1.056616982171,0.8600001));
#8729 = ORIENTED_EDGE('',*,*,#8730,.F.);
#8730 = EDGE_CURVE('',#8731,#8722,#8733,.T.);
#8731 = VERTEX_POINT('',#8732);
#8732 = CARTESIAN_POINT('',(-1.283982725237,-1.072040849001,0.8600001));
#8733 = B_SPLINE_CURVE_WITH_KNOTS('',3,(#8734,#8735,#8736,#8737),
  .UNSPECIFIED.,.F.,.F.,(4,4),(9.,10.),.PIECEWISE_BEZIER_KNOTS.);
#8734 = CARTESIAN_POINT('',(-1.283982725237,-1.072040849001,0.8600001));
#8735 = CARTESIAN_POINT('',(-1.277716779912,-1.091320677943,0.8600001));
#8736 = CARTESIAN_POINT('',(-1.259400946095,-1.104816554524,0.8600001));
#8737 = CARTESIAN_POINT('',(-1.238193126906,-1.104816554524,0.8600001));
#8738 = ORIENTED_EDGE('',*,*,#8739,.F.);
#8739 = EDGE_CURVE('',#8740,#8731,#8742,.T.);
#8740 = VERTEX_POINT('',#8741);
#8741 = CARTESIAN_POINT('',(-1.322542383119,-1.04890505795,0.8600001));
#8742 = B_SPLINE_CURVE_WITH_KNOTS('',3,(#8743,#8744,#8745,#8746),
  .UNSPECIFIED.,.F.,.F.,(4,4),(8.,9.),.PIECEWISE_BEZIER_KNOTS.);
#8743 = CARTESIAN_POINT('',(-1.322542383119,-1.04890505795,0.8600001));
#8744 = CARTESIAN_POINT('',(-1.311938478121,-1.060472962669,0.8600001));
#8745 = CARTESIAN_POINT('',(-1.298924589908,-1.06818488689,0.8600001));
#8746 = CARTESIAN_POINT('',(-1.283982725237,-1.072040849001,0.8600001));
#8747 = ORIENTED_EDGE('',*,*,#8748,.F.);
#8748 = EDGE_CURVE('',#8749,#8740,#8751,.T.);
#8749 = VERTEX_POINT('',#8750);
#8750 = CARTESIAN_POINT('',(-1.342786202588,-0.996367535117,0.8600001));
#8751 = B_SPLINE_CURVE_WITH_KNOTS('',3,(#8752,#8753,#8754,#8755),
  .UNSPECIFIED.,.F.,.F.,(4,4),(7.,8.),.PIECEWISE_BEZIER_KNOTS.);
#8752 = CARTESIAN_POINT('',(-1.342786202588,-0.996367535117,0.8600001));
#8753 = CARTESIAN_POINT('',(-1.342786202588,-1.015647364058,0.8600001));
#8754 = CARTESIAN_POINT('',(-1.335556266735,-1.03444520463,0.8600001));
#8755 = CARTESIAN_POINT('',(-1.322542383119,-1.04890505795,0.8600001));
#8756 = ORIENTED_EDGE('',*,*,#8757,.F.);
#8757 = EDGE_CURVE('',#8758,#8749,#8760,.T.);
#8758 = VERTEX_POINT('',#8759);
#8759 = CARTESIAN_POINT('',(-1.320132390711,-0.941420029071,0.8600001));
#8760 = B_SPLINE_CURVE_WITH_KNOTS('',3,(#8761,#8762,#8763,#8764),
  .UNSPECIFIED.,.F.,.F.,(4,4),(6.,7.),.PIECEWISE_BEZIER_KNOTS.);
#8761 = CARTESIAN_POINT('',(-1.320132390711,-0.941420029071,0.8600001));
#8762 = CARTESIAN_POINT('',(-1.334592275058,-0.95587989618,0.8600001));
#8763 = CARTESIAN_POINT('',(-1.342786202588,-0.975641722683,0.8600001));
#8764 = CARTESIAN_POINT('',(-1.342786202588,-0.996367535117,0.8600001));
#8765 = ORIENTED_EDGE('',*,*,#8766,.F.);
#8766 = EDGE_CURVE('',#8767,#8758,#8769,.T.);
#8767 = VERTEX_POINT('',#8768);
#8768 = CARTESIAN_POINT('',(-1.264702882506,-0.918284233422,0.8600001));
#8769 = B_SPLINE_CURVE_WITH_KNOTS('',3,(#8770,#8771,#8772,#8773),
  .UNSPECIFIED.,.F.,.F.,(4,4),(5.,6.),.PIECEWISE_BEZIER_KNOTS.);
#8770 = CARTESIAN_POINT('',(-1.264702882506,-0.918284233422,0.8600001));
#8771 = CARTESIAN_POINT('',(-1.285428699537,-0.918284233422,0.8600001));
#8772 = CARTESIAN_POINT('',(-1.305190521444,-0.926478159803,0.8600001));
#8773 = CARTESIAN_POINT('',(-1.320132390711,-0.941420029071,0.8600001));
#8774 = ORIENTED_EDGE('',*,*,#8775,.F.);
#8775 = EDGE_CURVE('',#8776,#8767,#8778,.T.);
#8776 = VERTEX_POINT('',#8777);
#8777 = CARTESIAN_POINT('',(-1.253616984542,-0.91924822395,0.8600001));
#8778 = B_SPLINE_CURVE_WITH_KNOTS('',3,(#8779,#8780,#8781,#8782),
  .UNSPECIFIED.,.F.,.F.,(4,4),(4.,5.),.PIECEWISE_BEZIER_KNOTS.);
#8779 = CARTESIAN_POINT('',(-1.253616984542,-0.91924822395,0.8600001));
#8780 = CARTESIAN_POINT('',(-1.257472946653,-0.918766226388,0.8600001));
#8781 = CARTESIAN_POINT('',(-1.260846920395,-0.918284233422,0.8600001));
#8782 = CARTESIAN_POINT('',(-1.264702882506,-0.918284233422,0.8600001));
#8783 = ORIENTED_EDGE('',*,*,#8784,.F.);
#8784 = EDGE_CURVE('',#8785,#8776,#8787,.T.);
#8785 = VERTEX_POINT('',#8786);
#8786 = CARTESIAN_POINT('',(-1.232409174546,-0.898040411656,0.8600001));
#8787 = B_SPLINE_CURVE_WITH_KNOTS('',3,(#8788,#8789,#8790,#8791),
  .UNSPECIFIED.,.F.,.F.,(4,4),(3.,4.),.PIECEWISE_BEZIER_KNOTS.);
#8788 = CARTESIAN_POINT('',(-1.232409174546,-0.898040411656,0.8600001));
#8789 = CARTESIAN_POINT('',(-1.240603105523,-0.903824361717,0.8600001));
#8790 = CARTESIAN_POINT('',(-1.247351043814,-0.911054297569,0.8600001));
#8791 = CARTESIAN_POINT('',(-1.253616984542,-0.91924822395,0.8600001));
#8792 = ORIENTED_EDGE('',*,*,#8793,.F.);
#8793 = EDGE_CURVE('',#8794,#8785,#8796,.T.);
#8794 = VERTEX_POINT('',#8795);
#8795 = CARTESIAN_POINT('',(-1.174569687723,-0.879242577978,0.8600001));
#8796 = B_SPLINE_CURVE_WITH_KNOTS('',3,(#8797,#8798,#8799,#8800),
  .UNSPECIFIED.,.F.,.F.,(4,4),(2.,3.),.PIECEWISE_BEZIER_KNOTS.);
#8797 = CARTESIAN_POINT('',(-1.174569687723,-0.879242577978,0.8600001));
#8798 = CARTESIAN_POINT('',(-1.195777497719,-0.879242577978,0.8600001));
#8799 = CARTESIAN_POINT('',(-1.215539324223,-0.885990517993,0.8600001));
#8800 = CARTESIAN_POINT('',(-1.232409174546,-0.898040411656,0.8600001));
#8801 = ORIENTED_EDGE('',*,*,#8802,.F.);
#8802 = EDGE_CURVE('',#8803,#8794,#8805,.T.);
#8803 = VERTEX_POINT('',#8804);
#8804 = CARTESIAN_POINT('',(-1.109018276678,-0.904306356981,0.8600001));
#8805 = B_SPLINE_CURVE_WITH_KNOTS('',3,(#8806,#8807,#8808,#8809),
  .UNSPECIFIED.,.F.,.F.,(4,4),(1.,2.),.PIECEWISE_BEZIER_KNOTS.);
#8806 = CARTESIAN_POINT('',(-1.109018276678,-0.904306356981,0.8600001));
#8807 = CARTESIAN_POINT('',(-1.127334110495,-0.88840049661,0.8600001));
#8808 = CARTESIAN_POINT('',(-1.150469901547,-0.879242577978,0.8600001));
#8809 = CARTESIAN_POINT('',(-1.174569687723,-0.879242577978,0.8600001));
#8810 = ORIENTED_EDGE('',*,*,#8811,.F.);
#8811 = EDGE_CURVE('',#8534,#8803,#8812,.T.);
#8812 = B_SPLINE_CURVE_WITH_KNOTS('',3,(#8813,#8814,#8815,#8816),
  .UNSPECIFIED.,.F.,.F.,(4,4),(0.,1.),.PIECEWISE_BEZIER_KNOTS.);
#8813 = CARTESIAN_POINT('',(-1.082990500253,-0.942384019598,0.8600001));
#8814 = CARTESIAN_POINT('',(-1.088292445857,-0.927924147893,0.8600001));
#8815 = CARTESIAN_POINT('',(-1.097450371959,-0.914910264277,0.8600001));
#8816 = CARTESIAN_POINT('',(-1.109018276678,-0.904306356981,0.8600001));
#8817 = FACE_BOUND('',#8818,.T.);
#8818 = EDGE_LOOP('',(#8819,#8832));
#8819 = ORIENTED_EDGE('',*,*,#8820,.T.);
#8820 = EDGE_CURVE('',#8821,#8823,#8825,.T.);
#8821 = VERTEX_POINT('',#8822);
#8822 = CARTESIAN_POINT('',(-1.238675124468,-1.038301166741,0.8600001));
#8823 = VERTEX_POINT('',#8824);
#8824 = CARTESIAN_POINT('',(-1.238675124468,-1.075896847886,0.8600001));
#8825 = B_SPLINE_CURVE_WITH_KNOTS('',3,(#8826,#8827,#8828,#8829,#8830,
    #8831),.UNSPECIFIED.,.F.,.F.,(4,2,4),(2.,3.,4.),.UNSPECIFIED.);
#8826 = CARTESIAN_POINT('',(-1.238675124468,-1.038301166741,0.8600001));
#8827 = CARTESIAN_POINT('',(-1.2487970365,-1.038301166741,0.8600001));
#8828 = CARTESIAN_POINT('',(-1.257472955847,-1.046495097719,0.8600001));
#8829 = CARTESIAN_POINT('',(-1.257472955847,-1.067702916908,0.8600001));
#8830 = CARTESIAN_POINT('',(-1.2487970365,-1.075896847886,0.8600001));
#8831 = CARTESIAN_POINT('',(-1.238675124468,-1.075896847886,0.8600001));
#8832 = ORIENTED_EDGE('',*,*,#8833,.T.);
#8833 = EDGE_CURVE('',#8823,#8821,#8834,.T.);
#8834 = B_SPLINE_CURVE_WITH_KNOTS('',3,(#8835,#8836,#8837,#8838,#8839,
    #8840,#8841),.UNSPECIFIED.,.F.,.F.,(4,3,4),(0.,1.,2.),
  .PIECEWISE_BEZIER_KNOTS.);
#8835 = CARTESIAN_POINT('',(-1.238675124468,-1.075896847886,0.8600001));
#8836 = CARTESIAN_POINT('',(-1.228071224066,-1.075896847886,0.8600001));
#8837 = CARTESIAN_POINT('',(-1.219877293089,-1.067220910153,0.8600001));
#8838 = CARTESIAN_POINT('',(-1.219877293089,-1.057099007313,0.8600001));
#8839 = CARTESIAN_POINT('',(-1.219877293089,-1.046495097719,0.8600001));
#8840 = CARTESIAN_POINT('',(-1.228553212435,-1.038301166741,0.8600001));
#8841 = CARTESIAN_POINT('',(-1.238675124468,-1.038301166741,0.8600001));
#8842 = B_SPLINE_SURFACE_WITH_KNOTS('',1,1,(
    (#8843,#8844)
    ,(#8845,#8846
    )),.UNSPECIFIED.,.F.,.F.,.F.,(2,2),(2,2),(-1.373687536253E-02,
    0.293776392569),(-0.138453250438,8.712072610774E-02),
  .PIECEWISE_BEZIER_KNOTS.);
#8843 = CARTESIAN_POINT('',(-1.035272934656,-1.104816554524,0.8600001));
#8844 = CARTESIAN_POINT('',(-1.035272934656,-0.879242577978,0.8600001));
#8845 = CARTESIAN_POINT('',(-1.342786202588,-1.104816554524,0.8600001));
#8846 = CARTESIAN_POINT('',(-1.342786202588,-0.879242577978,0.8600001));
#8847 = ADVANCED_FACE('',(#8848),#8862,.F.);
#8848 = FACE_BOUND('',#8849,.F.);
#8849 = EDGE_LOOP('',(#8850,#8855,#8856,#8861));
#8850 = ORIENTED_EDGE('',*,*,#8851,.F.);
#8851 = EDGE_CURVE('',#8212,#8532,#8852,.T.);
#8852 = B_SPLINE_CURVE_WITH_KNOTS('',1,(#8853,#8854),.UNSPECIFIED.,.F.,
  .F.,(2,2),(-0.,1.E-02),.PIECEWISE_BEZIER_KNOTS.);
#8853 = CARTESIAN_POINT('',(-1.035272934656,-1.005525442832,0.8700001));
#8854 = CARTESIAN_POINT('',(-1.035272934656,-1.005525442832,0.8600001));
#8855 = ORIENTED_EDGE('',*,*,#8211,.T.);
#8856 = ORIENTED_EDGE('',*,*,#8857,.T.);
#8857 = EDGE_CURVE('',#8214,#8534,#8858,.T.);
#8858 = B_SPLINE_CURVE_WITH_KNOTS('',1,(#8859,#8860),.UNSPECIFIED.,.F.,
  .F.,(2,2),(-0.,1.E-02),.PIECEWISE_BEZIER_KNOTS.);
#8859 = CARTESIAN_POINT('',(-1.082990500253,-0.942384019598,0.8700001));
#8860 = CARTESIAN_POINT('',(-1.082990500253,-0.942384019598,0.8600001));
#8861 = ORIENTED_EDGE('',*,*,#8531,.F.);
#8862 = B_SPLINE_SURFACE_WITH_KNOTS('',3,1,(
    (#8863,#8864)
    ,(#8865,#8866)
    ,(#8867,#8868)
    ,(#8869,#8870
    )),.UNSPECIFIED.,.F.,.F.,.F.,(4,4),(2,2),(35.,36.),(0.,1.),
  .PIECEWISE_BEZIER_KNOTS.);
#8863 = CARTESIAN_POINT('',(-1.035272934656,-1.005525442832,0.8700001));
#8864 = CARTESIAN_POINT('',(-1.035272934656,-1.005525442832,0.8600001));
#8865 = CARTESIAN_POINT('',(-1.035754923025,-0.976605717807,0.8700001));
#8866 = CARTESIAN_POINT('',(-1.035754923025,-0.976605717807,0.8600001));
#8867 = CARTESIAN_POINT('',(-1.055516758722,-0.951059938945,0.8700001));
#8868 = CARTESIAN_POINT('',(-1.055516758722,-0.951059938945,0.8600001));
#8869 = CARTESIAN_POINT('',(-1.082990500253,-0.942384019598,0.8700001));
#8870 = CARTESIAN_POINT('',(-1.082990500253,-0.942384019598,0.8600001));
#8871 = ADVANCED_FACE('',(#8872),#8882,.F.);
#8872 = FACE_BOUND('',#8873,.F.);
#8873 = EDGE_LOOP('',(#8874,#8875,#8876,#8881));
#8874 = ORIENTED_EDGE('',*,*,#8857,.F.);
#8875 = ORIENTED_EDGE('',*,*,#8222,.T.);
#8876 = ORIENTED_EDGE('',*,*,#8877,.T.);
#8877 = EDGE_CURVE('',#8223,#8803,#8878,.T.);
#8878 = B_SPLINE_CURVE_WITH_KNOTS('',1,(#8879,#8880),.UNSPECIFIED.,.F.,
  .F.,(2,2),(-0.,1.E-02),.PIECEWISE_BEZIER_KNOTS.);
#8879 = CARTESIAN_POINT('',(-1.109018276678,-0.904306356981,0.8700001));
#8880 = CARTESIAN_POINT('',(-1.109018276678,-0.904306356981,0.8600001));
#8881 = ORIENTED_EDGE('',*,*,#8811,.F.);
#8882 = B_SPLINE_SURFACE_WITH_KNOTS('',3,1,(
    (#8883,#8884)
    ,(#8885,#8886)
    ,(#8887,#8888)
    ,(#8889,#8890
    )),.UNSPECIFIED.,.F.,.F.,.F.,(4,4),(2,2),(0.,1.),(0.,1.),
  .PIECEWISE_BEZIER_KNOTS.);
#8883 = CARTESIAN_POINT('',(-1.082990500253,-0.942384019598,0.8700001));
#8884 = CARTESIAN_POINT('',(-1.082990500253,-0.942384019598,0.8600001));
#8885 = CARTESIAN_POINT('',(-1.088292445857,-0.927924147893,0.8700001));
#8886 = CARTESIAN_POINT('',(-1.088292445857,-0.927924147893,0.8600001));
#8887 = CARTESIAN_POINT('',(-1.097450371959,-0.914910264277,0.8700001));
#8888 = CARTESIAN_POINT('',(-1.097450371959,-0.914910264277,0.8600001));
#8889 = CARTESIAN_POINT('',(-1.109018276678,-0.904306356981,0.8700001));
#8890 = CARTESIAN_POINT('',(-1.109018276678,-0.904306356981,0.8600001));
#8891 = ADVANCED_FACE('',(#8892),#8902,.F.);
#8892 = FACE_BOUND('',#8893,.F.);
#8893 = EDGE_LOOP('',(#8894,#8895,#8896,#8901));
#8894 = ORIENTED_EDGE('',*,*,#8877,.F.);
#8895 = ORIENTED_EDGE('',*,*,#8231,.T.);
#8896 = ORIENTED_EDGE('',*,*,#8897,.T.);
#8897 = EDGE_CURVE('',#8232,#8794,#8898,.T.);
#8898 = B_SPLINE_CURVE_WITH_KNOTS('',1,(#8899,#8900),.UNSPECIFIED.,.F.,
  .F.,(2,2),(-0.,1.E-02),.PIECEWISE_BEZIER_KNOTS.);
#8899 = CARTESIAN_POINT('',(-1.174569687723,-0.879242577978,0.8700001));
#8900 = CARTESIAN_POINT('',(-1.174569687723,-0.879242577978,0.8600001));
#8901 = ORIENTED_EDGE('',*,*,#8802,.F.);
#8902 = B_SPLINE_SURFACE_WITH_KNOTS('',3,1,(
    (#8903,#8904)
    ,(#8905,#8906)
    ,(#8907,#8908)
    ,(#8909,#8910
    )),.UNSPECIFIED.,.F.,.F.,.F.,(4,4),(2,2),(1.,2.),(0.,1.),
  .PIECEWISE_BEZIER_KNOTS.);
#8903 = CARTESIAN_POINT('',(-1.109018276678,-0.904306356981,0.8700001));
#8904 = CARTESIAN_POINT('',(-1.109018276678,-0.904306356981,0.8600001));
#8905 = CARTESIAN_POINT('',(-1.127334110495,-0.88840049661,0.8700001));
#8906 = CARTESIAN_POINT('',(-1.127334110495,-0.88840049661,0.8600001));
#8907 = CARTESIAN_POINT('',(-1.150469901547,-0.879242577978,0.8700001));
#8908 = CARTESIAN_POINT('',(-1.150469901547,-0.879242577978,0.8600001));
#8909 = CARTESIAN_POINT('',(-1.174569687723,-0.879242577978,0.8700001));
#8910 = CARTESIAN_POINT('',(-1.174569687723,-0.879242577978,0.8600001));
#8911 = ADVANCED_FACE('',(#8912),#8922,.F.);
#8912 = FACE_BOUND('',#8913,.F.);
#8913 = EDGE_LOOP('',(#8914,#8915,#8916,#8921));
#8914 = ORIENTED_EDGE('',*,*,#8897,.F.);
#8915 = ORIENTED_EDGE('',*,*,#8240,.T.);
#8916 = ORIENTED_EDGE('',*,*,#8917,.T.);
#8917 = EDGE_CURVE('',#8241,#8785,#8918,.T.);
#8918 = B_SPLINE_CURVE_WITH_KNOTS('',1,(#8919,#8920),.UNSPECIFIED.,.F.,
  .F.,(2,2),(-0.,1.E-02),.PIECEWISE_BEZIER_KNOTS.);
#8919 = CARTESIAN_POINT('',(-1.232409174546,-0.898040411656,0.8700001));
#8920 = CARTESIAN_POINT('',(-1.232409174546,-0.898040411656,0.8600001));
#8921 = ORIENTED_EDGE('',*,*,#8793,.F.);
#8922 = B_SPLINE_SURFACE_WITH_KNOTS('',3,1,(
    (#8923,#8924)
    ,(#8925,#8926)
    ,(#8927,#8928)
    ,(#8929,#8930
    )),.UNSPECIFIED.,.F.,.F.,.F.,(4,4),(2,2),(2.,3.),(0.,1.),
  .PIECEWISE_BEZIER_KNOTS.);
#8923 = CARTESIAN_POINT('',(-1.174569687723,-0.879242577978,0.8700001));
#8924 = CARTESIAN_POINT('',(-1.174569687723,-0.879242577978,0.8600001));
#8925 = CARTESIAN_POINT('',(-1.195777497719,-0.879242577978,0.8700001));
#8926 = CARTESIAN_POINT('',(-1.195777497719,-0.879242577978,0.8600001));
#8927 = CARTESIAN_POINT('',(-1.215539324223,-0.885990517993,0.8700001));
#8928 = CARTESIAN_POINT('',(-1.215539324223,-0.885990517993,0.8600001));
#8929 = CARTESIAN_POINT('',(-1.232409174546,-0.898040411656,0.8700001));
#8930 = CARTESIAN_POINT('',(-1.232409174546,-0.898040411656,0.8600001));
#8931 = ADVANCED_FACE('',(#8932),#8942,.F.);
#8932 = FACE_BOUND('',#8933,.F.);
#8933 = EDGE_LOOP('',(#8934,#8935,#8936,#8941));
#8934 = ORIENTED_EDGE('',*,*,#8917,.F.);
#8935 = ORIENTED_EDGE('',*,*,#8249,.T.);
#8936 = ORIENTED_EDGE('',*,*,#8937,.T.);
#8937 = EDGE_CURVE('',#8250,#8776,#8938,.T.);
#8938 = B_SPLINE_CURVE_WITH_KNOTS('',1,(#8939,#8940),.UNSPECIFIED.,.F.,
  .F.,(2,2),(-0.,1.E-02),.PIECEWISE_BEZIER_KNOTS.);
#8939 = CARTESIAN_POINT('',(-1.253616984542,-0.91924822395,0.8700001));
#8940 = CARTESIAN_POINT('',(-1.253616984542,-0.91924822395,0.8600001));
#8941 = ORIENTED_EDGE('',*,*,#8784,.F.);
#8942 = B_SPLINE_SURFACE_WITH_KNOTS('',3,1,(
    (#8943,#8944)
    ,(#8945,#8946)
    ,(#8947,#8948)
    ,(#8949,#8950
    )),.UNSPECIFIED.,.F.,.F.,.F.,(4,4),(2,2),(3.,4.),(0.,1.),
  .PIECEWISE_BEZIER_KNOTS.);
#8943 = CARTESIAN_POINT('',(-1.232409174546,-0.898040411656,0.8700001));
#8944 = CARTESIAN_POINT('',(-1.232409174546,-0.898040411656,0.8600001));
#8945 = CARTESIAN_POINT('',(-1.240603105523,-0.903824361717,0.8700001));
#8946 = CARTESIAN_POINT('',(-1.240603105523,-0.903824361717,0.8600001));
#8947 = CARTESIAN_POINT('',(-1.247351043814,-0.911054297569,0.8700001));
#8948 = CARTESIAN_POINT('',(-1.247351043814,-0.911054297569,0.8600001));
#8949 = CARTESIAN_POINT('',(-1.253616984542,-0.91924822395,0.8700001));
#8950 = CARTESIAN_POINT('',(-1.253616984542,-0.91924822395,0.8600001));
#8951 = ADVANCED_FACE('',(#8952),#8962,.F.);
#8952 = FACE_BOUND('',#8953,.F.);
#8953 = EDGE_LOOP('',(#8954,#8955,#8956,#8961));
#8954 = ORIENTED_EDGE('',*,*,#8937,.F.);
#8955 = ORIENTED_EDGE('',*,*,#8258,.T.);
#8956 = ORIENTED_EDGE('',*,*,#8957,.T.);
#8957 = EDGE_CURVE('',#8259,#8767,#8958,.T.);
#8958 = B_SPLINE_CURVE_WITH_KNOTS('',1,(#8959,#8960),.UNSPECIFIED.,.F.,
  .F.,(2,2),(-0.,1.E-02),.PIECEWISE_BEZIER_KNOTS.);
#8959 = CARTESIAN_POINT('',(-1.264702882506,-0.918284233422,0.8700001));
#8960 = CARTESIAN_POINT('',(-1.264702882506,-0.918284233422,0.8600001));
#8961 = ORIENTED_EDGE('',*,*,#8775,.F.);
#8962 = B_SPLINE_SURFACE_WITH_KNOTS('',3,1,(
    (#8963,#8964)
    ,(#8965,#8966)
    ,(#8967,#8968)
    ,(#8969,#8970
    )),.UNSPECIFIED.,.F.,.F.,.F.,(4,4),(2,2),(4.,5.),(0.,1.),
  .PIECEWISE_BEZIER_KNOTS.);
#8963 = CARTESIAN_POINT('',(-1.253616984542,-0.91924822395,0.8700001));
#8964 = CARTESIAN_POINT('',(-1.253616984542,-0.91924822395,0.8600001));
#8965 = CARTESIAN_POINT('',(-1.257472946653,-0.918766226388,0.8700001));
#8966 = CARTESIAN_POINT('',(-1.257472946653,-0.918766226388,0.8600001));
#8967 = CARTESIAN_POINT('',(-1.260846920395,-0.918284233422,0.8700001));
#8968 = CARTESIAN_POINT('',(-1.260846920395,-0.918284233422,0.8600001));
#8969 = CARTESIAN_POINT('',(-1.264702882506,-0.918284233422,0.8700001));
#8970 = CARTESIAN_POINT('',(-1.264702882506,-0.918284233422,0.8600001));
#8971 = ADVANCED_FACE('',(#8972),#8982,.F.);
#8972 = FACE_BOUND('',#8973,.F.);
#8973 = EDGE_LOOP('',(#8974,#8975,#8976,#8981));
#8974 = ORIENTED_EDGE('',*,*,#8957,.F.);
#8975 = ORIENTED_EDGE('',*,*,#8267,.T.);
#8976 = ORIENTED_EDGE('',*,*,#8977,.T.);
#8977 = EDGE_CURVE('',#8268,#8758,#8978,.T.);
#8978 = B_SPLINE_CURVE_WITH_KNOTS('',1,(#8979,#8980),.UNSPECIFIED.,.F.,
  .F.,(2,2),(-0.,1.E-02),.PIECEWISE_BEZIER_KNOTS.);
#8979 = CARTESIAN_POINT('',(-1.320132390711,-0.941420029071,0.8700001));
#8980 = CARTESIAN_POINT('',(-1.320132390711,-0.941420029071,0.8600001));
#8981 = ORIENTED_EDGE('',*,*,#8766,.F.);
#8982 = B_SPLINE_SURFACE_WITH_KNOTS('',3,1,(
    (#8983,#8984)
    ,(#8985,#8986)
    ,(#8987,#8988)
    ,(#8989,#8990
    )),.UNSPECIFIED.,.F.,.F.,.F.,(4,4),(2,2),(5.,6.),(0.,1.),
  .PIECEWISE_BEZIER_KNOTS.);
#8983 = CARTESIAN_POINT('',(-1.264702882506,-0.918284233422,0.8700001));
#8984 = CARTESIAN_POINT('',(-1.264702882506,-0.918284233422,0.8600001));
#8985 = CARTESIAN_POINT('',(-1.285428699537,-0.918284233422,0.8700001));
#8986 = CARTESIAN_POINT('',(-1.285428699537,-0.918284233422,0.8600001));
#8987 = CARTESIAN_POINT('',(-1.305190521444,-0.926478159803,0.8700001));
#8988 = CARTESIAN_POINT('',(-1.305190521444,-0.926478159803,0.8600001));
#8989 = CARTESIAN_POINT('',(-1.320132390711,-0.941420029071,0.8700001));
#8990 = CARTESIAN_POINT('',(-1.320132390711,-0.941420029071,0.8600001));
#8991 = ADVANCED_FACE('',(#8992),#9002,.F.);
#8992 = FACE_BOUND('',#8993,.F.);
#8993 = EDGE_LOOP('',(#8994,#8995,#8996,#9001));
#8994 = ORIENTED_EDGE('',*,*,#8977,.F.);
#8995 = ORIENTED_EDGE('',*,*,#8276,.T.);
#8996 = ORIENTED_EDGE('',*,*,#8997,.T.);
#8997 = EDGE_CURVE('',#8277,#8749,#8998,.T.);
#8998 = B_SPLINE_CURVE_WITH_KNOTS('',1,(#8999,#9000),.UNSPECIFIED.,.F.,
  .F.,(2,2),(-0.,1.E-02),.PIECEWISE_BEZIER_KNOTS.);
#8999 = CARTESIAN_POINT('',(-1.342786202588,-0.996367535117,0.8700001));
#9000 = CARTESIAN_POINT('',(-1.342786202588,-0.996367535117,0.8600001));
#9001 = ORIENTED_EDGE('',*,*,#8757,.F.);
#9002 = B_SPLINE_SURFACE_WITH_KNOTS('',3,1,(
    (#9003,#9004)
    ,(#9005,#9006)
    ,(#9007,#9008)
    ,(#9009,#9010
    )),.UNSPECIFIED.,.F.,.F.,.F.,(4,4),(2,2),(6.,7.),(0.,1.),
  .PIECEWISE_BEZIER_KNOTS.);
#9003 = CARTESIAN_POINT('',(-1.320132390711,-0.941420029071,0.8700001));
#9004 = CARTESIAN_POINT('',(-1.320132390711,-0.941420029071,0.8600001));
#9005 = CARTESIAN_POINT('',(-1.334592275058,-0.95587989618,0.8700001));
#9006 = CARTESIAN_POINT('',(-1.334592275058,-0.95587989618,0.8600001));
#9007 = CARTESIAN_POINT('',(-1.342786202588,-0.975641722683,0.8700001));
#9008 = CARTESIAN_POINT('',(-1.342786202588,-0.975641722683,0.8600001));
#9009 = CARTESIAN_POINT('',(-1.342786202588,-0.996367535117,0.8700001));
#9010 = CARTESIAN_POINT('',(-1.342786202588,-0.996367535117,0.8600001));
#9011 = ADVANCED_FACE('',(#9012),#9022,.F.);
#9012 = FACE_BOUND('',#9013,.F.);
#9013 = EDGE_LOOP('',(#9014,#9015,#9016,#9021));
#9014 = ORIENTED_EDGE('',*,*,#8997,.F.);
#9015 = ORIENTED_EDGE('',*,*,#8285,.T.);
#9016 = ORIENTED_EDGE('',*,*,#9017,.T.);
#9017 = EDGE_CURVE('',#8286,#8740,#9018,.T.);
#9018 = B_SPLINE_CURVE_WITH_KNOTS('',1,(#9019,#9020),.UNSPECIFIED.,.F.,
  .F.,(2,2),(-0.,1.E-02),.PIECEWISE_BEZIER_KNOTS.);
#9019 = CARTESIAN_POINT('',(-1.322542383119,-1.04890505795,0.8700001));
#9020 = CARTESIAN_POINT('',(-1.322542383119,-1.04890505795,0.8600001));
#9021 = ORIENTED_EDGE('',*,*,#8748,.F.);
#9022 = B_SPLINE_SURFACE_WITH_KNOTS('',3,1,(
    (#9023,#9024)
    ,(#9025,#9026)
    ,(#9027,#9028)
    ,(#9029,#9030
    )),.UNSPECIFIED.,.F.,.F.,.F.,(4,4),(2,2),(7.,8.),(0.,1.),
  .PIECEWISE_BEZIER_KNOTS.);
#9023 = CARTESIAN_POINT('',(-1.342786202588,-0.996367535117,0.8700001));
#9024 = CARTESIAN_POINT('',(-1.342786202588,-0.996367535117,0.8600001));
#9025 = CARTESIAN_POINT('',(-1.342786202588,-1.015647364058,0.8700001));
#9026 = CARTESIAN_POINT('',(-1.342786202588,-1.015647364058,0.8600001));
#9027 = CARTESIAN_POINT('',(-1.335556266735,-1.03444520463,0.8700001));
#9028 = CARTESIAN_POINT('',(-1.335556266735,-1.03444520463,0.8600001));
#9029 = CARTESIAN_POINT('',(-1.322542383119,-1.04890505795,0.8700001));
#9030 = CARTESIAN_POINT('',(-1.322542383119,-1.04890505795,0.8600001));
#9031 = ADVANCED_FACE('',(#9032),#9042,.F.);
#9032 = FACE_BOUND('',#9033,.F.);
#9033 = EDGE_LOOP('',(#9034,#9035,#9036,#9041));
#9034 = ORIENTED_EDGE('',*,*,#9017,.F.);
#9035 = ORIENTED_EDGE('',*,*,#8294,.T.);
#9036 = ORIENTED_EDGE('',*,*,#9037,.T.);
#9037 = EDGE_CURVE('',#8295,#8731,#9038,.T.);
#9038 = B_SPLINE_CURVE_WITH_KNOTS('',1,(#9039,#9040),.UNSPECIFIED.,.F.,
  .F.,(2,2),(-0.,1.E-02),.PIECEWISE_BEZIER_KNOTS.);
#9039 = CARTESIAN_POINT('',(-1.283982725237,-1.072040849001,0.8700001));
#9040 = CARTESIAN_POINT('',(-1.283982725237,-1.072040849001,0.8600001));
#9041 = ORIENTED_EDGE('',*,*,#8739,.F.);
#9042 = B_SPLINE_SURFACE_WITH_KNOTS('',3,1,(
    (#9043,#9044)
    ,(#9045,#9046)
    ,(#9047,#9048)
    ,(#9049,#9050
    )),.UNSPECIFIED.,.F.,.F.,.F.,(4,4),(2,2),(8.,9.),(0.,1.),
  .PIECEWISE_BEZIER_KNOTS.);
#9043 = CARTESIAN_POINT('',(-1.322542383119,-1.04890505795,0.8700001));
#9044 = CARTESIAN_POINT('',(-1.322542383119,-1.04890505795,0.8600001));
#9045 = CARTESIAN_POINT('',(-1.311938478121,-1.060472962669,0.8700001));
#9046 = CARTESIAN_POINT('',(-1.311938478121,-1.060472962669,0.8600001));
#9047 = CARTESIAN_POINT('',(-1.298924589908,-1.06818488689,0.8700001));
#9048 = CARTESIAN_POINT('',(-1.298924589908,-1.06818488689,0.8600001));
#9049 = CARTESIAN_POINT('',(-1.283982725237,-1.072040849001,0.8700001));
#9050 = CARTESIAN_POINT('',(-1.283982725237,-1.072040849001,0.8600001));
#9051 = ADVANCED_FACE('',(#9052),#9062,.F.);
#9052 = FACE_BOUND('',#9053,.F.);
#9053 = EDGE_LOOP('',(#9054,#9055,#9056,#9061));
#9054 = ORIENTED_EDGE('',*,*,#9037,.F.);
#9055 = ORIENTED_EDGE('',*,*,#8303,.T.);
#9056 = ORIENTED_EDGE('',*,*,#9057,.T.);
#9057 = EDGE_CURVE('',#8304,#8722,#9058,.T.);
#9058 = B_SPLINE_CURVE_WITH_KNOTS('',1,(#9059,#9060),.UNSPECIFIED.,.F.,
  .F.,(2,2),(-0.,1.E-02),.PIECEWISE_BEZIER_KNOTS.);
#9059 = CARTESIAN_POINT('',(-1.238193126906,-1.104816554524,0.8700001));
#9060 = CARTESIAN_POINT('',(-1.238193126906,-1.104816554524,0.8600001));
#9061 = ORIENTED_EDGE('',*,*,#8730,.F.);
#9062 = B_SPLINE_SURFACE_WITH_KNOTS('',3,1,(
    (#9063,#9064)
    ,(#9065,#9066)
    ,(#9067,#9068)
    ,(#9069,#9070
    )),.UNSPECIFIED.,.F.,.F.,.F.,(4,4),(2,2),(9.,10.),(0.,1.),
  .PIECEWISE_BEZIER_KNOTS.);
#9063 = CARTESIAN_POINT('',(-1.283982725237,-1.072040849001,0.8700001));
#9064 = CARTESIAN_POINT('',(-1.283982725237,-1.072040849001,0.8600001));
#9065 = CARTESIAN_POINT('',(-1.277716779912,-1.091320677943,0.8700001));
#9066 = CARTESIAN_POINT('',(-1.277716779912,-1.091320677943,0.8600001));
#9067 = CARTESIAN_POINT('',(-1.259400946095,-1.104816554524,0.8700001));
#9068 = CARTESIAN_POINT('',(-1.259400946095,-1.104816554524,0.8600001));
#9069 = CARTESIAN_POINT('',(-1.238193126906,-1.104816554524,0.8700001));
#9070 = CARTESIAN_POINT('',(-1.238193126906,-1.104816554524,0.8600001));
#9071 = ADVANCED_FACE('',(#9072),#9082,.F.);
#9072 = FACE_BOUND('',#9073,.F.);
#9073 = EDGE_LOOP('',(#9074,#9075,#9076,#9081));
#9074 = ORIENTED_EDGE('',*,*,#9057,.F.);
#9075 = ORIENTED_EDGE('',*,*,#8312,.T.);
#9076 = ORIENTED_EDGE('',*,*,#9077,.T.);
#9077 = EDGE_CURVE('',#8313,#8713,#9078,.T.);
#9078 = B_SPLINE_CURVE_WITH_KNOTS('',1,(#9079,#9080),.UNSPECIFIED.,.F.,
  .F.,(2,2),(-0.,1.E-02),.PIECEWISE_BEZIER_KNOTS.);
#9079 = CARTESIAN_POINT('',(-1.189993554553,-1.056616982171,0.8700001));
#9080 = CARTESIAN_POINT('',(-1.189993554553,-1.056616982171,0.8600001));
#9081 = ORIENTED_EDGE('',*,*,#8721,.F.);
#9082 = B_SPLINE_SURFACE_WITH_KNOTS('',3,1,(
    (#9083,#9084)
    ,(#9085,#9086)
    ,(#9087,#9088)
    ,(#9089,#9090
    )),.UNSPECIFIED.,.F.,.F.,.F.,(4,4),(2,2),(10.,11.),(0.,1.),
  .PIECEWISE_BEZIER_KNOTS.);
#9083 = CARTESIAN_POINT('',(-1.238193126906,-1.104816554524,0.8700001));
#9084 = CARTESIAN_POINT('',(-1.238193126906,-1.104816554524,0.8600001));
#9085 = CARTESIAN_POINT('',(-1.211683362112,-1.104816554524,0.8700001));
#9086 = CARTESIAN_POINT('',(-1.211683362112,-1.104816554524,0.8600001));
#9087 = CARTESIAN_POINT('',(-1.189993554553,-1.083126746965,0.8700001));
#9088 = CARTESIAN_POINT('',(-1.189993554553,-1.083126746965,0.8600001));
#9089 = CARTESIAN_POINT('',(-1.189993554553,-1.056616982171,0.8700001));
#9090 = CARTESIAN_POINT('',(-1.189993554553,-1.056616982171,0.8600001));
#9091 = ADVANCED_FACE('',(#9092),#9102,.F.);
#9092 = FACE_BOUND('',#9093,.T.);
#9093 = EDGE_LOOP('',(#9094,#9095,#9100,#9101));
#9094 = ORIENTED_EDGE('',*,*,#8712,.T.);
#9095 = ORIENTED_EDGE('',*,*,#9096,.F.);
#9096 = EDGE_CURVE('',#8322,#8706,#9097,.T.);
#9097 = B_SPLINE_CURVE_WITH_KNOTS('',1,(#9098,#9099),.UNSPECIFIED.,.F.,
  .F.,(2,2),(-0.,1.E-02),.PIECEWISE_BEZIER_KNOTS.);
#9098 = CARTESIAN_POINT('',(-1.189993554553,-1.051797024936,0.8700001));
#9099 = CARTESIAN_POINT('',(-1.189993554553,-1.051797024936,0.8600001));
#9100 = ORIENTED_EDGE('',*,*,#8321,.F.);
#9101 = ORIENTED_EDGE('',*,*,#9077,.T.);
#9102 = B_SPLINE_SURFACE_WITH_KNOTS('',1,1,(
    (#9103,#9104)
    ,(#9105,#9106
    )),.UNSPECIFIED.,.F.,.F.,.F.,(2,2),(2,2),(-1.E-02,0.),(0.,
    4.819957235555E-03),.PIECEWISE_BEZIER_KNOTS.);
#9103 = CARTESIAN_POINT('',(-1.189993554553,-1.056616982171,0.8600001));
#9104 = CARTESIAN_POINT('',(-1.189993554553,-1.051797024936,0.8600001));
#9105 = CARTESIAN_POINT('',(-1.189993554553,-1.056616982171,0.8700001));
#9106 = CARTESIAN_POINT('',(-1.189993554553,-1.051797024936,0.8700001));
#9107 = ADVANCED_FACE('',(#9108),#9118,.F.);
#9108 = FACE_BOUND('',#9109,.T.);
#9109 = EDGE_LOOP('',(#9110,#9111,#9116,#9117));
#9110 = ORIENTED_EDGE('',*,*,#8705,.T.);
#9111 = ORIENTED_EDGE('',*,*,#9112,.F.);
#9112 = EDGE_CURVE('',#8331,#8699,#9113,.T.);
#9113 = B_SPLINE_CURVE_WITH_KNOTS('',1,(#9114,#9115),.UNSPECIFIED.,.F.,
  .F.,(2,2),(-0.,1.E-02),.PIECEWISE_BEZIER_KNOTS.);
#9114 = CARTESIAN_POINT('',(-1.12251415326,-1.016129343234,0.8700001));
#9115 = CARTESIAN_POINT('',(-1.12251415326,-1.016129343234,0.8600001));
#9116 = ORIENTED_EDGE('',*,*,#8330,.F.);
#9117 = ORIENTED_EDGE('',*,*,#9096,.T.);
#9118 = B_SPLINE_SURFACE_WITH_KNOTS('',1,1,(
    (#9119,#9120)
    ,(#9121,#9122
    )),.UNSPECIFIED.,.F.,.F.,.F.,(2,2),(2,2),(-7.632596620359E-02,
    -1.96308513944E-16),(-1.E-02,0.),.PIECEWISE_BEZIER_KNOTS.);
#9119 = CARTESIAN_POINT('',(-1.12251415326,-1.016129343234,0.8600001));
#9120 = CARTESIAN_POINT('',(-1.12251415326,-1.016129343234,0.8700001));
#9121 = CARTESIAN_POINT('',(-1.189993554553,-1.051797024936,0.8600001));
#9122 = CARTESIAN_POINT('',(-1.189993554553,-1.051797024936,0.8700001));
#9123 = ADVANCED_FACE('',(#9124),#9134,.F.);
#9124 = FACE_BOUND('',#9125,.T.);
#9125 = EDGE_LOOP('',(#9126,#9127,#9132,#9133));
#9126 = ORIENTED_EDGE('',*,*,#8698,.T.);
#9127 = ORIENTED_EDGE('',*,*,#9128,.F.);
#9128 = EDGE_CURVE('',#8338,#8692,#9129,.T.);
#9129 = B_SPLINE_CURVE_WITH_KNOTS('',1,(#9130,#9131),.UNSPECIFIED.,.F.,
  .F.,(2,2),(-0.,1.E-02),.PIECEWISE_BEZIER_KNOTS.);
#9130 = CARTESIAN_POINT('',(-1.137456013334,-0.990583564371,0.8700001));
#9131 = CARTESIAN_POINT('',(-1.137456013334,-0.990583564371,0.8600001));
#9132 = ORIENTED_EDGE('',*,*,#8337,.F.);
#9133 = ORIENTED_EDGE('',*,*,#9112,.T.);
#9134 = B_SPLINE_SURFACE_WITH_KNOTS('',1,1,(
    (#9135,#9136)
    ,(#9137,#9138
    )),.UNSPECIFIED.,.F.,.F.,.F.,(2,2),(2,2),(-2.959469547388E-02,0.),(
    -1.E-02,0.),.PIECEWISE_BEZIER_KNOTS.);
#9135 = CARTESIAN_POINT('',(-1.137456013334,-0.990583564371,0.8600001));
#9136 = CARTESIAN_POINT('',(-1.137456013334,-0.990583564371,0.8700001));
#9137 = CARTESIAN_POINT('',(-1.12251415326,-1.016129343234,0.8600001));
#9138 = CARTESIAN_POINT('',(-1.12251415326,-1.016129343234,0.8700001));
#9139 = ADVANCED_FACE('',(#9140),#9150,.F.);
#9140 = FACE_BOUND('',#9141,.T.);
#9141 = EDGE_LOOP('',(#9142,#9143,#9148,#9149));
#9142 = ORIENTED_EDGE('',*,*,#8691,.T.);
#9143 = ORIENTED_EDGE('',*,*,#9144,.F.);
#9144 = EDGE_CURVE('',#8345,#8683,#9145,.T.);
#9145 = B_SPLINE_CURVE_WITH_KNOTS('',1,(#9146,#9147),.UNSPECIFIED.,.F.,
  .F.,(2,2),(-0.,1.E-02),.PIECEWISE_BEZIER_KNOTS.);
#9146 = CARTESIAN_POINT('',(-1.202043438448,-1.024323265018,0.8700001));
#9147 = CARTESIAN_POINT('',(-1.202043438448,-1.024323265018,0.8600001));
#9148 = ORIENTED_EDGE('',*,*,#8344,.F.);
#9149 = ORIENTED_EDGE('',*,*,#9128,.T.);
#9150 = B_SPLINE_SURFACE_WITH_KNOTS('',1,1,(
    (#9151,#9152)
    ,(#9153,#9154
    )),.UNSPECIFIED.,.F.,.F.,.F.,(2,2),(2,2),(-7.286908042864E-02,0.),(
    -1.E-02,0.),.PIECEWISE_BEZIER_KNOTS.);
#9151 = CARTESIAN_POINT('',(-1.202043438448,-1.024323265018,0.8600001));
#9152 = CARTESIAN_POINT('',(-1.202043438448,-1.024323265018,0.8700001));
#9153 = CARTESIAN_POINT('',(-1.137456013334,-0.990583564371,0.8600001));
#9154 = CARTESIAN_POINT('',(-1.137456013334,-0.990583564371,0.8700001));
#9155 = ADVANCED_FACE('',(#9156),#9166,.F.);
#9156 = FACE_BOUND('',#9157,.F.);
#9157 = EDGE_LOOP('',(#9158,#9159,#9160,#9165));
#9158 = ORIENTED_EDGE('',*,*,#9144,.F.);
#9159 = ORIENTED_EDGE('',*,*,#8351,.T.);
#9160 = ORIENTED_EDGE('',*,*,#9161,.T.);
#9161 = EDGE_CURVE('',#8352,#8674,#9162,.T.);
#9162 = B_SPLINE_CURVE_WITH_KNOTS('',1,(#9163,#9164),.UNSPECIFIED.,.F.,
  .F.,(2,2),(-0.,1.E-02),.PIECEWISE_BEZIER_KNOTS.);
#9163 = CARTESIAN_POINT('',(-1.238193117712,-1.007935412257,0.8700001));
#9164 = CARTESIAN_POINT('',(-1.238193117712,-1.007935412257,0.8600001));
#9165 = ORIENTED_EDGE('',*,*,#8682,.F.);
#9166 = B_SPLINE_SURFACE_WITH_KNOTS('',3,1,(
    (#9167,#9168)
    ,(#9169,#9170)
    ,(#9171,#9172)
    ,(#9173,#9174
    )),.UNSPECIFIED.,.F.,.F.,.F.,(4,4),(2,2),(15.,16.),(0.,1.),
  .PIECEWISE_BEZIER_KNOTS.);
#9167 = CARTESIAN_POINT('',(-1.202043438448,-1.024323265018,0.8700001));
#9168 = CARTESIAN_POINT('',(-1.202043438448,-1.024323265018,0.8600001));
#9169 = CARTESIAN_POINT('',(-1.210719357794,-1.014201352985,0.8700001));
#9170 = CARTESIAN_POINT('',(-1.210719357794,-1.014201352985,0.8600001));
#9171 = CARTESIAN_POINT('',(-1.223733246007,-1.007935412257,0.8700001));
#9172 = CARTESIAN_POINT('',(-1.223733246007,-1.007935412257,0.8600001));
#9173 = CARTESIAN_POINT('',(-1.238193117712,-1.007935412257,0.8700001));
#9174 = CARTESIAN_POINT('',(-1.238193117712,-1.007935412257,0.8600001));
#9175 = ADVANCED_FACE('',(#9176),#9186,.F.);
#9176 = FACE_BOUND('',#9177,.F.);
#9177 = EDGE_LOOP('',(#9178,#9179,#9180,#9185));
#9178 = ORIENTED_EDGE('',*,*,#9161,.F.);
#9179 = ORIENTED_EDGE('',*,*,#8360,.T.);
#9180 = ORIENTED_EDGE('',*,*,#9181,.T.);
#9181 = EDGE_CURVE('',#8361,#8665,#9182,.T.);
#9182 = B_SPLINE_CURVE_WITH_KNOTS('',1,(#9183,#9184),.UNSPECIFIED.,.F.,
  .F.,(2,2),(-0.,1.E-02),.PIECEWISE_BEZIER_KNOTS.);
#9183 = CARTESIAN_POINT('',(-1.283500713885,-1.039747131848,0.8700001));
#9184 = CARTESIAN_POINT('',(-1.283500713885,-1.039747131848,0.8600001));
#9185 = ORIENTED_EDGE('',*,*,#8673,.F.);
#9186 = B_SPLINE_SURFACE_WITH_KNOTS('',3,1,(
    (#9187,#9188)
    ,(#9189,#9190)
    ,(#9191,#9192)
    ,(#9193,#9194
    )),.UNSPECIFIED.,.F.,.F.,.F.,(4,4),(2,2),(16.,17.),(0.,1.),
  .PIECEWISE_BEZIER_KNOTS.);
#9187 = CARTESIAN_POINT('',(-1.238193117712,-1.007935412257,0.8700001));
#9188 = CARTESIAN_POINT('',(-1.238193117712,-1.007935412257,0.8600001));
#9189 = CARTESIAN_POINT('',(-1.25891893934,-1.007935412257,0.8700001));
#9190 = CARTESIAN_POINT('',(-1.25891893934,-1.007935412257,0.8600001));
#9191 = CARTESIAN_POINT('',(-1.276752775594,-1.021431288838,0.8700001));
#9192 = CARTESIAN_POINT('',(-1.276752775594,-1.021431288838,0.8600001));
#9193 = CARTESIAN_POINT('',(-1.283500713885,-1.039747131848,0.8700001));
#9194 = CARTESIAN_POINT('',(-1.283500713885,-1.039747131848,0.8600001));
#9195 = ADVANCED_FACE('',(#9196),#9206,.F.);
#9196 = FACE_BOUND('',#9197,.F.);
#9197 = EDGE_LOOP('',(#9198,#9199,#9200,#9205));
#9198 = ORIENTED_EDGE('',*,*,#9181,.F.);
#9199 = ORIENTED_EDGE('',*,*,#8369,.T.);
#9200 = ORIENTED_EDGE('',*,*,#9201,.T.);
#9201 = EDGE_CURVE('',#8370,#8656,#9202,.T.);
#9202 = B_SPLINE_CURVE_WITH_KNOTS('',1,(#9203,#9204),.UNSPECIFIED.,.F.,
  .F.,(2,2),(-0.,1.E-02),.PIECEWISE_BEZIER_KNOTS.);
#9203 = CARTESIAN_POINT('',(-1.312420457296,-0.995403521606,0.8700001));
#9204 = CARTESIAN_POINT('',(-1.312420457296,-0.995403521606,0.8600001));
#9205 = ORIENTED_EDGE('',*,*,#8664,.F.);
#9206 = B_SPLINE_SURFACE_WITH_KNOTS('',3,1,(
    (#9207,#9208)
    ,(#9209,#9210)
    ,(#9211,#9212)
    ,(#9213,#9214
    )),.UNSPECIFIED.,.F.,.F.,.F.,(4,4),(2,2),(17.,18.),(0.,1.),
  .PIECEWISE_BEZIER_KNOTS.);
#9207 = CARTESIAN_POINT('',(-1.283500713885,-1.039747131848,0.8700001));
#9208 = CARTESIAN_POINT('',(-1.283500713885,-1.039747131848,0.8600001));
#9209 = CARTESIAN_POINT('',(-1.300370564208,-1.032035198433,0.8700001));
#9210 = CARTESIAN_POINT('',(-1.300370564208,-1.032035198433,0.8600001));
#9211 = CARTESIAN_POINT('',(-1.312420457296,-1.01516534811,0.8700001));
#9212 = CARTESIAN_POINT('',(-1.312420457296,-1.01516534811,0.8600001));
#9213 = CARTESIAN_POINT('',(-1.312420457296,-0.995403521606,0.8700001));
#9214 = CARTESIAN_POINT('',(-1.312420457296,-0.995403521606,0.8600001));
#9215 = ADVANCED_FACE('',(#9216),#9226,.F.);
#9216 = FACE_BOUND('',#9217,.F.);
#9217 = EDGE_LOOP('',(#9218,#9219,#9220,#9225));
#9218 = ORIENTED_EDGE('',*,*,#9201,.F.);
#9219 = ORIENTED_EDGE('',*,*,#8378,.T.);
#9220 = ORIENTED_EDGE('',*,*,#9221,.T.);
#9221 = EDGE_CURVE('',#8379,#8647,#9222,.T.);
#9222 = B_SPLINE_CURVE_WITH_KNOTS('',1,(#9223,#9224),.UNSPECIFIED.,.F.,
  .F.,(2,2),(-0.,1.E-02),.PIECEWISE_BEZIER_KNOTS.);
#9223 = CARTESIAN_POINT('',(-1.264220884944,-0.947203949254,0.8700001));
#9224 = CARTESIAN_POINT('',(-1.264220884944,-0.947203949254,0.8600001));
#9225 = ORIENTED_EDGE('',*,*,#8655,.F.);
#9226 = B_SPLINE_SURFACE_WITH_KNOTS('',3,1,(
    (#9227,#9228)
    ,(#9229,#9230)
    ,(#9231,#9232)
    ,(#9233,#9234
    )),.UNSPECIFIED.,.F.,.F.,.F.,(4,4),(2,2),(18.,19.),(0.,1.),
  .PIECEWISE_BEZIER_KNOTS.);
#9227 = CARTESIAN_POINT('',(-1.312420457296,-0.995403521606,0.8700001));
#9228 = CARTESIAN_POINT('',(-1.312420457296,-0.995403521606,0.8600001));
#9229 = CARTESIAN_POINT('',(-1.312420457296,-0.968893756812,0.8700001));
#9230 = CARTESIAN_POINT('',(-1.312420457296,-0.968893756812,0.8600001));
#9231 = CARTESIAN_POINT('',(-1.290730649738,-0.947203949254,0.8700001));
#9232 = CARTESIAN_POINT('',(-1.290730649738,-0.947203949254,0.8600001));
#9233 = CARTESIAN_POINT('',(-1.264220884944,-0.947203949254,0.8700001));
#9234 = CARTESIAN_POINT('',(-1.264220884944,-0.947203949254,0.8600001));
#9235 = ADVANCED_FACE('',(#9236),#9246,.F.);
#9236 = FACE_BOUND('',#9237,.F.);
#9237 = EDGE_LOOP('',(#9238,#9239,#9240,#9245));
#9238 = ORIENTED_EDGE('',*,*,#9221,.F.);
#9239 = ORIENTED_EDGE('',*,*,#8387,.T.);
#9240 = ORIENTED_EDGE('',*,*,#9241,.T.);
#9241 = EDGE_CURVE('',#8388,#8638,#9242,.T.);
#9242 = B_SPLINE_CURVE_WITH_KNOTS('',1,(#9243,#9244),.UNSPECIFIED.,.F.,
  .F.,(2,2),(-0.,1.E-02),.PIECEWISE_BEZIER_KNOTS.);
#9243 = CARTESIAN_POINT('',(-1.238675115275,-0.954433885107,0.8700001));
#9244 = CARTESIAN_POINT('',(-1.238675115275,-0.954433885107,0.8600001));
#9245 = ORIENTED_EDGE('',*,*,#8646,.F.);
#9246 = B_SPLINE_SURFACE_WITH_KNOTS('',3,1,(
    (#9247,#9248)
    ,(#9249,#9250)
    ,(#9251,#9252)
    ,(#9253,#9254
    )),.UNSPECIFIED.,.F.,.F.,.F.,(4,4),(2,2),(19.,20.),(0.,1.),
  .PIECEWISE_BEZIER_KNOTS.);
#9247 = CARTESIAN_POINT('',(-1.264220884944,-0.947203949254,0.8700001));
#9248 = CARTESIAN_POINT('',(-1.264220884944,-0.947203949254,0.8600001));
#9249 = CARTESIAN_POINT('',(-1.255062968036,-0.947203949254,0.8700001));
#9250 = CARTESIAN_POINT('',(-1.255062968036,-0.947203949254,0.8600001));
#9251 = CARTESIAN_POINT('',(-1.245905051127,-0.950095925434,0.8700001));
#9252 = CARTESIAN_POINT('',(-1.245905051127,-0.950095925434,0.8600001));
#9253 = CARTESIAN_POINT('',(-1.238675115275,-0.954433885107,0.8700001));
#9254 = CARTESIAN_POINT('',(-1.238675115275,-0.954433885107,0.8600001));
#9255 = ADVANCED_FACE('',(#9256),#9266,.F.);
#9256 = FACE_BOUND('',#9257,.F.);
#9257 = EDGE_LOOP('',(#9258,#9259,#9260,#9265));
#9258 = ORIENTED_EDGE('',*,*,#9241,.F.);
#9259 = ORIENTED_EDGE('',*,*,#8396,.T.);
#9260 = ORIENTED_EDGE('',*,*,#9261,.T.);
#9261 = EDGE_CURVE('',#8397,#8629,#9262,.T.);
#9262 = B_SPLINE_CURVE_WITH_KNOTS('',1,(#9263,#9264),.UNSPECIFIED.,.F.,
  .F.,(2,2),(-0.,1.E-02),.PIECEWISE_BEZIER_KNOTS.);
#9263 = CARTESIAN_POINT('',(-1.174087699354,-0.90816232139,0.8700001));
#9264 = CARTESIAN_POINT('',(-1.174087699354,-0.90816232139,0.8600001));
#9265 = ORIENTED_EDGE('',*,*,#8637,.F.);
#9266 = B_SPLINE_SURFACE_WITH_KNOTS('',3,1,(
    (#9267,#9268)
    ,(#9269,#9270)
    ,(#9271,#9272)
    ,(#9273,#9274
    )),.UNSPECIFIED.,.F.,.F.,.F.,(4,4),(2,2),(20.,21.),(0.,1.),
  .PIECEWISE_BEZIER_KNOTS.);
#9267 = CARTESIAN_POINT('',(-1.238675115275,-0.954433885107,0.8700001));
#9268 = CARTESIAN_POINT('',(-1.238675115275,-0.954433885107,0.8600001));
#9269 = CARTESIAN_POINT('',(-1.22951720756,-0.927442150331,0.8700001));
#9270 = CARTESIAN_POINT('',(-1.22951720756,-0.927442150331,0.8600001));
#9271 = CARTESIAN_POINT('',(-1.204453426259,-0.90816232139,0.8700001));
#9272 = CARTESIAN_POINT('',(-1.204453426259,-0.90816232139,0.8600001));
#9273 = CARTESIAN_POINT('',(-1.174087699354,-0.90816232139,0.8700001));
#9274 = CARTESIAN_POINT('',(-1.174087699354,-0.90816232139,0.8600001));
#9275 = ADVANCED_FACE('',(#9276),#9286,.F.);
#9276 = FACE_BOUND('',#9277,.F.);
#9277 = EDGE_LOOP('',(#9278,#9279,#9280,#9285));
#9278 = ORIENTED_EDGE('',*,*,#9261,.F.);
#9279 = ORIENTED_EDGE('',*,*,#8405,.T.);
#9280 = ORIENTED_EDGE('',*,*,#9281,.T.);
#9281 = EDGE_CURVE('',#8406,#8620,#9282,.T.);
#9282 = B_SPLINE_CURVE_WITH_KNOTS('',1,(#9283,#9284),.UNSPECIFIED.,.F.,
  .F.,(2,2),(-0.,1.E-02),.PIECEWISE_BEZIER_KNOTS.);
#9283 = CARTESIAN_POINT('',(-1.106608298061,-0.96841178683,0.8700001));
#9284 = CARTESIAN_POINT('',(-1.106608298061,-0.96841178683,0.8600001));
#9285 = ORIENTED_EDGE('',*,*,#8628,.F.);
#9286 = B_SPLINE_SURFACE_WITH_KNOTS('',3,1,(
    (#9287,#9288)
    ,(#9289,#9290)
    ,(#9291,#9292)
    ,(#9293,#9294
    )),.UNSPECIFIED.,.F.,.F.,.F.,(4,4),(2,2),(21.,22.),(0.,1.),
  .PIECEWISE_BEZIER_KNOTS.);
#9287 = CARTESIAN_POINT('',(-1.174087699354,-0.90816232139,0.8700001));
#9288 = CARTESIAN_POINT('',(-1.174087699354,-0.90816232139,0.8600001));
#9289 = CARTESIAN_POINT('',(-1.139384003583,-0.90816232139,0.8700001));
#9290 = CARTESIAN_POINT('',(-1.139384003583,-0.90816232139,0.8600001));
#9291 = CARTESIAN_POINT('',(-1.110464260172,-0.934672086184,0.8700001));
#9292 = CARTESIAN_POINT('',(-1.110464260172,-0.934672086184,0.8600001));
#9293 = CARTESIAN_POINT('',(-1.106608298061,-0.96841178683,0.8700001));
#9294 = CARTESIAN_POINT('',(-1.106608298061,-0.96841178683,0.8600001));
#9295 = ADVANCED_FACE('',(#9296),#9306,.F.);
#9296 = FACE_BOUND('',#9297,.T.);
#9297 = EDGE_LOOP('',(#9298,#9299,#9304,#9305));
#9298 = ORIENTED_EDGE('',*,*,#8619,.T.);
#9299 = ORIENTED_EDGE('',*,*,#9300,.F.);
#9300 = EDGE_CURVE('',#8415,#8611,#9301,.T.);
#9301 = B_SPLINE_CURVE_WITH_KNOTS('',1,(#9302,#9303),.UNSPECIFIED.,.F.,
  .F.,(2,2),(-0.,1.E-02),.PIECEWISE_BEZIER_KNOTS.);
#9302 = CARTESIAN_POINT('',(-1.10275233595,-0.96841178683,0.8700001));
#9303 = CARTESIAN_POINT('',(-1.10275233595,-0.96841178683,0.8600001));
#9304 = ORIENTED_EDGE('',*,*,#8414,.F.);
#9305 = ORIENTED_EDGE('',*,*,#9281,.T.);
#9306 = B_SPLINE_SURFACE_WITH_KNOTS('',1,1,(
    (#9307,#9308)
    ,(#9309,#9310
    )),.UNSPECIFIED.,.F.,.F.,.F.,(2,2),(2,2),(-1.E-02,0.),(0.,
    3.855962110924E-03),.PIECEWISE_BEZIER_KNOTS.);
#9307 = CARTESIAN_POINT('',(-1.106608298061,-0.96841178683,0.8600001));
#9308 = CARTESIAN_POINT('',(-1.10275233595,-0.96841178683,0.8600001));
#9309 = CARTESIAN_POINT('',(-1.106608298061,-0.96841178683,0.8700001));
#9310 = CARTESIAN_POINT('',(-1.10275233595,-0.96841178683,0.8700001));
#9311 = ADVANCED_FACE('',(#9312),#9322,.F.);
#9312 = FACE_BOUND('',#9313,.F.);
#9313 = EDGE_LOOP('',(#9314,#9315,#9316,#9321));
#9314 = ORIENTED_EDGE('',*,*,#9300,.F.);
#9315 = ORIENTED_EDGE('',*,*,#8423,.T.);
#9316 = ORIENTED_EDGE('',*,*,#9317,.T.);
#9317 = EDGE_CURVE('',#8424,#8602,#9318,.T.);
#9318 = B_SPLINE_CURVE_WITH_KNOTS('',1,(#9319,#9320),.UNSPECIFIED.,.F.,
  .F.,(2,2),(-0.,1.E-02),.PIECEWISE_BEZIER_KNOTS.);
#9319 = CARTESIAN_POINT('',(-1.065156673192,-1.006007449588,0.8700001));
#9320 = CARTESIAN_POINT('',(-1.065156673192,-1.006007449588,0.8600001));
#9321 = ORIENTED_EDGE('',*,*,#8610,.F.);
#9322 = B_SPLINE_SURFACE_WITH_KNOTS('',3,1,(
    (#9323,#9324)
    ,(#9325,#9326)
    ,(#9327,#9328)
    ,(#9329,#9330
    )),.UNSPECIFIED.,.F.,.F.,.F.,(4,4),(2,2),(23.,24.),(0.,1.),
  .PIECEWISE_BEZIER_KNOTS.);
#9323 = CARTESIAN_POINT('',(-1.10275233595,-0.96841178683,0.8700001));
#9324 = CARTESIAN_POINT('',(-1.10275233595,-0.96841178683,0.8600001));
#9325 = CARTESIAN_POINT('',(-1.082026523516,-0.96841178683,0.8700001));
#9326 = CARTESIAN_POINT('',(-1.082026523516,-0.96841178683,0.8600001));
#9327 = CARTESIAN_POINT('',(-1.065156673192,-0.985281637154,0.8700001));
#9328 = CARTESIAN_POINT('',(-1.065156673192,-0.985281637154,0.8600001));
#9329 = CARTESIAN_POINT('',(-1.065156673192,-1.006007449588,0.8700001));
#9330 = CARTESIAN_POINT('',(-1.065156673192,-1.006007449588,0.8600001));
#9331 = ADVANCED_FACE('',(#9332),#9342,.F.);
#9332 = FACE_BOUND('',#9333,.F.);
#9333 = EDGE_LOOP('',(#9334,#9335,#9336,#9341));
#9334 = ORIENTED_EDGE('',*,*,#9317,.F.);
#9335 = ORIENTED_EDGE('',*,*,#8432,.T.);
#9336 = ORIENTED_EDGE('',*,*,#9337,.T.);
#9337 = EDGE_CURVE('',#8433,#8595,#9338,.T.);
#9338 = B_SPLINE_CURVE_WITH_KNOTS('',1,(#9339,#9340),.UNSPECIFIED.,.F.,
  .F.,(2,2),(-0.,1.E-02),.PIECEWISE_BEZIER_KNOTS.);
#9339 = CARTESIAN_POINT('',(-1.099860368963,-1.043603112345,0.8700001));
#9340 = CARTESIAN_POINT('',(-1.099860368963,-1.043603112345,0.8600001));
#9341 = ORIENTED_EDGE('',*,*,#8601,.F.);
#9342 = B_SPLINE_SURFACE_WITH_KNOTS('',3,1,(
    (#9343,#9344)
    ,(#9345,#9346)
    ,(#9347,#9348)
    ,(#9349,#9350
    )),.UNSPECIFIED.,.F.,.F.,.F.,(4,4),(2,2),(24.,25.),(0.,1.),
  .PIECEWISE_BEZIER_KNOTS.);
#9343 = CARTESIAN_POINT('',(-1.065156673192,-1.006007449588,0.8700001));
#9344 = CARTESIAN_POINT('',(-1.065156673192,-1.006007449588,0.8600001));
#9345 = CARTESIAN_POINT('',(-1.065156673192,-1.025769276091,0.8700001));
#9346 = CARTESIAN_POINT('',(-1.065156673192,-1.025769276091,0.8600001));
#9347 = CARTESIAN_POINT('',(-1.080098533267,-1.042157128852,0.8700001));
#9348 = CARTESIAN_POINT('',(-1.080098533267,-1.042157128852,0.8600001));
#9349 = CARTESIAN_POINT('',(-1.099860368963,-1.043603112345,0.8700001));
#9350 = CARTESIAN_POINT('',(-1.099860368963,-1.043603112345,0.8600001));
#9351 = ADVANCED_FACE('',(#9352),#9362,.F.);
#9352 = FACE_BOUND('',#9353,.T.);
#9353 = EDGE_LOOP('',(#9354,#9355,#9360,#9361));
#9354 = ORIENTED_EDGE('',*,*,#8594,.T.);
#9355 = ORIENTED_EDGE('',*,*,#9356,.F.);
#9356 = EDGE_CURVE('',#8442,#8586,#9357,.T.);
#9357 = B_SPLINE_CURVE_WITH_KNOTS('',1,(#9358,#9359),.UNSPECIFIED.,.F.,
  .F.,(2,2),(-0.,1.E-02),.PIECEWISE_BEZIER_KNOTS.);
#9358 = CARTESIAN_POINT('',(-1.121550176522,-1.043603112345,0.8700001));
#9359 = CARTESIAN_POINT('',(-1.121550176522,-1.043603112345,0.8600001));
#9360 = ORIENTED_EDGE('',*,*,#8441,.F.);
#9361 = ORIENTED_EDGE('',*,*,#9337,.T.);
#9362 = B_SPLINE_SURFACE_WITH_KNOTS('',1,1,(
    (#9363,#9364)
    ,(#9365,#9366)),.UNSPECIFIED.,.F.,.F.,.F.,(2,2),(2,2),(-0.,1.E-02),(
    -2.168980755861E-02,2.22044604925E-16),.PIECEWISE_BEZIER_KNOTS.);
#9363 = CARTESIAN_POINT('',(-1.121550176522,-1.043603112345,0.8700001));
#9364 = CARTESIAN_POINT('',(-1.099860368963,-1.043603112345,0.8700001));
#9365 = CARTESIAN_POINT('',(-1.121550176522,-1.043603112345,0.8600001));
#9366 = CARTESIAN_POINT('',(-1.099860368963,-1.043603112345,0.8600001));
#9367 = ADVANCED_FACE('',(#9368),#9378,.F.);
#9368 = FACE_BOUND('',#9369,.F.);
#9369 = EDGE_LOOP('',(#9370,#9371,#9372,#9377));
#9370 = ORIENTED_EDGE('',*,*,#9356,.F.);
#9371 = ORIENTED_EDGE('',*,*,#8448,.T.);
#9372 = ORIENTED_EDGE('',*,*,#9373,.T.);
#9373 = EDGE_CURVE('',#8449,#8577,#9374,.T.);
#9374 = B_SPLINE_CURVE_WITH_KNOTS('',1,(#9375,#9376),.UNSPECIFIED.,.F.,
  .F.,(2,2),(-0.,1.E-02),.PIECEWISE_BEZIER_KNOTS.);
#9375 = CARTESIAN_POINT('',(-1.124442143508,-1.043121123976,0.8700001));
#9376 = CARTESIAN_POINT('',(-1.124442143508,-1.043121123976,0.8600001));
#9377 = ORIENTED_EDGE('',*,*,#8585,.F.);
#9378 = B_SPLINE_SURFACE_WITH_KNOTS('',3,1,(
    (#9379,#9380)
    ,(#9381,#9382)
    ,(#9383,#9384)
    ,(#9385,#9386
    )),.UNSPECIFIED.,.F.,.F.,.F.,(4,4),(2,2),(26.,27.),(0.,1.),
  .PIECEWISE_BEZIER_KNOTS.);
#9379 = CARTESIAN_POINT('',(-1.121550176522,-1.043603112345,0.8700001));
#9380 = CARTESIAN_POINT('',(-1.121550176522,-1.043603112345,0.8600001));
#9381 = CARTESIAN_POINT('',(-1.122514171646,-1.043603112345,0.8700001));
#9382 = CARTESIAN_POINT('',(-1.122514171646,-1.043603112345,0.8600001));
#9383 = CARTESIAN_POINT('',(-1.123478166771,-1.043121123976,0.8700001));
#9384 = CARTESIAN_POINT('',(-1.123478166771,-1.043121123976,0.8600001));
#9385 = CARTESIAN_POINT('',(-1.124442143508,-1.043121123976,0.8700001));
#9386 = CARTESIAN_POINT('',(-1.124442143508,-1.043121123976,0.8600001));
#9387 = ADVANCED_FACE('',(#9388),#9398,.F.);
#9388 = FACE_BOUND('',#9389,.F.);
#9389 = EDGE_LOOP('',(#9390,#9391,#9392,#9397));
#9390 = ORIENTED_EDGE('',*,*,#9373,.F.);
#9391 = ORIENTED_EDGE('',*,*,#8457,.T.);
#9392 = ORIENTED_EDGE('',*,*,#9393,.T.);
#9393 = EDGE_CURVE('',#8458,#8568,#9394,.T.);
#9394 = B_SPLINE_CURVE_WITH_KNOTS('',1,(#9395,#9396),.UNSPECIFIED.,.F.,
  .F.,(2,2),(-0.,1.E-02),.PIECEWISE_BEZIER_KNOTS.);
#9395 = CARTESIAN_POINT('',(-1.139384003583,-1.058062984051,0.8700001));
#9396 = CARTESIAN_POINT('',(-1.139384003583,-1.058062984051,0.8600001));
#9397 = ORIENTED_EDGE('',*,*,#8576,.F.);
#9398 = B_SPLINE_SURFACE_WITH_KNOTS('',3,1,(
    (#9399,#9400)
    ,(#9401,#9402)
    ,(#9403,#9404)
    ,(#9405,#9406
    )),.UNSPECIFIED.,.F.,.F.,.F.,(4,4),(2,2),(27.,28.),(0.,1.),
  .PIECEWISE_BEZIER_KNOTS.);
#9399 = CARTESIAN_POINT('',(-1.124442143508,-1.043121123976,0.8700001));
#9400 = CARTESIAN_POINT('',(-1.124442143508,-1.043121123976,0.8600001));
#9401 = CARTESIAN_POINT('',(-1.132636074486,-1.043121123976,0.8700001));
#9402 = CARTESIAN_POINT('',(-1.132636074486,-1.043121123976,0.8600001));
#9403 = CARTESIAN_POINT('',(-1.139384003583,-1.04986907146,0.8700001));
#9404 = CARTESIAN_POINT('',(-1.139384003583,-1.04986907146,0.8600001));
#9405 = CARTESIAN_POINT('',(-1.139384003583,-1.058062984051,0.8700001));
#9406 = CARTESIAN_POINT('',(-1.139384003583,-1.058062984051,0.8600001));
#9407 = ADVANCED_FACE('',(#9408),#9418,.F.);
#9408 = FACE_BOUND('',#9409,.F.);
#9409 = EDGE_LOOP('',(#9410,#9411,#9412,#9417));
#9410 = ORIENTED_EDGE('',*,*,#9393,.F.);
#9411 = ORIENTED_EDGE('',*,*,#8466,.T.);
#9412 = ORIENTED_EDGE('',*,*,#9413,.T.);
#9413 = EDGE_CURVE('',#8467,#8561,#9414,.T.);
#9414 = B_SPLINE_CURVE_WITH_KNOTS('',1,(#9415,#9416),.UNSPECIFIED.,.F.,
  .F.,(2,2),(-0.,1.E-02),.PIECEWISE_BEZIER_KNOTS.);
#9415 = CARTESIAN_POINT('',(-1.125406120246,-1.073004844126,0.8700001));
#9416 = CARTESIAN_POINT('',(-1.125406120246,-1.073004844126,0.8600001));
#9417 = ORIENTED_EDGE('',*,*,#8567,.F.);
#9418 = B_SPLINE_SURFACE_WITH_KNOTS('',3,1,(
    (#9419,#9420)
    ,(#9421,#9422)
    ,(#9423,#9424)
    ,(#9425,#9426
    )),.UNSPECIFIED.,.F.,.F.,.F.,(4,4),(2,2),(28.,29.),(0.,1.),
  .PIECEWISE_BEZIER_KNOTS.);
#9419 = CARTESIAN_POINT('',(-1.139384003583,-1.058062984051,0.8700001));
#9420 = CARTESIAN_POINT('',(-1.139384003583,-1.058062984051,0.8600001));
#9421 = CARTESIAN_POINT('',(-1.139384003583,-1.065774908273,0.8700001));
#9422 = CARTESIAN_POINT('',(-1.139384003583,-1.065774908273,0.8600001));
#9423 = CARTESIAN_POINT('',(-1.133118062855,-1.072522855757,0.8700001));
#9424 = CARTESIAN_POINT('',(-1.133118062855,-1.072522855757,0.8600001));
#9425 = CARTESIAN_POINT('',(-1.125406120246,-1.073004844126,0.8700001));
#9426 = CARTESIAN_POINT('',(-1.125406120246,-1.073004844126,0.8600001));
#9427 = ADVANCED_FACE('',(#9428),#9438,.F.);
#9428 = FACE_BOUND('',#9429,.T.);
#9429 = EDGE_LOOP('',(#9430,#9431,#9436,#9437));
#9430 = ORIENTED_EDGE('',*,*,#8560,.T.);
#9431 = ORIENTED_EDGE('',*,*,#9432,.F.);
#9432 = EDGE_CURVE('',#8476,#8552,#9433,.T.);
#9433 = B_SPLINE_CURVE_WITH_KNOTS('',1,(#9434,#9435),.UNSPECIFIED.,.F.,
  .F.,(2,2),(-0.,1.E-02),.PIECEWISE_BEZIER_KNOTS.);
#9434 = CARTESIAN_POINT('',(-1.09696838359,-1.073004844126,0.8700001));
#9435 = CARTESIAN_POINT('',(-1.09696838359,-1.073004844126,0.8600001));
#9436 = ORIENTED_EDGE('',*,*,#8475,.F.);
#9437 = ORIENTED_EDGE('',*,*,#9413,.T.);
#9438 = B_SPLINE_SURFACE_WITH_KNOTS('',1,1,(
    (#9439,#9440)
    ,(#9441,#9442)),.UNSPECIFIED.,.F.,.F.,.F.,(2,2),(2,2),(-1.E-02,0.),(
    -2.699175316268E-02,1.445983493376E-03),.PIECEWISE_BEZIER_KNOTS.);
#9439 = CARTESIAN_POINT('',(-1.125406120246,-1.073004844126,0.8600001));
#9440 = CARTESIAN_POINT('',(-1.09696838359,-1.073004844126,0.8600001));
#9441 = CARTESIAN_POINT('',(-1.125406120246,-1.073004844126,0.8700001));
#9442 = CARTESIAN_POINT('',(-1.09696838359,-1.073004844126,0.8700001));
#9443 = ADVANCED_FACE('',(#9444),#9454,.F.);
#9444 = FACE_BOUND('',#9445,.F.);
#9445 = EDGE_LOOP('',(#9446,#9447,#9448,#9453));
#9446 = ORIENTED_EDGE('',*,*,#9432,.F.);
#9447 = ORIENTED_EDGE('',*,*,#8482,.T.);
#9448 = ORIENTED_EDGE('',*,*,#9449,.T.);
#9449 = EDGE_CURVE('',#8483,#8543,#9450,.T.);
#9450 = B_SPLINE_CURVE_WITH_KNOTS('',1,(#9451,#9452),.UNSPECIFIED.,.F.,
  .F.,(2,2),(-0.,1.E-02),.PIECEWISE_BEZIER_KNOTS.);
#9451 = CARTESIAN_POINT('',(-1.053106780104,-1.051315036567,0.8700001));
#9452 = CARTESIAN_POINT('',(-1.053106780104,-1.051315036567,0.8600001));
#9453 = ORIENTED_EDGE('',*,*,#8551,.F.);
#9454 = B_SPLINE_SURFACE_WITH_KNOTS('',3,1,(
    (#9455,#9456)
    ,(#9457,#9458)
    ,(#9459,#9460)
    ,(#9461,#9462
    )),.UNSPECIFIED.,.F.,.F.,.F.,(4,4),(2,2),(33.,34.),(0.,1.),
  .PIECEWISE_BEZIER_KNOTS.);
#9455 = CARTESIAN_POINT('',(-1.09696838359,-1.073004844126,0.8700001));
#9456 = CARTESIAN_POINT('',(-1.09696838359,-1.073004844126,0.8600001));
#9457 = CARTESIAN_POINT('',(-1.080098533267,-1.071558860633,0.8700001));
#9458 = CARTESIAN_POINT('',(-1.080098533267,-1.071558860633,0.8600001));
#9459 = CARTESIAN_POINT('',(-1.064674666437,-1.063846918024,0.8700001));
#9460 = CARTESIAN_POINT('',(-1.064674666437,-1.063846918024,0.8600001));
#9461 = CARTESIAN_POINT('',(-1.053106780104,-1.051315036567,0.8700001));
#9462 = CARTESIAN_POINT('',(-1.053106780104,-1.051315036567,0.8600001));
#9463 = ADVANCED_FACE('',(#9464),#9470,.F.);
#9464 = FACE_BOUND('',#9465,.F.);
#9465 = EDGE_LOOP('',(#9466,#9467,#9468,#9469));
#9466 = ORIENTED_EDGE('',*,*,#9449,.F.);
#9467 = ORIENTED_EDGE('',*,*,#8491,.T.);
#9468 = ORIENTED_EDGE('',*,*,#8851,.T.);
#9469 = ORIENTED_EDGE('',*,*,#8542,.F.);
#9470 = B_SPLINE_SURFACE_WITH_KNOTS('',3,1,(
    (#9471,#9472)
    ,(#9473,#9474)
    ,(#9475,#9476)
    ,(#9477,#9478
    )),.UNSPECIFIED.,.F.,.F.,.F.,(4,4),(2,2),(34.,35.),(0.,1.),
  .PIECEWISE_BEZIER_KNOTS.);
#9471 = CARTESIAN_POINT('',(-1.053106780104,-1.051315036567,0.8700001));
#9472 = CARTESIAN_POINT('',(-1.053106780104,-1.051315036567,0.8600001));
#9473 = CARTESIAN_POINT('',(-1.041538875385,-1.03878315511,0.8700001));
#9474 = CARTESIAN_POINT('',(-1.041538875385,-1.03878315511,0.8600001));
#9475 = CARTESIAN_POINT('',(-1.035272934656,-1.022395293156,0.8700001));
#9476 = CARTESIAN_POINT('',(-1.035272934656,-1.022395293156,0.8600001));
#9477 = CARTESIAN_POINT('',(-1.035272934656,-1.005525442832,0.8700001));
#9478 = CARTESIAN_POINT('',(-1.035272934656,-1.005525442832,0.8600001));
#9479 = ADVANCED_FACE('',(#9480),#9494,.T.);
#9480 = FACE_BOUND('',#9481,.T.);
#9481 = EDGE_LOOP('',(#9482,#9483,#9488,#9489));
#9482 = ORIENTED_EDGE('',*,*,#8833,.F.);
#9483 = ORIENTED_EDGE('',*,*,#9484,.F.);
#9484 = EDGE_CURVE('',#8501,#8823,#9485,.T.);
#9485 = B_SPLINE_CURVE_WITH_KNOTS('',1,(#9486,#9487),.UNSPECIFIED.,.F.,
  .F.,(2,2),(-0.,1.E-02),.PIECEWISE_BEZIER_KNOTS.);
#9486 = CARTESIAN_POINT('',(-1.238675124468,-1.075896847886,0.8700001));
#9487 = CARTESIAN_POINT('',(-1.238675124468,-1.075896847886,0.8600001));
#9488 = ORIENTED_EDGE('',*,*,#8500,.T.);
#9489 = ORIENTED_EDGE('',*,*,#9490,.T.);
#9490 = EDGE_CURVE('',#8503,#8821,#9491,.T.);
#9491 = B_SPLINE_CURVE_WITH_KNOTS('',1,(#9492,#9493),.UNSPECIFIED.,.F.,
  .F.,(2,2),(-0.,1.E-02),.PIECEWISE_BEZIER_KNOTS.);
#9492 = CARTESIAN_POINT('',(-1.238675124468,-1.038301166741,0.8700001));
#9493 = CARTESIAN_POINT('',(-1.238675124468,-1.038301166741,0.8600001));
#9494 = B_SPLINE_SURFACE_WITH_KNOTS('',3,1,(
    (#9495,#9496)
    ,(#9497,#9498)
    ,(#9499,#9500)
    ,(#9501,#9502)
    ,(#9503,#9504)
    ,(#9505,#9506)
    ,(#9507,#9508
    )),.UNSPECIFIED.,.F.,.F.,.F.,(4,3,4),(2,2),(0.,1.,2.),(0.,1.),
  .PIECEWISE_BEZIER_KNOTS.);
#9495 = CARTESIAN_POINT('',(-1.238675124468,-1.075896847886,0.8700001));
#9496 = CARTESIAN_POINT('',(-1.238675124468,-1.075896847886,0.8600001));
#9497 = CARTESIAN_POINT('',(-1.228071224066,-1.075896847886,0.8700001));
#9498 = CARTESIAN_POINT('',(-1.228071224066,-1.075896847886,0.8600001));
#9499 = CARTESIAN_POINT('',(-1.219877293089,-1.067220910153,0.8700001));
#9500 = CARTESIAN_POINT('',(-1.219877293089,-1.067220910153,0.8600001));
#9501 = CARTESIAN_POINT('',(-1.219877293089,-1.057099007313,0.8700001));
#9502 = CARTESIAN_POINT('',(-1.219877293089,-1.057099007313,0.8600001));
#9503 = CARTESIAN_POINT('',(-1.219877293089,-1.046495097719,0.8700001));
#9504 = CARTESIAN_POINT('',(-1.219877293089,-1.046495097719,0.8600001));
#9505 = CARTESIAN_POINT('',(-1.228553212435,-1.038301166741,0.8700001));
#9506 = CARTESIAN_POINT('',(-1.228553212435,-1.038301166741,0.8600001));
#9507 = CARTESIAN_POINT('',(-1.238675124468,-1.038301166741,0.8700001));
#9508 = CARTESIAN_POINT('',(-1.238675124468,-1.038301166741,0.8600001));
#9509 = ADVANCED_FACE('',(#9510),#9516,.T.);
#9510 = FACE_BOUND('',#9511,.T.);
#9511 = EDGE_LOOP('',(#9512,#9513,#9514,#9515));
#9512 = ORIENTED_EDGE('',*,*,#8820,.F.);
#9513 = ORIENTED_EDGE('',*,*,#9490,.F.);
#9514 = ORIENTED_EDGE('',*,*,#8514,.T.);
#9515 = ORIENTED_EDGE('',*,*,#9484,.T.);
#9516 = B_SPLINE_SURFACE_WITH_KNOTS('',3,1,(
    (#9517,#9518)
    ,(#9519,#9520)
    ,(#9521,#9522)
    ,(#9523,#9524)
    ,(#9525,#9526)
    ,(#9527,#9528
    )),.UNSPECIFIED.,.F.,.F.,.F.,(4,2,4),(2,2),(2.,3.,4.),(0.,1.),
  .UNSPECIFIED.);
#9517 = CARTESIAN_POINT('',(-1.238675124468,-1.038301166741,0.8700001));
#9518 = CARTESIAN_POINT('',(-1.238675124468,-1.038301166741,0.8600001));
#9519 = CARTESIAN_POINT('',(-1.2487970365,-1.038301166741,0.8700001));
#9520 = CARTESIAN_POINT('',(-1.2487970365,-1.038301166741,0.8600001));
#9521 = CARTESIAN_POINT('',(-1.257472955847,-1.046495097719,0.8700001));
#9522 = CARTESIAN_POINT('',(-1.257472955847,-1.046495097719,0.8600001));
#9523 = CARTESIAN_POINT('',(-1.257472955847,-1.067702916908,0.8700001));
#9524 = CARTESIAN_POINT('',(-1.257472955847,-1.067702916908,0.8600001));
#9525 = CARTESIAN_POINT('',(-1.2487970365,-1.075896847886,0.8700001));
#9526 = CARTESIAN_POINT('',(-1.2487970365,-1.075896847886,0.8600001));
#9527 = CARTESIAN_POINT('',(-1.238675124468,-1.075896847886,0.8700001));
#9528 = CARTESIAN_POINT('',(-1.238675124468,-1.075896847886,0.8600001));
#9529 = ( GEOMETRIC_REPRESENTATION_CONTEXT(3) 
GLOBAL_UNCERTAINTY_ASSIGNED_CONTEXT((#9533)) 
GLOBAL_UNIT_ASSIGNED_CONTEXT((#9530,#9531,#9532)) REPRESENTATION_CONTEXT
('Context #1','3D Context with UNIT and UNCERTAINTY') );
#9530 = ( LENGTH_UNIT() NAMED_UNIT(*) SI_UNIT(.MILLI.,.METRE.) );
#9531 = ( NAMED_UNIT(*) PLANE_ANGLE_UNIT() SI_UNIT($,.RADIAN.) );
#9532 = ( NAMED_UNIT(*) SI_UNIT($,.STERADIAN.) SOLID_ANGLE_UNIT() );
#9533 = UNCERTAINTY_MEASURE_WITH_UNIT(LENGTH_MEASURE(1.E-07),#9530,
  'distance_accuracy_value','confusion accuracy');
#9534 = PRODUCT_RELATED_PRODUCT_CATEGORY('part',$,(#7));
#9535 = MECHANICAL_DESIGN_GEOMETRIC_PRESENTATION_REPRESENTATION('',(
    #9536,#9544,#9552,#9559,#9566,#9573,#9580,#9587,#9594,#9601,#9608,
    #9615,#9622,#9629,#9636,#9643,#9650,#9657,#9664,#9671,#9678,#9685,
    #9692,#9699,#9706,#9713,#9720,#9727,#9734,#9741,#9748,#9755,#9762,
    #9769,#9776,#9783,#9790,#9797,#9804,#9811,#9818,#9825,#9832,#9839,
    #9846,#9853,#9860,#9867,#9874,#9881,#9888,#9895,#9902,#9909,#9916,
    #9923,#9930,#9937,#9944,#9951,#9958,#9965,#9972,#9979,#9986,#9993,
    #10000,#10007,#10014,#10021,#10028,#10035,#10042,#10049,#10056,
    #10063,#10070,#10077,#10084,#10091,#10098,#10105,#10112,#10119,
    #10126,#10133,#10140,#10147,#10154,#10161,#10168,#10175,#10182,
    #10189,#10196,#10203,#10210,#10217,#10224,#10231,#10239,#10247,
    #10254,#10261,#10268,#10275,#10282,#10289,#10296,#10303,#10310,
    #10317,#10324,#10331,#10338,#10345,#10352,#10359,#10366,#10373,
    #10380,#10387,#10394,#10401,#10408,#10415,#10422,#10429,#10436,
    #10443,#10450,#10457,#10464,#10471,#10478,#10485,#10492,#10499,
    #10506,#10513,#10520,#10527,#10534,#10541,#10548,#10555,#10562,
    #10569,#10576,#10583,#10590,#10597,#10604,#10611,#10618,#10625,
    #10632,#10639,#10646,#10653,#10660,#10667,#10674,#10681,#10688,
    #10695,#10702,#10709,#10716,#10723,#10730,#10737,#10744,#10751,
    #10758,#10765,#10772,#10779,#10786,#10793,#10800,#10807,#10814,
    #10821,#10828,#10835,#10842,#10849,#10856,#10863,#10870,#10877,
    #10884,#10891,#10898,#10905,#10912,#10919,#10926,#10933,#10940,
    #10947,#10954,#10961,#10968,#10975,#10982,#10989,#10996,#11003,
    #11010,#11017,#11024,#11031,#11038,#11045,#11052,#11059,#11066,
    #11073,#11080,#11087,#11094,#11101,#11108,#11115,#11122,#11129,
    #11136,#11143,#11150,#11157,#11164,#11171,#11178,#11185,#11192,
    #11199,#11206,#11213,#11220,#11227,#11234,#11241,#11248,#11255,
    #11262,#11269,#11276,#11283,#11290,#11297,#11304,#11311,#11318,
    #11325,#11332,#11339,#11346,#11353,#11360,#11367,#11374,#11381,
    #11388,#11395,#11402,#11409,#11416,#11423,#11430,#11437,#11444,
    #11451,#11458,#11465,#11472,#11479,#11486,#11493,#11500,#11507,
    #11514,#11521,#11528,#11535,#11542,#11549,#11556,#11563,#11570,
    #11577,#11584,#11591,#11598,#11605,#11612,#11619,#11626,#11633,
    #11640,#11647,#11654,#11661,#11668,#11675,#11682,#11689,#11696,
    #11703,#11710,#11717,#11724,#11731,#11738,#11745,#11752,#11759,
    #11766,#11773,#11780,#11787,#11794,#11801,#11808,#11815,#11822,
    #11829,#11836,#11843,#11850,#11857,#11864,#11871,#11878,#11885,
    #11892,#11899,#11906,#11913,#11920,#11927,#11934,#11941,#11948,
    #11955,#11962,#11969,#11976,#11983,#11990,#11997,#12004,#12011,
    #12018,#12025,#12032),#9529);
#9536 = STYLED_ITEM('color',(#9537),#15);
#9537 = PRESENTATION_STYLE_ASSIGNMENT((#9538));
#9538 = SURFACE_STYLE_USAGE(.BOTH.,#9539);
#9539 = SURFACE_SIDE_STYLE('',(#9540));
#9540 = SURFACE_STYLE_FILL_AREA(#9541);
#9541 = FILL_AREA_STYLE('',(#9542));
#9542 = FILL_AREA_STYLE_COLOUR('',#9543);
#9543 = COLOUR_RGB('',0.,1.,0.250980388104);
#9544 = OVER_RIDING_STYLED_ITEM('overriding color',(#9545),#17,#9536);
#9545 = PRESENTATION_STYLE_ASSIGNMENT((#9546));
#9546 = SURFACE_STYLE_USAGE(.BOTH.,#9547);
#9547 = SURFACE_SIDE_STYLE('',(#9548));
#9548 = SURFACE_STYLE_FILL_AREA(#9549);
#9549 = FILL_AREA_STYLE('',(#9550));
#9550 = FILL_AREA_STYLE_COLOUR('',#9551);
#9551 = DRAUGHTING_PRE_DEFINED_COLOUR('yellow');
#9552 = OVER_RIDING_STYLED_ITEM('overriding color',(#9553),#53,#9536);
#9553 = PRESENTATION_STYLE_ASSIGNMENT((#9554));
#9554 = SURFACE_STYLE_USAGE(.BOTH.,#9555);
#9555 = SURFACE_SIDE_STYLE('',(#9556));
#9556 = SURFACE_STYLE_FILL_AREA(#9557);
#9557 = FILL_AREA_STYLE('',(#9558));
#9558 = FILL_AREA_STYLE_COLOUR('',#9551);
#9559 = OVER_RIDING_STYLED_ITEM('overriding color',(#9560),#81,#9536);
#9560 = PRESENTATION_STYLE_ASSIGNMENT((#9561));
#9561 = SURFACE_STYLE_USAGE(.BOTH.,#9562);
#9562 = SURFACE_SIDE_STYLE('',(#9563));
#9563 = SURFACE_STYLE_FILL_AREA(#9564);
#9564 = FILL_AREA_STYLE('',(#9565));
#9565 = FILL_AREA_STYLE_COLOUR('',#9551);
#9566 = OVER_RIDING_STYLED_ITEM('overriding color',(#9567),#109,#9536);
#9567 = PRESENTATION_STYLE_ASSIGNMENT((#9568));
#9568 = SURFACE_STYLE_USAGE(.BOTH.,#9569);
#9569 = SURFACE_SIDE_STYLE('',(#9570));
#9570 = SURFACE_STYLE_FILL_AREA(#9571);
#9571 = FILL_AREA_STYLE('',(#9572));
#9572 = FILL_AREA_STYLE_COLOUR('',#9551);
#9573 = OVER_RIDING_STYLED_ITEM('overriding color',(#9574),#129,#9536);
#9574 = PRESENTATION_STYLE_ASSIGNMENT((#9575));
#9575 = SURFACE_STYLE_USAGE(.BOTH.,#9576);
#9576 = SURFACE_SIDE_STYLE('',(#9577));
#9577 = SURFACE_STYLE_FILL_AREA(#9578);
#9578 = FILL_AREA_STYLE('',(#9579));
#9579 = FILL_AREA_STYLE_COLOUR('',#9551);
#9580 = OVER_RIDING_STYLED_ITEM('overriding color',(#9581),#141,#9536);
#9581 = PRESENTATION_STYLE_ASSIGNMENT((#9582));
#9582 = SURFACE_STYLE_USAGE(.BOTH.,#9583);
#9583 = SURFACE_SIDE_STYLE('',(#9584));
#9584 = SURFACE_STYLE_FILL_AREA(#9585);
#9585 = FILL_AREA_STYLE('',(#9586));
#9586 = FILL_AREA_STYLE_COLOUR('',#9551);
#9587 = STYLED_ITEM('color',(#9588),#153);
#9588 = PRESENTATION_STYLE_ASSIGNMENT((#9589));
#9589 = SURFACE_STYLE_USAGE(.BOTH.,#9590);
#9590 = SURFACE_SIDE_STYLE('',(#9591));
#9591 = SURFACE_STYLE_FILL_AREA(#9592);
#9592 = FILL_AREA_STYLE('',(#9593));
#9593 = FILL_AREA_STYLE_COLOUR('',#9543);
#9594 = OVER_RIDING_STYLED_ITEM('overriding color',(#9595),#155,#9587);
#9595 = PRESENTATION_STYLE_ASSIGNMENT((#9596));
#9596 = SURFACE_STYLE_USAGE(.BOTH.,#9597);
#9597 = SURFACE_SIDE_STYLE('',(#9598));
#9598 = SURFACE_STYLE_FILL_AREA(#9599);
#9599 = FILL_AREA_STYLE('',(#9600));
#9600 = FILL_AREA_STYLE_COLOUR('',#9551);
#9601 = OVER_RIDING_STYLED_ITEM('overriding color',(#9602),#191,#9587);
#9602 = PRESENTATION_STYLE_ASSIGNMENT((#9603));
#9603 = SURFACE_STYLE_USAGE(.BOTH.,#9604);
#9604 = SURFACE_SIDE_STYLE('',(#9605));
#9605 = SURFACE_STYLE_FILL_AREA(#9606);
#9606 = FILL_AREA_STYLE('',(#9607));
#9607 = FILL_AREA_STYLE_COLOUR('',#9551);
#9608 = OVER_RIDING_STYLED_ITEM('overriding color',(#9609),#219,#9587);
#9609 = PRESENTATION_STYLE_ASSIGNMENT((#9610));
#9610 = SURFACE_STYLE_USAGE(.BOTH.,#9611);
#9611 = SURFACE_SIDE_STYLE('',(#9612));
#9612 = SURFACE_STYLE_FILL_AREA(#9613);
#9613 = FILL_AREA_STYLE('',(#9614));
#9614 = FILL_AREA_STYLE_COLOUR('',#9551);
#9615 = OVER_RIDING_STYLED_ITEM('overriding color',(#9616),#247,#9587);
#9616 = PRESENTATION_STYLE_ASSIGNMENT((#9617));
#9617 = SURFACE_STYLE_USAGE(.BOTH.,#9618);
#9618 = SURFACE_SIDE_STYLE('',(#9619));
#9619 = SURFACE_STYLE_FILL_AREA(#9620);
#9620 = FILL_AREA_STYLE('',(#9621));
#9621 = FILL_AREA_STYLE_COLOUR('',#9551);
#9622 = OVER_RIDING_STYLED_ITEM('overriding color',(#9623),#267,#9587);
#9623 = PRESENTATION_STYLE_ASSIGNMENT((#9624));
#9624 = SURFACE_STYLE_USAGE(.BOTH.,#9625);
#9625 = SURFACE_SIDE_STYLE('',(#9626));
#9626 = SURFACE_STYLE_FILL_AREA(#9627);
#9627 = FILL_AREA_STYLE('',(#9628));
#9628 = FILL_AREA_STYLE_COLOUR('',#9551);
#9629 = OVER_RIDING_STYLED_ITEM('overriding color',(#9630),#279,#9587);
#9630 = PRESENTATION_STYLE_ASSIGNMENT((#9631));
#9631 = SURFACE_STYLE_USAGE(.BOTH.,#9632);
#9632 = SURFACE_SIDE_STYLE('',(#9633));
#9633 = SURFACE_STYLE_FILL_AREA(#9634);
#9634 = FILL_AREA_STYLE('',(#9635));
#9635 = FILL_AREA_STYLE_COLOUR('',#9551);
#9636 = STYLED_ITEM('color',(#9637),#291);
#9637 = PRESENTATION_STYLE_ASSIGNMENT((#9638));
#9638 = SURFACE_STYLE_USAGE(.BOTH.,#9639);
#9639 = SURFACE_SIDE_STYLE('',(#9640));
#9640 = SURFACE_STYLE_FILL_AREA(#9641);
#9641 = FILL_AREA_STYLE('',(#9642));
#9642 = FILL_AREA_STYLE_COLOUR('',#9543);
#9643 = OVER_RIDING_STYLED_ITEM('overriding color',(#9644),#293,#9636);
#9644 = PRESENTATION_STYLE_ASSIGNMENT((#9645));
#9645 = SURFACE_STYLE_USAGE(.BOTH.,#9646);
#9646 = SURFACE_SIDE_STYLE('',(#9647));
#9647 = SURFACE_STYLE_FILL_AREA(#9648);
#9648 = FILL_AREA_STYLE('',(#9649));
#9649 = FILL_AREA_STYLE_COLOUR('',#9551);
#9650 = OVER_RIDING_STYLED_ITEM('overriding color',(#9651),#329,#9636);
#9651 = PRESENTATION_STYLE_ASSIGNMENT((#9652));
#9652 = SURFACE_STYLE_USAGE(.BOTH.,#9653);
#9653 = SURFACE_SIDE_STYLE('',(#9654));
#9654 = SURFACE_STYLE_FILL_AREA(#9655);
#9655 = FILL_AREA_STYLE('',(#9656));
#9656 = FILL_AREA_STYLE_COLOUR('',#9551);
#9657 = OVER_RIDING_STYLED_ITEM('overriding color',(#9658),#357,#9636);
#9658 = PRESENTATION_STYLE_ASSIGNMENT((#9659));
#9659 = SURFACE_STYLE_USAGE(.BOTH.,#9660);
#9660 = SURFACE_SIDE_STYLE('',(#9661));
#9661 = SURFACE_STYLE_FILL_AREA(#9662);
#9662 = FILL_AREA_STYLE('',(#9663));
#9663 = FILL_AREA_STYLE_COLOUR('',#9551);
#9664 = OVER_RIDING_STYLED_ITEM('overriding color',(#9665),#385,#9636);
#9665 = PRESENTATION_STYLE_ASSIGNMENT((#9666));
#9666 = SURFACE_STYLE_USAGE(.BOTH.,#9667);
#9667 = SURFACE_SIDE_STYLE('',(#9668));
#9668 = SURFACE_STYLE_FILL_AREA(#9669);
#9669 = FILL_AREA_STYLE('',(#9670));
#9670 = FILL_AREA_STYLE_COLOUR('',#9551);
#9671 = OVER_RIDING_STYLED_ITEM('overriding color',(#9672),#405,#9636);
#9672 = PRESENTATION_STYLE_ASSIGNMENT((#9673));
#9673 = SURFACE_STYLE_USAGE(.BOTH.,#9674);
#9674 = SURFACE_SIDE_STYLE('',(#9675));
#9675 = SURFACE_STYLE_FILL_AREA(#9676);
#9676 = FILL_AREA_STYLE('',(#9677));
#9677 = FILL_AREA_STYLE_COLOUR('',#9551);
#9678 = OVER_RIDING_STYLED_ITEM('overriding color',(#9679),#417,#9636);
#9679 = PRESENTATION_STYLE_ASSIGNMENT((#9680));
#9680 = SURFACE_STYLE_USAGE(.BOTH.,#9681);
#9681 = SURFACE_SIDE_STYLE('',(#9682));
#9682 = SURFACE_STYLE_FILL_AREA(#9683);
#9683 = FILL_AREA_STYLE('',(#9684));
#9684 = FILL_AREA_STYLE_COLOUR('',#9551);
#9685 = STYLED_ITEM('color',(#9686),#429);
#9686 = PRESENTATION_STYLE_ASSIGNMENT((#9687));
#9687 = SURFACE_STYLE_USAGE(.BOTH.,#9688);
#9688 = SURFACE_SIDE_STYLE('',(#9689));
#9689 = SURFACE_STYLE_FILL_AREA(#9690);
#9690 = FILL_AREA_STYLE('',(#9691));
#9691 = FILL_AREA_STYLE_COLOUR('',#9543);
#9692 = OVER_RIDING_STYLED_ITEM('overriding color',(#9693),#431,#9685);
#9693 = PRESENTATION_STYLE_ASSIGNMENT((#9694));
#9694 = SURFACE_STYLE_USAGE(.BOTH.,#9695);
#9695 = SURFACE_SIDE_STYLE('',(#9696));
#9696 = SURFACE_STYLE_FILL_AREA(#9697);
#9697 = FILL_AREA_STYLE('',(#9698));
#9698 = FILL_AREA_STYLE_COLOUR('',#9551);
#9699 = OVER_RIDING_STYLED_ITEM('overriding color',(#9700),#467,#9685);
#9700 = PRESENTATION_STYLE_ASSIGNMENT((#9701));
#9701 = SURFACE_STYLE_USAGE(.BOTH.,#9702);
#9702 = SURFACE_SIDE_STYLE('',(#9703));
#9703 = SURFACE_STYLE_FILL_AREA(#9704);
#9704 = FILL_AREA_STYLE('',(#9705));
#9705 = FILL_AREA_STYLE_COLOUR('',#9551);
#9706 = OVER_RIDING_STYLED_ITEM('overriding color',(#9707),#495,#9685);
#9707 = PRESENTATION_STYLE_ASSIGNMENT((#9708));
#9708 = SURFACE_STYLE_USAGE(.BOTH.,#9709);
#9709 = SURFACE_SIDE_STYLE('',(#9710));
#9710 = SURFACE_STYLE_FILL_AREA(#9711);
#9711 = FILL_AREA_STYLE('',(#9712));
#9712 = FILL_AREA_STYLE_COLOUR('',#9551);
#9713 = OVER_RIDING_STYLED_ITEM('overriding color',(#9714),#523,#9685);
#9714 = PRESENTATION_STYLE_ASSIGNMENT((#9715));
#9715 = SURFACE_STYLE_USAGE(.BOTH.,#9716);
#9716 = SURFACE_SIDE_STYLE('',(#9717));
#9717 = SURFACE_STYLE_FILL_AREA(#9718);
#9718 = FILL_AREA_STYLE('',(#9719));
#9719 = FILL_AREA_STYLE_COLOUR('',#9551);
#9720 = OVER_RIDING_STYLED_ITEM('overriding color',(#9721),#543,#9685);
#9721 = PRESENTATION_STYLE_ASSIGNMENT((#9722));
#9722 = SURFACE_STYLE_USAGE(.BOTH.,#9723);
#9723 = SURFACE_SIDE_STYLE('',(#9724));
#9724 = SURFACE_STYLE_FILL_AREA(#9725);
#9725 = FILL_AREA_STYLE('',(#9726));
#9726 = FILL_AREA_STYLE_COLOUR('',#9551);
#9727 = OVER_RIDING_STYLED_ITEM('overriding color',(#9728),#555,#9685);
#9728 = PRESENTATION_STYLE_ASSIGNMENT((#9729));
#9729 = SURFACE_STYLE_USAGE(.BOTH.,#9730);
#9730 = SURFACE_SIDE_STYLE('',(#9731));
#9731 = SURFACE_STYLE_FILL_AREA(#9732);
#9732 = FILL_AREA_STYLE('',(#9733));
#9733 = FILL_AREA_STYLE_COLOUR('',#9551);
#9734 = STYLED_ITEM('color',(#9735),#567);
#9735 = PRESENTATION_STYLE_ASSIGNMENT((#9736));
#9736 = SURFACE_STYLE_USAGE(.BOTH.,#9737);
#9737 = SURFACE_SIDE_STYLE('',(#9738));
#9738 = SURFACE_STYLE_FILL_AREA(#9739);
#9739 = FILL_AREA_STYLE('',(#9740));
#9740 = FILL_AREA_STYLE_COLOUR('',#9543);
#9741 = OVER_RIDING_STYLED_ITEM('overriding color',(#9742),#569,#9734);
#9742 = PRESENTATION_STYLE_ASSIGNMENT((#9743));
#9743 = SURFACE_STYLE_USAGE(.BOTH.,#9744);
#9744 = SURFACE_SIDE_STYLE('',(#9745));
#9745 = SURFACE_STYLE_FILL_AREA(#9746);
#9746 = FILL_AREA_STYLE('',(#9747));
#9747 = FILL_AREA_STYLE_COLOUR('',#9551);
#9748 = OVER_RIDING_STYLED_ITEM('overriding color',(#9749),#605,#9734);
#9749 = PRESENTATION_STYLE_ASSIGNMENT((#9750));
#9750 = SURFACE_STYLE_USAGE(.BOTH.,#9751);
#9751 = SURFACE_SIDE_STYLE('',(#9752));
#9752 = SURFACE_STYLE_FILL_AREA(#9753);
#9753 = FILL_AREA_STYLE('',(#9754));
#9754 = FILL_AREA_STYLE_COLOUR('',#9551);
#9755 = OVER_RIDING_STYLED_ITEM('overriding color',(#9756),#633,#9734);
#9756 = PRESENTATION_STYLE_ASSIGNMENT((#9757));
#9757 = SURFACE_STYLE_USAGE(.BOTH.,#9758);
#9758 = SURFACE_SIDE_STYLE('',(#9759));
#9759 = SURFACE_STYLE_FILL_AREA(#9760);
#9760 = FILL_AREA_STYLE('',(#9761));
#9761 = FILL_AREA_STYLE_COLOUR('',#9551);
#9762 = OVER_RIDING_STYLED_ITEM('overriding color',(#9763),#661,#9734);
#9763 = PRESENTATION_STYLE_ASSIGNMENT((#9764));
#9764 = SURFACE_STYLE_USAGE(.BOTH.,#9765);
#9765 = SURFACE_SIDE_STYLE('',(#9766));
#9766 = SURFACE_STYLE_FILL_AREA(#9767);
#9767 = FILL_AREA_STYLE('',(#9768));
#9768 = FILL_AREA_STYLE_COLOUR('',#9551);
#9769 = OVER_RIDING_STYLED_ITEM('overriding color',(#9770),#681,#9734);
#9770 = PRESENTATION_STYLE_ASSIGNMENT((#9771));
#9771 = SURFACE_STYLE_USAGE(.BOTH.,#9772);
#9772 = SURFACE_SIDE_STYLE('',(#9773));
#9773 = SURFACE_STYLE_FILL_AREA(#9774);
#9774 = FILL_AREA_STYLE('',(#9775));
#9775 = FILL_AREA_STYLE_COLOUR('',#9551);
#9776 = OVER_RIDING_STYLED_ITEM('overriding color',(#9777),#693,#9734);
#9777 = PRESENTATION_STYLE_ASSIGNMENT((#9778));
#9778 = SURFACE_STYLE_USAGE(.BOTH.,#9779);
#9779 = SURFACE_SIDE_STYLE('',(#9780));
#9780 = SURFACE_STYLE_FILL_AREA(#9781);
#9781 = FILL_AREA_STYLE('',(#9782));
#9782 = FILL_AREA_STYLE_COLOUR('',#9551);
#9783 = STYLED_ITEM('color',(#9784),#705);
#9784 = PRESENTATION_STYLE_ASSIGNMENT((#9785));
#9785 = SURFACE_STYLE_USAGE(.BOTH.,#9786);
#9786 = SURFACE_SIDE_STYLE('',(#9787));
#9787 = SURFACE_STYLE_FILL_AREA(#9788);
#9788 = FILL_AREA_STYLE('',(#9789));
#9789 = FILL_AREA_STYLE_COLOUR('',#9543);
#9790 = OVER_RIDING_STYLED_ITEM('overriding color',(#9791),#707,#9783);
#9791 = PRESENTATION_STYLE_ASSIGNMENT((#9792));
#9792 = SURFACE_STYLE_USAGE(.BOTH.,#9793);
#9793 = SURFACE_SIDE_STYLE('',(#9794));
#9794 = SURFACE_STYLE_FILL_AREA(#9795);
#9795 = FILL_AREA_STYLE('',(#9796));
#9796 = FILL_AREA_STYLE_COLOUR('',#9551);
#9797 = OVER_RIDING_STYLED_ITEM('overriding color',(#9798),#743,#9783);
#9798 = PRESENTATION_STYLE_ASSIGNMENT((#9799));
#9799 = SURFACE_STYLE_USAGE(.BOTH.,#9800);
#9800 = SURFACE_SIDE_STYLE('',(#9801));
#9801 = SURFACE_STYLE_FILL_AREA(#9802);
#9802 = FILL_AREA_STYLE('',(#9803));
#9803 = FILL_AREA_STYLE_COLOUR('',#9551);
#9804 = OVER_RIDING_STYLED_ITEM('overriding color',(#9805),#771,#9783);
#9805 = PRESENTATION_STYLE_ASSIGNMENT((#9806));
#9806 = SURFACE_STYLE_USAGE(.BOTH.,#9807);
#9807 = SURFACE_SIDE_STYLE('',(#9808));
#9808 = SURFACE_STYLE_FILL_AREA(#9809);
#9809 = FILL_AREA_STYLE('',(#9810));
#9810 = FILL_AREA_STYLE_COLOUR('',#9551);
#9811 = OVER_RIDING_STYLED_ITEM('overriding color',(#9812),#799,#9783);
#9812 = PRESENTATION_STYLE_ASSIGNMENT((#9813));
#9813 = SURFACE_STYLE_USAGE(.BOTH.,#9814);
#9814 = SURFACE_SIDE_STYLE('',(#9815));
#9815 = SURFACE_STYLE_FILL_AREA(#9816);
#9816 = FILL_AREA_STYLE('',(#9817));
#9817 = FILL_AREA_STYLE_COLOUR('',#9551);
#9818 = OVER_RIDING_STYLED_ITEM('overriding color',(#9819),#819,#9783);
#9819 = PRESENTATION_STYLE_ASSIGNMENT((#9820));
#9820 = SURFACE_STYLE_USAGE(.BOTH.,#9821);
#9821 = SURFACE_SIDE_STYLE('',(#9822));
#9822 = SURFACE_STYLE_FILL_AREA(#9823);
#9823 = FILL_AREA_STYLE('',(#9824));
#9824 = FILL_AREA_STYLE_COLOUR('',#9551);
#9825 = OVER_RIDING_STYLED_ITEM('overriding color',(#9826),#831,#9783);
#9826 = PRESENTATION_STYLE_ASSIGNMENT((#9827));
#9827 = SURFACE_STYLE_USAGE(.BOTH.,#9828);
#9828 = SURFACE_SIDE_STYLE('',(#9829));
#9829 = SURFACE_STYLE_FILL_AREA(#9830);
#9830 = FILL_AREA_STYLE('',(#9831));
#9831 = FILL_AREA_STYLE_COLOUR('',#9551);
#9832 = STYLED_ITEM('color',(#9833),#843);
#9833 = PRESENTATION_STYLE_ASSIGNMENT((#9834));
#9834 = SURFACE_STYLE_USAGE(.BOTH.,#9835);
#9835 = SURFACE_SIDE_STYLE('',(#9836));
#9836 = SURFACE_STYLE_FILL_AREA(#9837);
#9837 = FILL_AREA_STYLE('',(#9838));
#9838 = FILL_AREA_STYLE_COLOUR('',#9543);
#9839 = OVER_RIDING_STYLED_ITEM('overriding color',(#9840),#845,#9832);
#9840 = PRESENTATION_STYLE_ASSIGNMENT((#9841));
#9841 = SURFACE_STYLE_USAGE(.BOTH.,#9842);
#9842 = SURFACE_SIDE_STYLE('',(#9843));
#9843 = SURFACE_STYLE_FILL_AREA(#9844);
#9844 = FILL_AREA_STYLE('',(#9845));
#9845 = FILL_AREA_STYLE_COLOUR('',#9551);
#9846 = OVER_RIDING_STYLED_ITEM('overriding color',(#9847),#881,#9832);
#9847 = PRESENTATION_STYLE_ASSIGNMENT((#9848));
#9848 = SURFACE_STYLE_USAGE(.BOTH.,#9849);
#9849 = SURFACE_SIDE_STYLE('',(#9850));
#9850 = SURFACE_STYLE_FILL_AREA(#9851);
#9851 = FILL_AREA_STYLE('',(#9852));
#9852 = FILL_AREA_STYLE_COLOUR('',#9551);
#9853 = OVER_RIDING_STYLED_ITEM('overriding color',(#9854),#909,#9832);
#9854 = PRESENTATION_STYLE_ASSIGNMENT((#9855));
#9855 = SURFACE_STYLE_USAGE(.BOTH.,#9856);
#9856 = SURFACE_SIDE_STYLE('',(#9857));
#9857 = SURFACE_STYLE_FILL_AREA(#9858);
#9858 = FILL_AREA_STYLE('',(#9859));
#9859 = FILL_AREA_STYLE_COLOUR('',#9551);
#9860 = OVER_RIDING_STYLED_ITEM('overriding color',(#9861),#937,#9832);
#9861 = PRESENTATION_STYLE_ASSIGNMENT((#9862));
#9862 = SURFACE_STYLE_USAGE(.BOTH.,#9863);
#9863 = SURFACE_SIDE_STYLE('',(#9864));
#9864 = SURFACE_STYLE_FILL_AREA(#9865);
#9865 = FILL_AREA_STYLE('',(#9866));
#9866 = FILL_AREA_STYLE_COLOUR('',#9551);
#9867 = OVER_RIDING_STYLED_ITEM('overriding color',(#9868),#957,#9832);
#9868 = PRESENTATION_STYLE_ASSIGNMENT((#9869));
#9869 = SURFACE_STYLE_USAGE(.BOTH.,#9870);
#9870 = SURFACE_SIDE_STYLE('',(#9871));
#9871 = SURFACE_STYLE_FILL_AREA(#9872);
#9872 = FILL_AREA_STYLE('',(#9873));
#9873 = FILL_AREA_STYLE_COLOUR('',#9551);
#9874 = OVER_RIDING_STYLED_ITEM('overriding color',(#9875),#969,#9832);
#9875 = PRESENTATION_STYLE_ASSIGNMENT((#9876));
#9876 = SURFACE_STYLE_USAGE(.BOTH.,#9877);
#9877 = SURFACE_SIDE_STYLE('',(#9878));
#9878 = SURFACE_STYLE_FILL_AREA(#9879);
#9879 = FILL_AREA_STYLE('',(#9880));
#9880 = FILL_AREA_STYLE_COLOUR('',#9551);
#9881 = STYLED_ITEM('color',(#9882),#981);
#9882 = PRESENTATION_STYLE_ASSIGNMENT((#9883));
#9883 = SURFACE_STYLE_USAGE(.BOTH.,#9884);
#9884 = SURFACE_SIDE_STYLE('',(#9885));
#9885 = SURFACE_STYLE_FILL_AREA(#9886);
#9886 = FILL_AREA_STYLE('',(#9887));
#9887 = FILL_AREA_STYLE_COLOUR('',#9543);
#9888 = OVER_RIDING_STYLED_ITEM('overriding color',(#9889),#983,#9881);
#9889 = PRESENTATION_STYLE_ASSIGNMENT((#9890));
#9890 = SURFACE_STYLE_USAGE(.BOTH.,#9891);
#9891 = SURFACE_SIDE_STYLE('',(#9892));
#9892 = SURFACE_STYLE_FILL_AREA(#9893);
#9893 = FILL_AREA_STYLE('',(#9894));
#9894 = FILL_AREA_STYLE_COLOUR('',#9551);
#9895 = OVER_RIDING_STYLED_ITEM('overriding color',(#9896),#1019,#9881);
#9896 = PRESENTATION_STYLE_ASSIGNMENT((#9897));
#9897 = SURFACE_STYLE_USAGE(.BOTH.,#9898);
#9898 = SURFACE_SIDE_STYLE('',(#9899));
#9899 = SURFACE_STYLE_FILL_AREA(#9900);
#9900 = FILL_AREA_STYLE('',(#9901));
#9901 = FILL_AREA_STYLE_COLOUR('',#9551);
#9902 = OVER_RIDING_STYLED_ITEM('overriding color',(#9903),#1047,#9881);
#9903 = PRESENTATION_STYLE_ASSIGNMENT((#9904));
#9904 = SURFACE_STYLE_USAGE(.BOTH.,#9905);
#9905 = SURFACE_SIDE_STYLE('',(#9906));
#9906 = SURFACE_STYLE_FILL_AREA(#9907);
#9907 = FILL_AREA_STYLE('',(#9908));
#9908 = FILL_AREA_STYLE_COLOUR('',#9551);
#9909 = OVER_RIDING_STYLED_ITEM('overriding color',(#9910),#1075,#9881);
#9910 = PRESENTATION_STYLE_ASSIGNMENT((#9911));
#9911 = SURFACE_STYLE_USAGE(.BOTH.,#9912);
#9912 = SURFACE_SIDE_STYLE('',(#9913));
#9913 = SURFACE_STYLE_FILL_AREA(#9914);
#9914 = FILL_AREA_STYLE('',(#9915));
#9915 = FILL_AREA_STYLE_COLOUR('',#9551);
#9916 = OVER_RIDING_STYLED_ITEM('overriding color',(#9917),#1095,#9881);
#9917 = PRESENTATION_STYLE_ASSIGNMENT((#9918));
#9918 = SURFACE_STYLE_USAGE(.BOTH.,#9919);
#9919 = SURFACE_SIDE_STYLE('',(#9920));
#9920 = SURFACE_STYLE_FILL_AREA(#9921);
#9921 = FILL_AREA_STYLE('',(#9922));
#9922 = FILL_AREA_STYLE_COLOUR('',#9551);
#9923 = OVER_RIDING_STYLED_ITEM('overriding color',(#9924),#1107,#9881);
#9924 = PRESENTATION_STYLE_ASSIGNMENT((#9925));
#9925 = SURFACE_STYLE_USAGE(.BOTH.,#9926);
#9926 = SURFACE_SIDE_STYLE('',(#9927));
#9927 = SURFACE_STYLE_FILL_AREA(#9928);
#9928 = FILL_AREA_STYLE('',(#9929));
#9929 = FILL_AREA_STYLE_COLOUR('',#9551);
#9930 = STYLED_ITEM('color',(#9931),#1119);
#9931 = PRESENTATION_STYLE_ASSIGNMENT((#9932));
#9932 = SURFACE_STYLE_USAGE(.BOTH.,#9933);
#9933 = SURFACE_SIDE_STYLE('',(#9934));
#9934 = SURFACE_STYLE_FILL_AREA(#9935);
#9935 = FILL_AREA_STYLE('',(#9936));
#9936 = FILL_AREA_STYLE_COLOUR('',#9543);
#9937 = OVER_RIDING_STYLED_ITEM('overriding color',(#9938),#1121,#9930);
#9938 = PRESENTATION_STYLE_ASSIGNMENT((#9939));
#9939 = SURFACE_STYLE_USAGE(.BOTH.,#9940);
#9940 = SURFACE_SIDE_STYLE('',(#9941));
#9941 = SURFACE_STYLE_FILL_AREA(#9942);
#9942 = FILL_AREA_STYLE('',(#9943));
#9943 = FILL_AREA_STYLE_COLOUR('',#9551);
#9944 = OVER_RIDING_STYLED_ITEM('overriding color',(#9945),#1157,#9930);
#9945 = PRESENTATION_STYLE_ASSIGNMENT((#9946));
#9946 = SURFACE_STYLE_USAGE(.BOTH.,#9947);
#9947 = SURFACE_SIDE_STYLE('',(#9948));
#9948 = SURFACE_STYLE_FILL_AREA(#9949);
#9949 = FILL_AREA_STYLE('',(#9950));
#9950 = FILL_AREA_STYLE_COLOUR('',#9551);
#9951 = OVER_RIDING_STYLED_ITEM('overriding color',(#9952),#1185,#9930);
#9952 = PRESENTATION_STYLE_ASSIGNMENT((#9953));
#9953 = SURFACE_STYLE_USAGE(.BOTH.,#9954);
#9954 = SURFACE_SIDE_STYLE('',(#9955));
#9955 = SURFACE_STYLE_FILL_AREA(#9956);
#9956 = FILL_AREA_STYLE('',(#9957));
#9957 = FILL_AREA_STYLE_COLOUR('',#9551);
#9958 = OVER_RIDING_STYLED_ITEM('overriding color',(#9959),#1213,#9930);
#9959 = PRESENTATION_STYLE_ASSIGNMENT((#9960));
#9960 = SURFACE_STYLE_USAGE(.BOTH.,#9961);
#9961 = SURFACE_SIDE_STYLE('',(#9962));
#9962 = SURFACE_STYLE_FILL_AREA(#9963);
#9963 = FILL_AREA_STYLE('',(#9964));
#9964 = FILL_AREA_STYLE_COLOUR('',#9551);
#9965 = OVER_RIDING_STYLED_ITEM('overriding color',(#9966),#1233,#9930);
#9966 = PRESENTATION_STYLE_ASSIGNMENT((#9967));
#9967 = SURFACE_STYLE_USAGE(.BOTH.,#9968);
#9968 = SURFACE_SIDE_STYLE('',(#9969));
#9969 = SURFACE_STYLE_FILL_AREA(#9970);
#9970 = FILL_AREA_STYLE('',(#9971));
#9971 = FILL_AREA_STYLE_COLOUR('',#9551);
#9972 = OVER_RIDING_STYLED_ITEM('overriding color',(#9973),#1245,#9930);
#9973 = PRESENTATION_STYLE_ASSIGNMENT((#9974));
#9974 = SURFACE_STYLE_USAGE(.BOTH.,#9975);
#9975 = SURFACE_SIDE_STYLE('',(#9976));
#9976 = SURFACE_STYLE_FILL_AREA(#9977);
#9977 = FILL_AREA_STYLE('',(#9978));
#9978 = FILL_AREA_STYLE_COLOUR('',#9551);
#9979 = STYLED_ITEM('color',(#9980),#1257);
#9980 = PRESENTATION_STYLE_ASSIGNMENT((#9981));
#9981 = SURFACE_STYLE_USAGE(.BOTH.,#9982);
#9982 = SURFACE_SIDE_STYLE('',(#9983));
#9983 = SURFACE_STYLE_FILL_AREA(#9984);
#9984 = FILL_AREA_STYLE('',(#9985));
#9985 = FILL_AREA_STYLE_COLOUR('',#9543);
#9986 = OVER_RIDING_STYLED_ITEM('overriding color',(#9987),#1259,#9979);
#9987 = PRESENTATION_STYLE_ASSIGNMENT((#9988));
#9988 = SURFACE_STYLE_USAGE(.BOTH.,#9989);
#9989 = SURFACE_SIDE_STYLE('',(#9990));
#9990 = SURFACE_STYLE_FILL_AREA(#9991);
#9991 = FILL_AREA_STYLE('',(#9992));
#9992 = FILL_AREA_STYLE_COLOUR('',#9551);
#9993 = OVER_RIDING_STYLED_ITEM('overriding color',(#9994),#1295,#9979);
#9994 = PRESENTATION_STYLE_ASSIGNMENT((#9995));
#9995 = SURFACE_STYLE_USAGE(.BOTH.,#9996);
#9996 = SURFACE_SIDE_STYLE('',(#9997));
#9997 = SURFACE_STYLE_FILL_AREA(#9998);
#9998 = FILL_AREA_STYLE('',(#9999));
#9999 = FILL_AREA_STYLE_COLOUR('',#9551);
#10000 = OVER_RIDING_STYLED_ITEM('overriding color',(#10001),#1323,#9979
  );
#10001 = PRESENTATION_STYLE_ASSIGNMENT((#10002));
#10002 = SURFACE_STYLE_USAGE(.BOTH.,#10003);
#10003 = SURFACE_SIDE_STYLE('',(#10004));
#10004 = SURFACE_STYLE_FILL_AREA(#10005);
#10005 = FILL_AREA_STYLE('',(#10006));
#10006 = FILL_AREA_STYLE_COLOUR('',#9551);
#10007 = OVER_RIDING_STYLED_ITEM('overriding color',(#10008),#1351,#9979
  );
#10008 = PRESENTATION_STYLE_ASSIGNMENT((#10009));
#10009 = SURFACE_STYLE_USAGE(.BOTH.,#10010);
#10010 = SURFACE_SIDE_STYLE('',(#10011));
#10011 = SURFACE_STYLE_FILL_AREA(#10012);
#10012 = FILL_AREA_STYLE('',(#10013));
#10013 = FILL_AREA_STYLE_COLOUR('',#9551);
#10014 = OVER_RIDING_STYLED_ITEM('overriding color',(#10015),#1371,#9979
  );
#10015 = PRESENTATION_STYLE_ASSIGNMENT((#10016));
#10016 = SURFACE_STYLE_USAGE(.BOTH.,#10017);
#10017 = SURFACE_SIDE_STYLE('',(#10018));
#10018 = SURFACE_STYLE_FILL_AREA(#10019);
#10019 = FILL_AREA_STYLE('',(#10020));
#10020 = FILL_AREA_STYLE_COLOUR('',#9551);
#10021 = OVER_RIDING_STYLED_ITEM('overriding color',(#10022),#1383,#9979
  );
#10022 = PRESENTATION_STYLE_ASSIGNMENT((#10023));
#10023 = SURFACE_STYLE_USAGE(.BOTH.,#10024);
#10024 = SURFACE_SIDE_STYLE('',(#10025));
#10025 = SURFACE_STYLE_FILL_AREA(#10026);
#10026 = FILL_AREA_STYLE('',(#10027));
#10027 = FILL_AREA_STYLE_COLOUR('',#9551);
#10028 = STYLED_ITEM('color',(#10029),#1395);
#10029 = PRESENTATION_STYLE_ASSIGNMENT((#10030));
#10030 = SURFACE_STYLE_USAGE(.BOTH.,#10031);
#10031 = SURFACE_SIDE_STYLE('',(#10032));
#10032 = SURFACE_STYLE_FILL_AREA(#10033);
#10033 = FILL_AREA_STYLE('',(#10034));
#10034 = FILL_AREA_STYLE_COLOUR('',#9543);
#10035 = OVER_RIDING_STYLED_ITEM('overriding color',(#10036),#1397,
  #10028);
#10036 = PRESENTATION_STYLE_ASSIGNMENT((#10037));
#10037 = SURFACE_STYLE_USAGE(.BOTH.,#10038);
#10038 = SURFACE_SIDE_STYLE('',(#10039));
#10039 = SURFACE_STYLE_FILL_AREA(#10040);
#10040 = FILL_AREA_STYLE('',(#10041));
#10041 = FILL_AREA_STYLE_COLOUR('',#9551);
#10042 = OVER_RIDING_STYLED_ITEM('overriding color',(#10043),#1433,
  #10028);
#10043 = PRESENTATION_STYLE_ASSIGNMENT((#10044));
#10044 = SURFACE_STYLE_USAGE(.BOTH.,#10045);
#10045 = SURFACE_SIDE_STYLE('',(#10046));
#10046 = SURFACE_STYLE_FILL_AREA(#10047);
#10047 = FILL_AREA_STYLE('',(#10048));
#10048 = FILL_AREA_STYLE_COLOUR('',#9551);
#10049 = OVER_RIDING_STYLED_ITEM('overriding color',(#10050),#1461,
  #10028);
#10050 = PRESENTATION_STYLE_ASSIGNMENT((#10051));
#10051 = SURFACE_STYLE_USAGE(.BOTH.,#10052);
#10052 = SURFACE_SIDE_STYLE('',(#10053));
#10053 = SURFACE_STYLE_FILL_AREA(#10054);
#10054 = FILL_AREA_STYLE('',(#10055));
#10055 = FILL_AREA_STYLE_COLOUR('',#9551);
#10056 = OVER_RIDING_STYLED_ITEM('overriding color',(#10057),#1489,
  #10028);
#10057 = PRESENTATION_STYLE_ASSIGNMENT((#10058));
#10058 = SURFACE_STYLE_USAGE(.BOTH.,#10059);
#10059 = SURFACE_SIDE_STYLE('',(#10060));
#10060 = SURFACE_STYLE_FILL_AREA(#10061);
#10061 = FILL_AREA_STYLE('',(#10062));
#10062 = FILL_AREA_STYLE_COLOUR('',#9551);
#10063 = OVER_RIDING_STYLED_ITEM('overriding color',(#10064),#1509,
  #10028);
#10064 = PRESENTATION_STYLE_ASSIGNMENT((#10065));
#10065 = SURFACE_STYLE_USAGE(.BOTH.,#10066);
#10066 = SURFACE_SIDE_STYLE('',(#10067));
#10067 = SURFACE_STYLE_FILL_AREA(#10068);
#10068 = FILL_AREA_STYLE('',(#10069));
#10069 = FILL_AREA_STYLE_COLOUR('',#9551);
#10070 = OVER_RIDING_STYLED_ITEM('overriding color',(#10071),#1521,
  #10028);
#10071 = PRESENTATION_STYLE_ASSIGNMENT((#10072));
#10072 = SURFACE_STYLE_USAGE(.BOTH.,#10073);
#10073 = SURFACE_SIDE_STYLE('',(#10074));
#10074 = SURFACE_STYLE_FILL_AREA(#10075);
#10075 = FILL_AREA_STYLE('',(#10076));
#10076 = FILL_AREA_STYLE_COLOUR('',#9551);
#10077 = STYLED_ITEM('color',(#10078),#1533);
#10078 = PRESENTATION_STYLE_ASSIGNMENT((#10079));
#10079 = SURFACE_STYLE_USAGE(.BOTH.,#10080);
#10080 = SURFACE_SIDE_STYLE('',(#10081));
#10081 = SURFACE_STYLE_FILL_AREA(#10082);
#10082 = FILL_AREA_STYLE('',(#10083));
#10083 = FILL_AREA_STYLE_COLOUR('',#9543);
#10084 = OVER_RIDING_STYLED_ITEM('overriding color',(#10085),#1535,
  #10077);
#10085 = PRESENTATION_STYLE_ASSIGNMENT((#10086));
#10086 = SURFACE_STYLE_USAGE(.BOTH.,#10087);
#10087 = SURFACE_SIDE_STYLE('',(#10088));
#10088 = SURFACE_STYLE_FILL_AREA(#10089);
#10089 = FILL_AREA_STYLE('',(#10090));
#10090 = FILL_AREA_STYLE_COLOUR('',#9551);
#10091 = OVER_RIDING_STYLED_ITEM('overriding color',(#10092),#1571,
  #10077);
#10092 = PRESENTATION_STYLE_ASSIGNMENT((#10093));
#10093 = SURFACE_STYLE_USAGE(.BOTH.,#10094);
#10094 = SURFACE_SIDE_STYLE('',(#10095));
#10095 = SURFACE_STYLE_FILL_AREA(#10096);
#10096 = FILL_AREA_STYLE('',(#10097));
#10097 = FILL_AREA_STYLE_COLOUR('',#9551);
#10098 = OVER_RIDING_STYLED_ITEM('overriding color',(#10099),#1599,
  #10077);
#10099 = PRESENTATION_STYLE_ASSIGNMENT((#10100));
#10100 = SURFACE_STYLE_USAGE(.BOTH.,#10101);
#10101 = SURFACE_SIDE_STYLE('',(#10102));
#10102 = SURFACE_STYLE_FILL_AREA(#10103);
#10103 = FILL_AREA_STYLE('',(#10104));
#10104 = FILL_AREA_STYLE_COLOUR('',#9551);
#10105 = OVER_RIDING_STYLED_ITEM('overriding color',(#10106),#1627,
  #10077);
#10106 = PRESENTATION_STYLE_ASSIGNMENT((#10107));
#10107 = SURFACE_STYLE_USAGE(.BOTH.,#10108);
#10108 = SURFACE_SIDE_STYLE('',(#10109));
#10109 = SURFACE_STYLE_FILL_AREA(#10110);
#10110 = FILL_AREA_STYLE('',(#10111));
#10111 = FILL_AREA_STYLE_COLOUR('',#9551);
#10112 = OVER_RIDING_STYLED_ITEM('overriding color',(#10113),#1647,
  #10077);
#10113 = PRESENTATION_STYLE_ASSIGNMENT((#10114));
#10114 = SURFACE_STYLE_USAGE(.BOTH.,#10115);
#10115 = SURFACE_SIDE_STYLE('',(#10116));
#10116 = SURFACE_STYLE_FILL_AREA(#10117);
#10117 = FILL_AREA_STYLE('',(#10118));
#10118 = FILL_AREA_STYLE_COLOUR('',#9551);
#10119 = OVER_RIDING_STYLED_ITEM('overriding color',(#10120),#1659,
  #10077);
#10120 = PRESENTATION_STYLE_ASSIGNMENT((#10121));
#10121 = SURFACE_STYLE_USAGE(.BOTH.,#10122);
#10122 = SURFACE_SIDE_STYLE('',(#10123));
#10123 = SURFACE_STYLE_FILL_AREA(#10124);
#10124 = FILL_AREA_STYLE('',(#10125));
#10125 = FILL_AREA_STYLE_COLOUR('',#9551);
#10126 = STYLED_ITEM('color',(#10127),#1671);
#10127 = PRESENTATION_STYLE_ASSIGNMENT((#10128));
#10128 = SURFACE_STYLE_USAGE(.BOTH.,#10129);
#10129 = SURFACE_SIDE_STYLE('',(#10130));
#10130 = SURFACE_STYLE_FILL_AREA(#10131);
#10131 = FILL_AREA_STYLE('',(#10132));
#10132 = FILL_AREA_STYLE_COLOUR('',#9543);
#10133 = OVER_RIDING_STYLED_ITEM('overriding color',(#10134),#1673,
  #10126);
#10134 = PRESENTATION_STYLE_ASSIGNMENT((#10135));
#10135 = SURFACE_STYLE_USAGE(.BOTH.,#10136);
#10136 = SURFACE_SIDE_STYLE('',(#10137));
#10137 = SURFACE_STYLE_FILL_AREA(#10138);
#10138 = FILL_AREA_STYLE('',(#10139));
#10139 = FILL_AREA_STYLE_COLOUR('',#9551);
#10140 = OVER_RIDING_STYLED_ITEM('overriding color',(#10141),#1709,
  #10126);
#10141 = PRESENTATION_STYLE_ASSIGNMENT((#10142));
#10142 = SURFACE_STYLE_USAGE(.BOTH.,#10143);
#10143 = SURFACE_SIDE_STYLE('',(#10144));
#10144 = SURFACE_STYLE_FILL_AREA(#10145);
#10145 = FILL_AREA_STYLE('',(#10146));
#10146 = FILL_AREA_STYLE_COLOUR('',#9551);
#10147 = OVER_RIDING_STYLED_ITEM('overriding color',(#10148),#1737,
  #10126);
#10148 = PRESENTATION_STYLE_ASSIGNMENT((#10149));
#10149 = SURFACE_STYLE_USAGE(.BOTH.,#10150);
#10150 = SURFACE_SIDE_STYLE('',(#10151));
#10151 = SURFACE_STYLE_FILL_AREA(#10152);
#10152 = FILL_AREA_STYLE('',(#10153));
#10153 = FILL_AREA_STYLE_COLOUR('',#9551);
#10154 = OVER_RIDING_STYLED_ITEM('overriding color',(#10155),#1765,
  #10126);
#10155 = PRESENTATION_STYLE_ASSIGNMENT((#10156));
#10156 = SURFACE_STYLE_USAGE(.BOTH.,#10157);
#10157 = SURFACE_SIDE_STYLE('',(#10158));
#10158 = SURFACE_STYLE_FILL_AREA(#10159);
#10159 = FILL_AREA_STYLE('',(#10160));
#10160 = FILL_AREA_STYLE_COLOUR('',#9551);
#10161 = OVER_RIDING_STYLED_ITEM('overriding color',(#10162),#1785,
  #10126);
#10162 = PRESENTATION_STYLE_ASSIGNMENT((#10163));
#10163 = SURFACE_STYLE_USAGE(.BOTH.,#10164);
#10164 = SURFACE_SIDE_STYLE('',(#10165));
#10165 = SURFACE_STYLE_FILL_AREA(#10166);
#10166 = FILL_AREA_STYLE('',(#10167));
#10167 = FILL_AREA_STYLE_COLOUR('',#9551);
#10168 = OVER_RIDING_STYLED_ITEM('overriding color',(#10169),#1797,
  #10126);
#10169 = PRESENTATION_STYLE_ASSIGNMENT((#10170));
#10170 = SURFACE_STYLE_USAGE(.BOTH.,#10171);
#10171 = SURFACE_SIDE_STYLE('',(#10172));
#10172 = SURFACE_STYLE_FILL_AREA(#10173);
#10173 = FILL_AREA_STYLE('',(#10174));
#10174 = FILL_AREA_STYLE_COLOUR('',#9551);
#10175 = STYLED_ITEM('color',(#10176),#1809);
#10176 = PRESENTATION_STYLE_ASSIGNMENT((#10177));
#10177 = SURFACE_STYLE_USAGE(.BOTH.,#10178);
#10178 = SURFACE_SIDE_STYLE('',(#10179));
#10179 = SURFACE_STYLE_FILL_AREA(#10180);
#10180 = FILL_AREA_STYLE('',(#10181));
#10181 = FILL_AREA_STYLE_COLOUR('',#9543);
#10182 = OVER_RIDING_STYLED_ITEM('overriding color',(#10183),#1811,
  #10175);
#10183 = PRESENTATION_STYLE_ASSIGNMENT((#10184));
#10184 = SURFACE_STYLE_USAGE(.BOTH.,#10185);
#10185 = SURFACE_SIDE_STYLE('',(#10186));
#10186 = SURFACE_STYLE_FILL_AREA(#10187);
#10187 = FILL_AREA_STYLE('',(#10188));
#10188 = FILL_AREA_STYLE_COLOUR('',#9551);
#10189 = OVER_RIDING_STYLED_ITEM('overriding color',(#10190),#1847,
  #10175);
#10190 = PRESENTATION_STYLE_ASSIGNMENT((#10191));
#10191 = SURFACE_STYLE_USAGE(.BOTH.,#10192);
#10192 = SURFACE_SIDE_STYLE('',(#10193));
#10193 = SURFACE_STYLE_FILL_AREA(#10194);
#10194 = FILL_AREA_STYLE('',(#10195));
#10195 = FILL_AREA_STYLE_COLOUR('',#9551);
#10196 = OVER_RIDING_STYLED_ITEM('overriding color',(#10197),#1875,
  #10175);
#10197 = PRESENTATION_STYLE_ASSIGNMENT((#10198));
#10198 = SURFACE_STYLE_USAGE(.BOTH.,#10199);
#10199 = SURFACE_SIDE_STYLE('',(#10200));
#10200 = SURFACE_STYLE_FILL_AREA(#10201);
#10201 = FILL_AREA_STYLE('',(#10202));
#10202 = FILL_AREA_STYLE_COLOUR('',#9551);
#10203 = OVER_RIDING_STYLED_ITEM('overriding color',(#10204),#1903,
  #10175);
#10204 = PRESENTATION_STYLE_ASSIGNMENT((#10205));
#10205 = SURFACE_STYLE_USAGE(.BOTH.,#10206);
#10206 = SURFACE_SIDE_STYLE('',(#10207));
#10207 = SURFACE_STYLE_FILL_AREA(#10208);
#10208 = FILL_AREA_STYLE('',(#10209));
#10209 = FILL_AREA_STYLE_COLOUR('',#9551);
#10210 = OVER_RIDING_STYLED_ITEM('overriding color',(#10211),#1923,
  #10175);
#10211 = PRESENTATION_STYLE_ASSIGNMENT((#10212));
#10212 = SURFACE_STYLE_USAGE(.BOTH.,#10213);
#10213 = SURFACE_SIDE_STYLE('',(#10214));
#10214 = SURFACE_STYLE_FILL_AREA(#10215);
#10215 = FILL_AREA_STYLE('',(#10216));
#10216 = FILL_AREA_STYLE_COLOUR('',#9551);
#10217 = OVER_RIDING_STYLED_ITEM('overriding color',(#10218),#1935,
  #10175);
#10218 = PRESENTATION_STYLE_ASSIGNMENT((#10219));
#10219 = SURFACE_STYLE_USAGE(.BOTH.,#10220);
#10220 = SURFACE_SIDE_STYLE('',(#10221));
#10221 = SURFACE_STYLE_FILL_AREA(#10222);
#10222 = FILL_AREA_STYLE('',(#10223));
#10223 = FILL_AREA_STYLE_COLOUR('',#9551);
#10224 = STYLED_ITEM('color',(#10225),#1947);
#10225 = PRESENTATION_STYLE_ASSIGNMENT((#10226));
#10226 = SURFACE_STYLE_USAGE(.BOTH.,#10227);
#10227 = SURFACE_SIDE_STYLE('',(#10228));
#10228 = SURFACE_STYLE_FILL_AREA(#10229);
#10229 = FILL_AREA_STYLE('',(#10230));
#10230 = FILL_AREA_STYLE_COLOUR('',#9543);
#10231 = OVER_RIDING_STYLED_ITEM('overriding color',(#10232),#1949,
  #10224);
#10232 = PRESENTATION_STYLE_ASSIGNMENT((#10233));
#10233 = SURFACE_STYLE_USAGE(.BOTH.,#10234);
#10234 = SURFACE_SIDE_STYLE('',(#10235));
#10235 = SURFACE_STYLE_FILL_AREA(#10236);
#10236 = FILL_AREA_STYLE('',(#10237));
#10237 = FILL_AREA_STYLE_COLOUR('',#10238);
#10238 = DRAUGHTING_PRE_DEFINED_COLOUR('white');
#10239 = OVER_RIDING_STYLED_ITEM('overriding color',(#10240),#1997,
  #10224);
#10240 = PRESENTATION_STYLE_ASSIGNMENT((#10241));
#10241 = SURFACE_STYLE_USAGE(.BOTH.,#10242);
#10242 = SURFACE_SIDE_STYLE('',(#10243));
#10243 = SURFACE_STYLE_FILL_AREA(#10244);
#10244 = FILL_AREA_STYLE('',(#10245));
#10245 = FILL_AREA_STYLE_COLOUR('',#10246);
#10246 = COLOUR_RGB('',0.250980388104,0.250980388104,0.250980388104);
#10247 = OVER_RIDING_STYLED_ITEM('overriding color',(#10248),#2033,
  #10224);
#10248 = PRESENTATION_STYLE_ASSIGNMENT((#10249));
#10249 = SURFACE_STYLE_USAGE(.BOTH.,#10250);
#10250 = SURFACE_SIDE_STYLE('',(#10251));
#10251 = SURFACE_STYLE_FILL_AREA(#10252);
#10252 = FILL_AREA_STYLE('',(#10253));
#10253 = FILL_AREA_STYLE_COLOUR('',#10246);
#10254 = OVER_RIDING_STYLED_ITEM('overriding color',(#10255),#2061,
  #10224);
#10255 = PRESENTATION_STYLE_ASSIGNMENT((#10256));
#10256 = SURFACE_STYLE_USAGE(.BOTH.,#10257);
#10257 = SURFACE_SIDE_STYLE('',(#10258));
#10258 = SURFACE_STYLE_FILL_AREA(#10259);
#10259 = FILL_AREA_STYLE('',(#10260));
#10260 = FILL_AREA_STYLE_COLOUR('',#10246);
#10261 = OVER_RIDING_STYLED_ITEM('overriding color',(#10262),#2089,
  #10224);
#10262 = PRESENTATION_STYLE_ASSIGNMENT((#10263));
#10263 = SURFACE_STYLE_USAGE(.BOTH.,#10264);
#10264 = SURFACE_SIDE_STYLE('',(#10265));
#10265 = SURFACE_STYLE_FILL_AREA(#10266);
#10266 = FILL_AREA_STYLE('',(#10267));
#10267 = FILL_AREA_STYLE_COLOUR('',#10246);
#10268 = OVER_RIDING_STYLED_ITEM('overriding color',(#10269),#2109,
  #10224);
#10269 = PRESENTATION_STYLE_ASSIGNMENT((#10270));
#10270 = SURFACE_STYLE_USAGE(.BOTH.,#10271);
#10271 = SURFACE_SIDE_STYLE('',(#10272));
#10272 = SURFACE_STYLE_FILL_AREA(#10273);
#10273 = FILL_AREA_STYLE('',(#10274));
#10274 = FILL_AREA_STYLE_COLOUR('',#10246);
#10275 = OVER_RIDING_STYLED_ITEM('overriding color',(#10276),#2151,
  #10224);
#10276 = PRESENTATION_STYLE_ASSIGNMENT((#10277));
#10277 = SURFACE_STYLE_USAGE(.BOTH.,#10278);
#10278 = SURFACE_SIDE_STYLE('',(#10279));
#10279 = SURFACE_STYLE_FILL_AREA(#10280);
#10280 = FILL_AREA_STYLE('',(#10281));
#10281 = FILL_AREA_STYLE_COLOUR('',#10246);
#10282 = OVER_RIDING_STYLED_ITEM('overriding color',(#10283),#2174,
  #10224);
#10283 = PRESENTATION_STYLE_ASSIGNMENT((#10284));
#10284 = SURFACE_STYLE_USAGE(.BOTH.,#10285);
#10285 = SURFACE_SIDE_STYLE('',(#10286));
#10286 = SURFACE_STYLE_FILL_AREA(#10287);
#10287 = FILL_AREA_STYLE('',(#10288));
#10288 = FILL_AREA_STYLE_COLOUR('',#10238);
#10289 = OVER_RIDING_STYLED_ITEM('overriding color',(#10290),#2202,
  #10224);
#10290 = PRESENTATION_STYLE_ASSIGNMENT((#10291));
#10291 = SURFACE_STYLE_USAGE(.BOTH.,#10292);
#10292 = SURFACE_SIDE_STYLE('',(#10293));
#10293 = SURFACE_STYLE_FILL_AREA(#10294);
#10294 = FILL_AREA_STYLE('',(#10295));
#10295 = FILL_AREA_STYLE_COLOUR('',#10238);
#10296 = OVER_RIDING_STYLED_ITEM('overriding color',(#10297),#2224,
  #10224);
#10297 = PRESENTATION_STYLE_ASSIGNMENT((#10298));
#10298 = SURFACE_STYLE_USAGE(.BOTH.,#10299);
#10299 = SURFACE_SIDE_STYLE('',(#10300));
#10300 = SURFACE_STYLE_FILL_AREA(#10301);
#10301 = FILL_AREA_STYLE('',(#10302));
#10302 = FILL_AREA_STYLE_COLOUR('',#10238);
#10303 = OVER_RIDING_STYLED_ITEM('overriding color',(#10304),#2246,
  #10224);
#10304 = PRESENTATION_STYLE_ASSIGNMENT((#10305));
#10305 = SURFACE_STYLE_USAGE(.BOTH.,#10306);
#10306 = SURFACE_SIDE_STYLE('',(#10307));
#10307 = SURFACE_STYLE_FILL_AREA(#10308);
#10308 = FILL_AREA_STYLE('',(#10309));
#10309 = FILL_AREA_STYLE_COLOUR('',#10238);
#10310 = OVER_RIDING_STYLED_ITEM('overriding color',(#10311),#2262,
  #10224);
#10311 = PRESENTATION_STYLE_ASSIGNMENT((#10312));
#10312 = SURFACE_STYLE_USAGE(.BOTH.,#10313);
#10313 = SURFACE_SIDE_STYLE('',(#10314));
#10314 = SURFACE_STYLE_FILL_AREA(#10315);
#10315 = FILL_AREA_STYLE('',(#10316));
#10316 = FILL_AREA_STYLE_COLOUR('',#10238);
#10317 = OVER_RIDING_STYLED_ITEM('overriding color',(#10318),#2274,
  #10224);
#10318 = PRESENTATION_STYLE_ASSIGNMENT((#10319));
#10319 = SURFACE_STYLE_USAGE(.BOTH.,#10320);
#10320 = SURFACE_SIDE_STYLE('',(#10321));
#10321 = SURFACE_STYLE_FILL_AREA(#10322);
#10322 = FILL_AREA_STYLE('',(#10323));
#10323 = FILL_AREA_STYLE_COLOUR('',#10238);
#10324 = OVER_RIDING_STYLED_ITEM('overriding color',(#10325),#2299,
  #10224);
#10325 = PRESENTATION_STYLE_ASSIGNMENT((#10326));
#10326 = SURFACE_STYLE_USAGE(.BOTH.,#10327);
#10327 = SURFACE_SIDE_STYLE('',(#10328));
#10328 = SURFACE_STYLE_FILL_AREA(#10329);
#10329 = FILL_AREA_STYLE('',(#10330));
#10330 = FILL_AREA_STYLE_COLOUR('',#10238);
#10331 = STYLED_ITEM('color',(#10332),#2309);
#10332 = PRESENTATION_STYLE_ASSIGNMENT((#10333));
#10333 = SURFACE_STYLE_USAGE(.BOTH.,#10334);
#10334 = SURFACE_SIDE_STYLE('',(#10335));
#10335 = SURFACE_STYLE_FILL_AREA(#10336);
#10336 = FILL_AREA_STYLE('',(#10337));
#10337 = FILL_AREA_STYLE_COLOUR('',#9543);
#10338 = OVER_RIDING_STYLED_ITEM('overriding color',(#10339),#2311,
  #10331);
#10339 = PRESENTATION_STYLE_ASSIGNMENT((#10340));
#10340 = SURFACE_STYLE_USAGE(.BOTH.,#10341);
#10341 = SURFACE_SIDE_STYLE('',(#10342));
#10342 = SURFACE_STYLE_FILL_AREA(#10343);
#10343 = FILL_AREA_STYLE('',(#10344));
#10344 = FILL_AREA_STYLE_COLOUR('',#10238);
#10345 = OVER_RIDING_STYLED_ITEM('overriding color',(#10346),#2347,
  #10331);
#10346 = PRESENTATION_STYLE_ASSIGNMENT((#10347));
#10347 = SURFACE_STYLE_USAGE(.BOTH.,#10348);
#10348 = SURFACE_SIDE_STYLE('',(#10349));
#10349 = SURFACE_STYLE_FILL_AREA(#10350);
#10350 = FILL_AREA_STYLE('',(#10351));
#10351 = FILL_AREA_STYLE_COLOUR('',#10238);
#10352 = OVER_RIDING_STYLED_ITEM('overriding color',(#10353),#2375,
  #10331);
#10353 = PRESENTATION_STYLE_ASSIGNMENT((#10354));
#10354 = SURFACE_STYLE_USAGE(.BOTH.,#10355);
#10355 = SURFACE_SIDE_STYLE('',(#10356));
#10356 = SURFACE_STYLE_FILL_AREA(#10357);
#10357 = FILL_AREA_STYLE('',(#10358));
#10358 = FILL_AREA_STYLE_COLOUR('',#10238);
#10359 = OVER_RIDING_STYLED_ITEM('overriding color',(#10360),#2403,
  #10331);
#10360 = PRESENTATION_STYLE_ASSIGNMENT((#10361));
#10361 = SURFACE_STYLE_USAGE(.BOTH.,#10362);
#10362 = SURFACE_SIDE_STYLE('',(#10363));
#10363 = SURFACE_STYLE_FILL_AREA(#10364);
#10364 = FILL_AREA_STYLE('',(#10365));
#10365 = FILL_AREA_STYLE_COLOUR('',#10238);
#10366 = OVER_RIDING_STYLED_ITEM('overriding color',(#10367),#2431,
  #10331);
#10367 = PRESENTATION_STYLE_ASSIGNMENT((#10368));
#10368 = SURFACE_STYLE_USAGE(.BOTH.,#10369);
#10369 = SURFACE_SIDE_STYLE('',(#10370));
#10370 = SURFACE_STYLE_FILL_AREA(#10371);
#10371 = FILL_AREA_STYLE('',(#10372));
#10372 = FILL_AREA_STYLE_COLOUR('',#10238);
#10373 = OVER_RIDING_STYLED_ITEM('overriding color',(#10374),#2459,
  #10331);
#10374 = PRESENTATION_STYLE_ASSIGNMENT((#10375));
#10375 = SURFACE_STYLE_USAGE(.BOTH.,#10376);
#10376 = SURFACE_SIDE_STYLE('',(#10377));
#10377 = SURFACE_STYLE_FILL_AREA(#10378);
#10378 = FILL_AREA_STYLE('',(#10379));
#10379 = FILL_AREA_STYLE_COLOUR('',#10238);
#10380 = OVER_RIDING_STYLED_ITEM('overriding color',(#10381),#2479,
  #10331);
#10381 = PRESENTATION_STYLE_ASSIGNMENT((#10382));
#10382 = SURFACE_STYLE_USAGE(.BOTH.,#10383);
#10383 = SURFACE_SIDE_STYLE('',(#10384));
#10384 = SURFACE_STYLE_FILL_AREA(#10385);
#10385 = FILL_AREA_STYLE('',(#10386));
#10386 = FILL_AREA_STYLE_COLOUR('',#10238);
#10387 = OVER_RIDING_STYLED_ITEM('overriding color',(#10388),#2493,
  #10331);
#10388 = PRESENTATION_STYLE_ASSIGNMENT((#10389));
#10389 = SURFACE_STYLE_USAGE(.BOTH.,#10390);
#10390 = SURFACE_SIDE_STYLE('',(#10391));
#10391 = SURFACE_STYLE_FILL_AREA(#10392);
#10392 = FILL_AREA_STYLE('',(#10393));
#10393 = FILL_AREA_STYLE_COLOUR('',#10238);
#10394 = STYLED_ITEM('color',(#10395),#2507);
#10395 = PRESENTATION_STYLE_ASSIGNMENT((#10396));
#10396 = SURFACE_STYLE_USAGE(.BOTH.,#10397);
#10397 = SURFACE_SIDE_STYLE('',(#10398));
#10398 = SURFACE_STYLE_FILL_AREA(#10399);
#10399 = FILL_AREA_STYLE('',(#10400));
#10400 = FILL_AREA_STYLE_COLOUR('',#9543);
#10401 = OVER_RIDING_STYLED_ITEM('overriding color',(#10402),#2509,
  #10394);
#10402 = PRESENTATION_STYLE_ASSIGNMENT((#10403));
#10403 = SURFACE_STYLE_USAGE(.BOTH.,#10404);
#10404 = SURFACE_SIDE_STYLE('',(#10405));
#10405 = SURFACE_STYLE_FILL_AREA(#10406);
#10406 = FILL_AREA_STYLE('',(#10407));
#10407 = FILL_AREA_STYLE_COLOUR('',#10238);
#10408 = OVER_RIDING_STYLED_ITEM('overriding color',(#10409),#2553,
  #10394);
#10409 = PRESENTATION_STYLE_ASSIGNMENT((#10410));
#10410 = SURFACE_STYLE_USAGE(.BOTH.,#10411);
#10411 = SURFACE_SIDE_STYLE('',(#10412));
#10412 = SURFACE_STYLE_FILL_AREA(#10413);
#10413 = FILL_AREA_STYLE('',(#10414));
#10414 = FILL_AREA_STYLE_COLOUR('',#10238);
#10415 = OVER_RIDING_STYLED_ITEM('overriding color',(#10416),#2581,
  #10394);
#10416 = PRESENTATION_STYLE_ASSIGNMENT((#10417));
#10417 = SURFACE_STYLE_USAGE(.BOTH.,#10418);
#10418 = SURFACE_SIDE_STYLE('',(#10419));
#10419 = SURFACE_STYLE_FILL_AREA(#10420);
#10420 = FILL_AREA_STYLE('',(#10421));
#10421 = FILL_AREA_STYLE_COLOUR('',#10238);
#10422 = OVER_RIDING_STYLED_ITEM('overriding color',(#10423),#2617,
  #10394);
#10423 = PRESENTATION_STYLE_ASSIGNMENT((#10424));
#10424 = SURFACE_STYLE_USAGE(.BOTH.,#10425);
#10425 = SURFACE_SIDE_STYLE('',(#10426));
#10426 = SURFACE_STYLE_FILL_AREA(#10427);
#10427 = FILL_AREA_STYLE('',(#10428));
#10428 = FILL_AREA_STYLE_COLOUR('',#10238);
#10429 = OVER_RIDING_STYLED_ITEM('overriding color',(#10430),#2653,
  #10394);
#10430 = PRESENTATION_STYLE_ASSIGNMENT((#10431));
#10431 = SURFACE_STYLE_USAGE(.BOTH.,#10432);
#10432 = SURFACE_SIDE_STYLE('',(#10433));
#10433 = SURFACE_STYLE_FILL_AREA(#10434);
#10434 = FILL_AREA_STYLE('',(#10435));
#10435 = FILL_AREA_STYLE_COLOUR('',#10238);
#10436 = OVER_RIDING_STYLED_ITEM('overriding color',(#10437),#2689,
  #10394);
#10437 = PRESENTATION_STYLE_ASSIGNMENT((#10438));
#10438 = SURFACE_STYLE_USAGE(.BOTH.,#10439);
#10439 = SURFACE_SIDE_STYLE('',(#10440));
#10440 = SURFACE_STYLE_FILL_AREA(#10441);
#10441 = FILL_AREA_STYLE('',(#10442));
#10442 = FILL_AREA_STYLE_COLOUR('',#10238);
#10443 = OVER_RIDING_STYLED_ITEM('overriding color',(#10444),#2725,
  #10394);
#10444 = PRESENTATION_STYLE_ASSIGNMENT((#10445));
#10445 = SURFACE_STYLE_USAGE(.BOTH.,#10446);
#10446 = SURFACE_SIDE_STYLE('',(#10447));
#10447 = SURFACE_STYLE_FILL_AREA(#10448);
#10448 = FILL_AREA_STYLE('',(#10449));
#10449 = FILL_AREA_STYLE_COLOUR('',#10238);
#10450 = OVER_RIDING_STYLED_ITEM('overriding color',(#10451),#2761,
  #10394);
#10451 = PRESENTATION_STYLE_ASSIGNMENT((#10452));
#10452 = SURFACE_STYLE_USAGE(.BOTH.,#10453);
#10453 = SURFACE_SIDE_STYLE('',(#10454));
#10454 = SURFACE_STYLE_FILL_AREA(#10455);
#10455 = FILL_AREA_STYLE('',(#10456));
#10456 = FILL_AREA_STYLE_COLOUR('',#10238);
#10457 = OVER_RIDING_STYLED_ITEM('overriding color',(#10458),#2797,
  #10394);
#10458 = PRESENTATION_STYLE_ASSIGNMENT((#10459));
#10459 = SURFACE_STYLE_USAGE(.BOTH.,#10460);
#10460 = SURFACE_SIDE_STYLE('',(#10461));
#10461 = SURFACE_STYLE_FILL_AREA(#10462);
#10462 = FILL_AREA_STYLE('',(#10463));
#10463 = FILL_AREA_STYLE_COLOUR('',#10238);
#10464 = OVER_RIDING_STYLED_ITEM('overriding color',(#10465),#2825,
  #10394);
#10465 = PRESENTATION_STYLE_ASSIGNMENT((#10466));
#10466 = SURFACE_STYLE_USAGE(.BOTH.,#10467);
#10467 = SURFACE_SIDE_STYLE('',(#10468));
#10468 = SURFACE_STYLE_FILL_AREA(#10469);
#10469 = FILL_AREA_STYLE('',(#10470));
#10470 = FILL_AREA_STYLE_COLOUR('',#10238);
#10471 = OVER_RIDING_STYLED_ITEM('overriding color',(#10472),#2861,
  #10394);
#10472 = PRESENTATION_STYLE_ASSIGNMENT((#10473));
#10473 = SURFACE_STYLE_USAGE(.BOTH.,#10474);
#10474 = SURFACE_SIDE_STYLE('',(#10475));
#10475 = SURFACE_STYLE_FILL_AREA(#10476);
#10476 = FILL_AREA_STYLE('',(#10477));
#10477 = FILL_AREA_STYLE_COLOUR('',#10238);
#10478 = OVER_RIDING_STYLED_ITEM('overriding color',(#10479),#2897,
  #10394);
#10479 = PRESENTATION_STYLE_ASSIGNMENT((#10480));
#10480 = SURFACE_STYLE_USAGE(.BOTH.,#10481);
#10481 = SURFACE_SIDE_STYLE('',(#10482));
#10482 = SURFACE_STYLE_FILL_AREA(#10483);
#10483 = FILL_AREA_STYLE('',(#10484));
#10484 = FILL_AREA_STYLE_COLOUR('',#10238);
#10485 = OVER_RIDING_STYLED_ITEM('overriding color',(#10486),#2933,
  #10394);
#10486 = PRESENTATION_STYLE_ASSIGNMENT((#10487));
#10487 = SURFACE_STYLE_USAGE(.BOTH.,#10488);
#10488 = SURFACE_SIDE_STYLE('',(#10489));
#10489 = SURFACE_STYLE_FILL_AREA(#10490);
#10490 = FILL_AREA_STYLE('',(#10491));
#10491 = FILL_AREA_STYLE_COLOUR('',#10238);
#10492 = OVER_RIDING_STYLED_ITEM('overriding color',(#10493),#2969,
  #10394);
#10493 = PRESENTATION_STYLE_ASSIGNMENT((#10494));
#10494 = SURFACE_STYLE_USAGE(.BOTH.,#10495);
#10495 = SURFACE_SIDE_STYLE('',(#10496));
#10496 = SURFACE_STYLE_FILL_AREA(#10497);
#10497 = FILL_AREA_STYLE('',(#10498));
#10498 = FILL_AREA_STYLE_COLOUR('',#10238);
#10499 = OVER_RIDING_STYLED_ITEM('overriding color',(#10500),#2997,
  #10394);
#10500 = PRESENTATION_STYLE_ASSIGNMENT((#10501));
#10501 = SURFACE_STYLE_USAGE(.BOTH.,#10502);
#10502 = SURFACE_SIDE_STYLE('',(#10503));
#10503 = SURFACE_STYLE_FILL_AREA(#10504);
#10504 = FILL_AREA_STYLE('',(#10505));
#10505 = FILL_AREA_STYLE_COLOUR('',#10238);
#10506 = OVER_RIDING_STYLED_ITEM('overriding color',(#10507),#3019,
  #10394);
#10507 = PRESENTATION_STYLE_ASSIGNMENT((#10508));
#10508 = SURFACE_STYLE_USAGE(.BOTH.,#10509);
#10509 = SURFACE_SIDE_STYLE('',(#10510));
#10510 = SURFACE_STYLE_FILL_AREA(#10511);
#10511 = FILL_AREA_STYLE('',(#10512));
#10512 = FILL_AREA_STYLE_COLOUR('',#10238);
#10513 = STYLED_ITEM('color',(#10514),#3041);
#10514 = PRESENTATION_STYLE_ASSIGNMENT((#10515));
#10515 = SURFACE_STYLE_USAGE(.BOTH.,#10516);
#10516 = SURFACE_SIDE_STYLE('',(#10517));
#10517 = SURFACE_STYLE_FILL_AREA(#10518);
#10518 = FILL_AREA_STYLE('',(#10519));
#10519 = FILL_AREA_STYLE_COLOUR('',#9543);
#10520 = OVER_RIDING_STYLED_ITEM('overriding color',(#10521),#3043,
  #10513);
#10521 = PRESENTATION_STYLE_ASSIGNMENT((#10522));
#10522 = SURFACE_STYLE_USAGE(.BOTH.,#10523);
#10523 = SURFACE_SIDE_STYLE('',(#10524));
#10524 = SURFACE_STYLE_FILL_AREA(#10525);
#10525 = FILL_AREA_STYLE('',(#10526));
#10526 = FILL_AREA_STYLE_COLOUR('',#10238);
#10527 = OVER_RIDING_STYLED_ITEM('overriding color',(#10528),#3079,
  #10513);
#10528 = PRESENTATION_STYLE_ASSIGNMENT((#10529));
#10529 = SURFACE_STYLE_USAGE(.BOTH.,#10530);
#10530 = SURFACE_SIDE_STYLE('',(#10531));
#10531 = SURFACE_STYLE_FILL_AREA(#10532);
#10532 = FILL_AREA_STYLE('',(#10533));
#10533 = FILL_AREA_STYLE_COLOUR('',#10238);
#10534 = OVER_RIDING_STYLED_ITEM('overriding color',(#10535),#3107,
  #10513);
#10535 = PRESENTATION_STYLE_ASSIGNMENT((#10536));
#10536 = SURFACE_STYLE_USAGE(.BOTH.,#10537);
#10537 = SURFACE_SIDE_STYLE('',(#10538));
#10538 = SURFACE_STYLE_FILL_AREA(#10539);
#10539 = FILL_AREA_STYLE('',(#10540));
#10540 = FILL_AREA_STYLE_COLOUR('',#10238);
#10541 = OVER_RIDING_STYLED_ITEM('overriding color',(#10542),#3135,
  #10513);
#10542 = PRESENTATION_STYLE_ASSIGNMENT((#10543));
#10543 = SURFACE_STYLE_USAGE(.BOTH.,#10544);
#10544 = SURFACE_SIDE_STYLE('',(#10545));
#10545 = SURFACE_STYLE_FILL_AREA(#10546);
#10546 = FILL_AREA_STYLE('',(#10547));
#10547 = FILL_AREA_STYLE_COLOUR('',#10238);
#10548 = OVER_RIDING_STYLED_ITEM('overriding color',(#10549),#3163,
  #10513);
#10549 = PRESENTATION_STYLE_ASSIGNMENT((#10550));
#10550 = SURFACE_STYLE_USAGE(.BOTH.,#10551);
#10551 = SURFACE_SIDE_STYLE('',(#10552));
#10552 = SURFACE_STYLE_FILL_AREA(#10553);
#10553 = FILL_AREA_STYLE('',(#10554));
#10554 = FILL_AREA_STYLE_COLOUR('',#10238);
#10555 = OVER_RIDING_STYLED_ITEM('overriding color',(#10556),#3191,
  #10513);
#10556 = PRESENTATION_STYLE_ASSIGNMENT((#10557));
#10557 = SURFACE_STYLE_USAGE(.BOTH.,#10558);
#10558 = SURFACE_SIDE_STYLE('',(#10559));
#10559 = SURFACE_STYLE_FILL_AREA(#10560);
#10560 = FILL_AREA_STYLE('',(#10561));
#10561 = FILL_AREA_STYLE_COLOUR('',#10238);
#10562 = OVER_RIDING_STYLED_ITEM('overriding color',(#10563),#3219,
  #10513);
#10563 = PRESENTATION_STYLE_ASSIGNMENT((#10564));
#10564 = SURFACE_STYLE_USAGE(.BOTH.,#10565);
#10565 = SURFACE_SIDE_STYLE('',(#10566));
#10566 = SURFACE_STYLE_FILL_AREA(#10567);
#10567 = FILL_AREA_STYLE('',(#10568));
#10568 = FILL_AREA_STYLE_COLOUR('',#10238);
#10569 = OVER_RIDING_STYLED_ITEM('overriding color',(#10570),#3247,
  #10513);
#10570 = PRESENTATION_STYLE_ASSIGNMENT((#10571));
#10571 = SURFACE_STYLE_USAGE(.BOTH.,#10572);
#10572 = SURFACE_SIDE_STYLE('',(#10573));
#10573 = SURFACE_STYLE_FILL_AREA(#10574);
#10574 = FILL_AREA_STYLE('',(#10575));
#10575 = FILL_AREA_STYLE_COLOUR('',#10238);
#10576 = OVER_RIDING_STYLED_ITEM('overriding color',(#10577),#3275,
  #10513);
#10577 = PRESENTATION_STYLE_ASSIGNMENT((#10578));
#10578 = SURFACE_STYLE_USAGE(.BOTH.,#10579);
#10579 = SURFACE_SIDE_STYLE('',(#10580));
#10580 = SURFACE_STYLE_FILL_AREA(#10581);
#10581 = FILL_AREA_STYLE('',(#10582));
#10582 = FILL_AREA_STYLE_COLOUR('',#10238);
#10583 = OVER_RIDING_STYLED_ITEM('overriding color',(#10584),#3303,
  #10513);
#10584 = PRESENTATION_STYLE_ASSIGNMENT((#10585));
#10585 = SURFACE_STYLE_USAGE(.BOTH.,#10586);
#10586 = SURFACE_SIDE_STYLE('',(#10587));
#10587 = SURFACE_STYLE_FILL_AREA(#10588);
#10588 = FILL_AREA_STYLE('',(#10589));
#10589 = FILL_AREA_STYLE_COLOUR('',#10238);
#10590 = OVER_RIDING_STYLED_ITEM('overriding color',(#10591),#3331,
  #10513);
#10591 = PRESENTATION_STYLE_ASSIGNMENT((#10592));
#10592 = SURFACE_STYLE_USAGE(.BOTH.,#10593);
#10593 = SURFACE_SIDE_STYLE('',(#10594));
#10594 = SURFACE_STYLE_FILL_AREA(#10595);
#10595 = FILL_AREA_STYLE('',(#10596));
#10596 = FILL_AREA_STYLE_COLOUR('',#10238);
#10597 = OVER_RIDING_STYLED_ITEM('overriding color',(#10598),#3359,
  #10513);
#10598 = PRESENTATION_STYLE_ASSIGNMENT((#10599));
#10599 = SURFACE_STYLE_USAGE(.BOTH.,#10600);
#10600 = SURFACE_SIDE_STYLE('',(#10601));
#10601 = SURFACE_STYLE_FILL_AREA(#10602);
#10602 = FILL_AREA_STYLE('',(#10603));
#10603 = FILL_AREA_STYLE_COLOUR('',#10238);
#10604 = OVER_RIDING_STYLED_ITEM('overriding color',(#10605),#3379,
  #10513);
#10605 = PRESENTATION_STYLE_ASSIGNMENT((#10606));
#10606 = SURFACE_STYLE_USAGE(.BOTH.,#10607);
#10607 = SURFACE_SIDE_STYLE('',(#10608));
#10608 = SURFACE_STYLE_FILL_AREA(#10609);
#10609 = FILL_AREA_STYLE('',(#10610));
#10610 = FILL_AREA_STYLE_COLOUR('',#10238);
#10611 = OVER_RIDING_STYLED_ITEM('overriding color',(#10612),#3399,
  #10513);
#10612 = PRESENTATION_STYLE_ASSIGNMENT((#10613));
#10613 = SURFACE_STYLE_USAGE(.BOTH.,#10614);
#10614 = SURFACE_SIDE_STYLE('',(#10615));
#10615 = SURFACE_STYLE_FILL_AREA(#10616);
#10616 = FILL_AREA_STYLE('',(#10617));
#10617 = FILL_AREA_STYLE_COLOUR('',#10238);
#10618 = STYLED_ITEM('color',(#10619),#3419);
#10619 = PRESENTATION_STYLE_ASSIGNMENT((#10620));
#10620 = SURFACE_STYLE_USAGE(.BOTH.,#10621);
#10621 = SURFACE_SIDE_STYLE('',(#10622));
#10622 = SURFACE_STYLE_FILL_AREA(#10623);
#10623 = FILL_AREA_STYLE('',(#10624));
#10624 = FILL_AREA_STYLE_COLOUR('',#9543);
#10625 = OVER_RIDING_STYLED_ITEM('overriding color',(#10626),#3421,
  #10618);
#10626 = PRESENTATION_STYLE_ASSIGNMENT((#10627));
#10627 = SURFACE_STYLE_USAGE(.BOTH.,#10628);
#10628 = SURFACE_SIDE_STYLE('',(#10629));
#10629 = SURFACE_STYLE_FILL_AREA(#10630);
#10630 = FILL_AREA_STYLE('',(#10631));
#10631 = FILL_AREA_STYLE_COLOUR('',#10238);
#10632 = OVER_RIDING_STYLED_ITEM('overriding color',(#10633),#3545,
  #10618);
#10633 = PRESENTATION_STYLE_ASSIGNMENT((#10634));
#10634 = SURFACE_STYLE_USAGE(.BOTH.,#10635);
#10635 = SURFACE_SIDE_STYLE('',(#10636));
#10636 = SURFACE_STYLE_FILL_AREA(#10637);
#10637 = FILL_AREA_STYLE('',(#10638));
#10638 = FILL_AREA_STYLE_COLOUR('',#10238);
#10639 = OVER_RIDING_STYLED_ITEM('overriding color',(#10640),#3669,
  #10618);
#10640 = PRESENTATION_STYLE_ASSIGNMENT((#10641));
#10641 = SURFACE_STYLE_USAGE(.BOTH.,#10642);
#10642 = SURFACE_SIDE_STYLE('',(#10643));
#10643 = SURFACE_STYLE_FILL_AREA(#10644);
#10644 = FILL_AREA_STYLE('',(#10645));
#10645 = FILL_AREA_STYLE_COLOUR('',#10238);
#10646 = OVER_RIDING_STYLED_ITEM('overriding color',(#10647),#3689,
  #10618);
#10647 = PRESENTATION_STYLE_ASSIGNMENT((#10648));
#10648 = SURFACE_STYLE_USAGE(.BOTH.,#10649);
#10649 = SURFACE_SIDE_STYLE('',(#10650));
#10650 = SURFACE_STYLE_FILL_AREA(#10651);
#10651 = FILL_AREA_STYLE('',(#10652));
#10652 = FILL_AREA_STYLE_COLOUR('',#10238);
#10653 = OVER_RIDING_STYLED_ITEM('overriding color',(#10654),#3709,
  #10618);
#10654 = PRESENTATION_STYLE_ASSIGNMENT((#10655));
#10655 = SURFACE_STYLE_USAGE(.BOTH.,#10656);
#10656 = SURFACE_SIDE_STYLE('',(#10657));
#10657 = SURFACE_STYLE_FILL_AREA(#10658);
#10658 = FILL_AREA_STYLE('',(#10659));
#10659 = FILL_AREA_STYLE_COLOUR('',#10238);
#10660 = OVER_RIDING_STYLED_ITEM('overriding color',(#10661),#3729,
  #10618);
#10661 = PRESENTATION_STYLE_ASSIGNMENT((#10662));
#10662 = SURFACE_STYLE_USAGE(.BOTH.,#10663);
#10663 = SURFACE_SIDE_STYLE('',(#10664));
#10664 = SURFACE_STYLE_FILL_AREA(#10665);
#10665 = FILL_AREA_STYLE('',(#10666));
#10666 = FILL_AREA_STYLE_COLOUR('',#10238);
#10667 = OVER_RIDING_STYLED_ITEM('overriding color',(#10668),#3749,
  #10618);
#10668 = PRESENTATION_STYLE_ASSIGNMENT((#10669));
#10669 = SURFACE_STYLE_USAGE(.BOTH.,#10670);
#10670 = SURFACE_SIDE_STYLE('',(#10671));
#10671 = SURFACE_STYLE_FILL_AREA(#10672);
#10672 = FILL_AREA_STYLE('',(#10673));
#10673 = FILL_AREA_STYLE_COLOUR('',#10238);
#10674 = OVER_RIDING_STYLED_ITEM('overriding color',(#10675),#3769,
  #10618);
#10675 = PRESENTATION_STYLE_ASSIGNMENT((#10676));
#10676 = SURFACE_STYLE_USAGE(.BOTH.,#10677);
#10677 = SURFACE_SIDE_STYLE('',(#10678));
#10678 = SURFACE_STYLE_FILL_AREA(#10679);
#10679 = FILL_AREA_STYLE('',(#10680));
#10680 = FILL_AREA_STYLE_COLOUR('',#10238);
#10681 = OVER_RIDING_STYLED_ITEM('overriding color',(#10682),#3785,
  #10618);
#10682 = PRESENTATION_STYLE_ASSIGNMENT((#10683));
#10683 = SURFACE_STYLE_USAGE(.BOTH.,#10684);
#10684 = SURFACE_SIDE_STYLE('',(#10685));
#10685 = SURFACE_STYLE_FILL_AREA(#10686);
#10686 = FILL_AREA_STYLE('',(#10687));
#10687 = FILL_AREA_STYLE_COLOUR('',#10238);
#10688 = OVER_RIDING_STYLED_ITEM('overriding color',(#10689),#3797,
  #10618);
#10689 = PRESENTATION_STYLE_ASSIGNMENT((#10690));
#10690 = SURFACE_STYLE_USAGE(.BOTH.,#10691);
#10691 = SURFACE_SIDE_STYLE('',(#10692));
#10692 = SURFACE_STYLE_FILL_AREA(#10693);
#10693 = FILL_AREA_STYLE('',(#10694));
#10694 = FILL_AREA_STYLE_COLOUR('',#10238);
#10695 = OVER_RIDING_STYLED_ITEM('overriding color',(#10696),#3817,
  #10618);
#10696 = PRESENTATION_STYLE_ASSIGNMENT((#10697));
#10697 = SURFACE_STYLE_USAGE(.BOTH.,#10698);
#10698 = SURFACE_SIDE_STYLE('',(#10699));
#10699 = SURFACE_STYLE_FILL_AREA(#10700);
#10700 = FILL_AREA_STYLE('',(#10701));
#10701 = FILL_AREA_STYLE_COLOUR('',#10238);
#10702 = OVER_RIDING_STYLED_ITEM('overriding color',(#10703),#3833,
  #10618);
#10703 = PRESENTATION_STYLE_ASSIGNMENT((#10704));
#10704 = SURFACE_STYLE_USAGE(.BOTH.,#10705);
#10705 = SURFACE_SIDE_STYLE('',(#10706));
#10706 = SURFACE_STYLE_FILL_AREA(#10707);
#10707 = FILL_AREA_STYLE('',(#10708));
#10708 = FILL_AREA_STYLE_COLOUR('',#10238);
#10709 = OVER_RIDING_STYLED_ITEM('overriding color',(#10710),#3849,
  #10618);
#10710 = PRESENTATION_STYLE_ASSIGNMENT((#10711));
#10711 = SURFACE_STYLE_USAGE(.BOTH.,#10712);
#10712 = SURFACE_SIDE_STYLE('',(#10713));
#10713 = SURFACE_STYLE_FILL_AREA(#10714);
#10714 = FILL_AREA_STYLE('',(#10715));
#10715 = FILL_AREA_STYLE_COLOUR('',#10238);
#10716 = OVER_RIDING_STYLED_ITEM('overriding color',(#10717),#3869,
  #10618);
#10717 = PRESENTATION_STYLE_ASSIGNMENT((#10718));
#10718 = SURFACE_STYLE_USAGE(.BOTH.,#10719);
#10719 = SURFACE_SIDE_STYLE('',(#10720));
#10720 = SURFACE_STYLE_FILL_AREA(#10721);
#10721 = FILL_AREA_STYLE('',(#10722));
#10722 = FILL_AREA_STYLE_COLOUR('',#10238);
#10723 = OVER_RIDING_STYLED_ITEM('overriding color',(#10724),#3889,
  #10618);
#10724 = PRESENTATION_STYLE_ASSIGNMENT((#10725));
#10725 = SURFACE_STYLE_USAGE(.BOTH.,#10726);
#10726 = SURFACE_SIDE_STYLE('',(#10727));
#10727 = SURFACE_STYLE_FILL_AREA(#10728);
#10728 = FILL_AREA_STYLE('',(#10729));
#10729 = FILL_AREA_STYLE_COLOUR('',#10238);
#10730 = OVER_RIDING_STYLED_ITEM('overriding color',(#10731),#3909,
  #10618);
#10731 = PRESENTATION_STYLE_ASSIGNMENT((#10732));
#10732 = SURFACE_STYLE_USAGE(.BOTH.,#10733);
#10733 = SURFACE_SIDE_STYLE('',(#10734));
#10734 = SURFACE_STYLE_FILL_AREA(#10735);
#10735 = FILL_AREA_STYLE('',(#10736));
#10736 = FILL_AREA_STYLE_COLOUR('',#10238);
#10737 = STYLED_ITEM('color',(#10738),#3925);
#10738 = PRESENTATION_STYLE_ASSIGNMENT((#10739));
#10739 = SURFACE_STYLE_USAGE(.BOTH.,#10740);
#10740 = SURFACE_SIDE_STYLE('',(#10741));
#10741 = SURFACE_STYLE_FILL_AREA(#10742);
#10742 = FILL_AREA_STYLE('',(#10743));
#10743 = FILL_AREA_STYLE_COLOUR('',#9543);
#10744 = OVER_RIDING_STYLED_ITEM('overriding color',(#10745),#3927,
  #10737);
#10745 = PRESENTATION_STYLE_ASSIGNMENT((#10746));
#10746 = SURFACE_STYLE_USAGE(.BOTH.,#10747);
#10747 = SURFACE_SIDE_STYLE('',(#10748));
#10748 = SURFACE_STYLE_FILL_AREA(#10749);
#10749 = FILL_AREA_STYLE('',(#10750));
#10750 = FILL_AREA_STYLE_COLOUR('',#10238);
#10751 = OVER_RIDING_STYLED_ITEM('overriding color',(#10752),#4039,
  #10737);
#10752 = PRESENTATION_STYLE_ASSIGNMENT((#10753));
#10753 = SURFACE_STYLE_USAGE(.BOTH.,#10754);
#10754 = SURFACE_SIDE_STYLE('',(#10755));
#10755 = SURFACE_STYLE_FILL_AREA(#10756);
#10756 = FILL_AREA_STYLE('',(#10757));
#10757 = FILL_AREA_STYLE_COLOUR('',#10238);
#10758 = OVER_RIDING_STYLED_ITEM('overriding color',(#10759),#4151,
  #10737);
#10759 = PRESENTATION_STYLE_ASSIGNMENT((#10760));
#10760 = SURFACE_STYLE_USAGE(.BOTH.,#10761);
#10761 = SURFACE_SIDE_STYLE('',(#10762));
#10762 = SURFACE_STYLE_FILL_AREA(#10763);
#10763 = FILL_AREA_STYLE('',(#10764));
#10764 = FILL_AREA_STYLE_COLOUR('',#10238);
#10765 = OVER_RIDING_STYLED_ITEM('overriding color',(#10766),#4171,
  #10737);
#10766 = PRESENTATION_STYLE_ASSIGNMENT((#10767));
#10767 = SURFACE_STYLE_USAGE(.BOTH.,#10768);
#10768 = SURFACE_SIDE_STYLE('',(#10769));
#10769 = SURFACE_STYLE_FILL_AREA(#10770);
#10770 = FILL_AREA_STYLE('',(#10771));
#10771 = FILL_AREA_STYLE_COLOUR('',#10238);
#10772 = OVER_RIDING_STYLED_ITEM('overriding color',(#10773),#4187,
  #10737);
#10773 = PRESENTATION_STYLE_ASSIGNMENT((#10774));
#10774 = SURFACE_STYLE_USAGE(.BOTH.,#10775);
#10775 = SURFACE_SIDE_STYLE('',(#10776));
#10776 = SURFACE_STYLE_FILL_AREA(#10777);
#10777 = FILL_AREA_STYLE('',(#10778));
#10778 = FILL_AREA_STYLE_COLOUR('',#10238);
#10779 = OVER_RIDING_STYLED_ITEM('overriding color',(#10780),#4203,
  #10737);
#10780 = PRESENTATION_STYLE_ASSIGNMENT((#10781));
#10781 = SURFACE_STYLE_USAGE(.BOTH.,#10782);
#10782 = SURFACE_SIDE_STYLE('',(#10783));
#10783 = SURFACE_STYLE_FILL_AREA(#10784);
#10784 = FILL_AREA_STYLE('',(#10785));
#10785 = FILL_AREA_STYLE_COLOUR('',#10238);
#10786 = OVER_RIDING_STYLED_ITEM('overriding color',(#10787),#4219,
  #10737);
#10787 = PRESENTATION_STYLE_ASSIGNMENT((#10788));
#10788 = SURFACE_STYLE_USAGE(.BOTH.,#10789);
#10789 = SURFACE_SIDE_STYLE('',(#10790));
#10790 = SURFACE_STYLE_FILL_AREA(#10791);
#10791 = FILL_AREA_STYLE('',(#10792));
#10792 = FILL_AREA_STYLE_COLOUR('',#10238);
#10793 = OVER_RIDING_STYLED_ITEM('overriding color',(#10794),#4235,
  #10737);
#10794 = PRESENTATION_STYLE_ASSIGNMENT((#10795));
#10795 = SURFACE_STYLE_USAGE(.BOTH.,#10796);
#10796 = SURFACE_SIDE_STYLE('',(#10797));
#10797 = SURFACE_STYLE_FILL_AREA(#10798);
#10798 = FILL_AREA_STYLE('',(#10799));
#10799 = FILL_AREA_STYLE_COLOUR('',#10238);
#10800 = OVER_RIDING_STYLED_ITEM('overriding color',(#10801),#4251,
  #10737);
#10801 = PRESENTATION_STYLE_ASSIGNMENT((#10802));
#10802 = SURFACE_STYLE_USAGE(.BOTH.,#10803);
#10803 = SURFACE_SIDE_STYLE('',(#10804));
#10804 = SURFACE_STYLE_FILL_AREA(#10805);
#10805 = FILL_AREA_STYLE('',(#10806));
#10806 = FILL_AREA_STYLE_COLOUR('',#10238);
#10807 = OVER_RIDING_STYLED_ITEM('overriding color',(#10808),#4267,
  #10737);
#10808 = PRESENTATION_STYLE_ASSIGNMENT((#10809));
#10809 = SURFACE_STYLE_USAGE(.BOTH.,#10810);
#10810 = SURFACE_SIDE_STYLE('',(#10811));
#10811 = SURFACE_STYLE_FILL_AREA(#10812);
#10812 = FILL_AREA_STYLE('',(#10813));
#10813 = FILL_AREA_STYLE_COLOUR('',#10238);
#10814 = OVER_RIDING_STYLED_ITEM('overriding color',(#10815),#4279,
  #10737);
#10815 = PRESENTATION_STYLE_ASSIGNMENT((#10816));
#10816 = SURFACE_STYLE_USAGE(.BOTH.,#10817);
#10817 = SURFACE_SIDE_STYLE('',(#10818));
#10818 = SURFACE_STYLE_FILL_AREA(#10819);
#10819 = FILL_AREA_STYLE('',(#10820));
#10820 = FILL_AREA_STYLE_COLOUR('',#10238);
#10821 = OVER_RIDING_STYLED_ITEM('overriding color',(#10822),#4299,
  #10737);
#10822 = PRESENTATION_STYLE_ASSIGNMENT((#10823));
#10823 = SURFACE_STYLE_USAGE(.BOTH.,#10824);
#10824 = SURFACE_SIDE_STYLE('',(#10825));
#10825 = SURFACE_STYLE_FILL_AREA(#10826);
#10826 = FILL_AREA_STYLE('',(#10827));
#10827 = FILL_AREA_STYLE_COLOUR('',#10238);
#10828 = OVER_RIDING_STYLED_ITEM('overriding color',(#10829),#4315,
  #10737);
#10829 = PRESENTATION_STYLE_ASSIGNMENT((#10830));
#10830 = SURFACE_STYLE_USAGE(.BOTH.,#10831);
#10831 = SURFACE_SIDE_STYLE('',(#10832));
#10832 = SURFACE_STYLE_FILL_AREA(#10833);
#10833 = FILL_AREA_STYLE('',(#10834));
#10834 = FILL_AREA_STYLE_COLOUR('',#10238);
#10835 = OVER_RIDING_STYLED_ITEM('overriding color',(#10836),#4335,
  #10737);
#10836 = PRESENTATION_STYLE_ASSIGNMENT((#10837));
#10837 = SURFACE_STYLE_USAGE(.BOTH.,#10838);
#10838 = SURFACE_SIDE_STYLE('',(#10839));
#10839 = SURFACE_STYLE_FILL_AREA(#10840);
#10840 = FILL_AREA_STYLE('',(#10841));
#10841 = FILL_AREA_STYLE_COLOUR('',#10238);
#10842 = OVER_RIDING_STYLED_ITEM('overriding color',(#10843),#4351,
  #10737);
#10843 = PRESENTATION_STYLE_ASSIGNMENT((#10844));
#10844 = SURFACE_STYLE_USAGE(.BOTH.,#10845);
#10845 = SURFACE_SIDE_STYLE('',(#10846));
#10846 = SURFACE_STYLE_FILL_AREA(#10847);
#10847 = FILL_AREA_STYLE('',(#10848));
#10848 = FILL_AREA_STYLE_COLOUR('',#10238);
#10849 = OVER_RIDING_STYLED_ITEM('overriding color',(#10850),#4371,
  #10737);
#10850 = PRESENTATION_STYLE_ASSIGNMENT((#10851));
#10851 = SURFACE_STYLE_USAGE(.BOTH.,#10852);
#10852 = SURFACE_SIDE_STYLE('',(#10853));
#10853 = SURFACE_STYLE_FILL_AREA(#10854);
#10854 = FILL_AREA_STYLE('',(#10855));
#10855 = FILL_AREA_STYLE_COLOUR('',#10238);
#10856 = STYLED_ITEM('color',(#10857),#4383);
#10857 = PRESENTATION_STYLE_ASSIGNMENT((#10858));
#10858 = SURFACE_STYLE_USAGE(.BOTH.,#10859);
#10859 = SURFACE_SIDE_STYLE('',(#10860));
#10860 = SURFACE_STYLE_FILL_AREA(#10861);
#10861 = FILL_AREA_STYLE('',(#10862));
#10862 = FILL_AREA_STYLE_COLOUR('',#9543);
#10863 = OVER_RIDING_STYLED_ITEM('overriding color',(#10864),#4385,
  #10856);
#10864 = PRESENTATION_STYLE_ASSIGNMENT((#10865));
#10865 = SURFACE_STYLE_USAGE(.BOTH.,#10866);
#10866 = SURFACE_SIDE_STYLE('',(#10867));
#10867 = SURFACE_STYLE_FILL_AREA(#10868);
#10868 = FILL_AREA_STYLE('',(#10869));
#10869 = FILL_AREA_STYLE_COLOUR('',#10238);
#10870 = OVER_RIDING_STYLED_ITEM('overriding color',(#10871),#4421,
  #10856);
#10871 = PRESENTATION_STYLE_ASSIGNMENT((#10872));
#10872 = SURFACE_STYLE_USAGE(.BOTH.,#10873);
#10873 = SURFACE_SIDE_STYLE('',(#10874));
#10874 = SURFACE_STYLE_FILL_AREA(#10875);
#10875 = FILL_AREA_STYLE('',(#10876));
#10876 = FILL_AREA_STYLE_COLOUR('',#10238);
#10877 = OVER_RIDING_STYLED_ITEM('overriding color',(#10878),#4449,
  #10856);
#10878 = PRESENTATION_STYLE_ASSIGNMENT((#10879));
#10879 = SURFACE_STYLE_USAGE(.BOTH.,#10880);
#10880 = SURFACE_SIDE_STYLE('',(#10881));
#10881 = SURFACE_STYLE_FILL_AREA(#10882);
#10882 = FILL_AREA_STYLE('',(#10883));
#10883 = FILL_AREA_STYLE_COLOUR('',#10238);
#10884 = OVER_RIDING_STYLED_ITEM('overriding color',(#10885),#4477,
  #10856);
#10885 = PRESENTATION_STYLE_ASSIGNMENT((#10886));
#10886 = SURFACE_STYLE_USAGE(.BOTH.,#10887);
#10887 = SURFACE_SIDE_STYLE('',(#10888));
#10888 = SURFACE_STYLE_FILL_AREA(#10889);
#10889 = FILL_AREA_STYLE('',(#10890));
#10890 = FILL_AREA_STYLE_COLOUR('',#10238);
#10891 = OVER_RIDING_STYLED_ITEM('overriding color',(#10892),#4505,
  #10856);
#10892 = PRESENTATION_STYLE_ASSIGNMENT((#10893));
#10893 = SURFACE_STYLE_USAGE(.BOTH.,#10894);
#10894 = SURFACE_SIDE_STYLE('',(#10895));
#10895 = SURFACE_STYLE_FILL_AREA(#10896);
#10896 = FILL_AREA_STYLE('',(#10897));
#10897 = FILL_AREA_STYLE_COLOUR('',#10238);
#10898 = OVER_RIDING_STYLED_ITEM('overriding color',(#10899),#4533,
  #10856);
#10899 = PRESENTATION_STYLE_ASSIGNMENT((#10900));
#10900 = SURFACE_STYLE_USAGE(.BOTH.,#10901);
#10901 = SURFACE_SIDE_STYLE('',(#10902));
#10902 = SURFACE_STYLE_FILL_AREA(#10903);
#10903 = FILL_AREA_STYLE('',(#10904));
#10904 = FILL_AREA_STYLE_COLOUR('',#10238);
#10905 = OVER_RIDING_STYLED_ITEM('overriding color',(#10906),#4561,
  #10856);
#10906 = PRESENTATION_STYLE_ASSIGNMENT((#10907));
#10907 = SURFACE_STYLE_USAGE(.BOTH.,#10908);
#10908 = SURFACE_SIDE_STYLE('',(#10909));
#10909 = SURFACE_STYLE_FILL_AREA(#10910);
#10910 = FILL_AREA_STYLE('',(#10911));
#10911 = FILL_AREA_STYLE_COLOUR('',#10238);
#10912 = OVER_RIDING_STYLED_ITEM('overriding color',(#10913),#4589,
  #10856);
#10913 = PRESENTATION_STYLE_ASSIGNMENT((#10914));
#10914 = SURFACE_STYLE_USAGE(.BOTH.,#10915);
#10915 = SURFACE_SIDE_STYLE('',(#10916));
#10916 = SURFACE_STYLE_FILL_AREA(#10917);
#10917 = FILL_AREA_STYLE('',(#10918));
#10918 = FILL_AREA_STYLE_COLOUR('',#10238);
#10919 = OVER_RIDING_STYLED_ITEM('overriding color',(#10920),#4617,
  #10856);
#10920 = PRESENTATION_STYLE_ASSIGNMENT((#10921));
#10921 = SURFACE_STYLE_USAGE(.BOTH.,#10922);
#10922 = SURFACE_SIDE_STYLE('',(#10923));
#10923 = SURFACE_STYLE_FILL_AREA(#10924);
#10924 = FILL_AREA_STYLE('',(#10925));
#10925 = FILL_AREA_STYLE_COLOUR('',#10238);
#10926 = OVER_RIDING_STYLED_ITEM('overriding color',(#10927),#4645,
  #10856);
#10927 = PRESENTATION_STYLE_ASSIGNMENT((#10928));
#10928 = SURFACE_STYLE_USAGE(.BOTH.,#10929);
#10929 = SURFACE_SIDE_STYLE('',(#10930));
#10930 = SURFACE_STYLE_FILL_AREA(#10931);
#10931 = FILL_AREA_STYLE('',(#10932));
#10932 = FILL_AREA_STYLE_COLOUR('',#10238);
#10933 = OVER_RIDING_STYLED_ITEM('overriding color',(#10934),#4673,
  #10856);
#10934 = PRESENTATION_STYLE_ASSIGNMENT((#10935));
#10935 = SURFACE_STYLE_USAGE(.BOTH.,#10936);
#10936 = SURFACE_SIDE_STYLE('',(#10937));
#10937 = SURFACE_STYLE_FILL_AREA(#10938);
#10938 = FILL_AREA_STYLE('',(#10939));
#10939 = FILL_AREA_STYLE_COLOUR('',#10238);
#10940 = OVER_RIDING_STYLED_ITEM('overriding color',(#10941),#4701,
  #10856);
#10941 = PRESENTATION_STYLE_ASSIGNMENT((#10942));
#10942 = SURFACE_STYLE_USAGE(.BOTH.,#10943);
#10943 = SURFACE_SIDE_STYLE('',(#10944));
#10944 = SURFACE_STYLE_FILL_AREA(#10945);
#10945 = FILL_AREA_STYLE('',(#10946));
#10946 = FILL_AREA_STYLE_COLOUR('',#10238);
#10947 = OVER_RIDING_STYLED_ITEM('overriding color',(#10948),#4721,
  #10856);
#10948 = PRESENTATION_STYLE_ASSIGNMENT((#10949));
#10949 = SURFACE_STYLE_USAGE(.BOTH.,#10950);
#10950 = SURFACE_SIDE_STYLE('',(#10951));
#10951 = SURFACE_STYLE_FILL_AREA(#10952);
#10952 = FILL_AREA_STYLE('',(#10953));
#10953 = FILL_AREA_STYLE_COLOUR('',#10238);
#10954 = OVER_RIDING_STYLED_ITEM('overriding color',(#10955),#4741,
  #10856);
#10955 = PRESENTATION_STYLE_ASSIGNMENT((#10956));
#10956 = SURFACE_STYLE_USAGE(.BOTH.,#10957);
#10957 = SURFACE_SIDE_STYLE('',(#10958));
#10958 = SURFACE_STYLE_FILL_AREA(#10959);
#10959 = FILL_AREA_STYLE('',(#10960));
#10960 = FILL_AREA_STYLE_COLOUR('',#10238);
#10961 = STYLED_ITEM('color',(#10962),#4761);
#10962 = PRESENTATION_STYLE_ASSIGNMENT((#10963));
#10963 = SURFACE_STYLE_USAGE(.BOTH.,#10964);
#10964 = SURFACE_SIDE_STYLE('',(#10965));
#10965 = SURFACE_STYLE_FILL_AREA(#10966);
#10966 = FILL_AREA_STYLE('',(#10967));
#10967 = FILL_AREA_STYLE_COLOUR('',#9543);
#10968 = OVER_RIDING_STYLED_ITEM('overriding color',(#10969),#4763,
  #10961);
#10969 = PRESENTATION_STYLE_ASSIGNMENT((#10970));
#10970 = SURFACE_STYLE_USAGE(.BOTH.,#10971);
#10971 = SURFACE_SIDE_STYLE('',(#10972));
#10972 = SURFACE_STYLE_FILL_AREA(#10973);
#10973 = FILL_AREA_STYLE('',(#10974));
#10974 = FILL_AREA_STYLE_COLOUR('',#10238);
#10975 = OVER_RIDING_STYLED_ITEM('overriding color',(#10976),#4955,
  #10961);
#10976 = PRESENTATION_STYLE_ASSIGNMENT((#10977));
#10977 = SURFACE_STYLE_USAGE(.BOTH.,#10978);
#10978 = SURFACE_SIDE_STYLE('',(#10979));
#10979 = SURFACE_STYLE_FILL_AREA(#10980);
#10980 = FILL_AREA_STYLE('',(#10981));
#10981 = FILL_AREA_STYLE_COLOUR('',#10238);
#10982 = OVER_RIDING_STYLED_ITEM('overriding color',(#10983),#5147,
  #10961);
#10983 = PRESENTATION_STYLE_ASSIGNMENT((#10984));
#10984 = SURFACE_STYLE_USAGE(.BOTH.,#10985);
#10985 = SURFACE_SIDE_STYLE('',(#10986));
#10986 = SURFACE_STYLE_FILL_AREA(#10987);
#10987 = FILL_AREA_STYLE('',(#10988));
#10988 = FILL_AREA_STYLE_COLOUR('',#10238);
#10989 = OVER_RIDING_STYLED_ITEM('overriding color',(#10990),#5171,
  #10961);
#10990 = PRESENTATION_STYLE_ASSIGNMENT((#10991));
#10991 = SURFACE_STYLE_USAGE(.BOTH.,#10992);
#10992 = SURFACE_SIDE_STYLE('',(#10993));
#10993 = SURFACE_STYLE_FILL_AREA(#10994);
#10994 = FILL_AREA_STYLE('',(#10995));
#10995 = FILL_AREA_STYLE_COLOUR('',#10238);
#10996 = OVER_RIDING_STYLED_ITEM('overriding color',(#10997),#5187,
  #10961);
#10997 = PRESENTATION_STYLE_ASSIGNMENT((#10998));
#10998 = SURFACE_STYLE_USAGE(.BOTH.,#10999);
#10999 = SURFACE_SIDE_STYLE('',(#11000));
#11000 = SURFACE_STYLE_FILL_AREA(#11001);
#11001 = FILL_AREA_STYLE('',(#11002));
#11002 = FILL_AREA_STYLE_COLOUR('',#10238);
#11003 = OVER_RIDING_STYLED_ITEM('overriding color',(#11004),#5207,
  #10961);
#11004 = PRESENTATION_STYLE_ASSIGNMENT((#11005));
#11005 = SURFACE_STYLE_USAGE(.BOTH.,#11006);
#11006 = SURFACE_SIDE_STYLE('',(#11007));
#11007 = SURFACE_STYLE_FILL_AREA(#11008);
#11008 = FILL_AREA_STYLE('',(#11009));
#11009 = FILL_AREA_STYLE_COLOUR('',#10238);
#11010 = OVER_RIDING_STYLED_ITEM('overriding color',(#11011),#5227,
  #10961);
#11011 = PRESENTATION_STYLE_ASSIGNMENT((#11012));
#11012 = SURFACE_STYLE_USAGE(.BOTH.,#11013);
#11013 = SURFACE_SIDE_STYLE('',(#11014));
#11014 = SURFACE_STYLE_FILL_AREA(#11015);
#11015 = FILL_AREA_STYLE('',(#11016));
#11016 = FILL_AREA_STYLE_COLOUR('',#10238);
#11017 = OVER_RIDING_STYLED_ITEM('overriding color',(#11018),#5243,
  #10961);
#11018 = PRESENTATION_STYLE_ASSIGNMENT((#11019));
#11019 = SURFACE_STYLE_USAGE(.BOTH.,#11020);
#11020 = SURFACE_SIDE_STYLE('',(#11021));
#11021 = SURFACE_STYLE_FILL_AREA(#11022);
#11022 = FILL_AREA_STYLE('',(#11023));
#11023 = FILL_AREA_STYLE_COLOUR('',#10238);
#11024 = OVER_RIDING_STYLED_ITEM('overriding color',(#11025),#5263,
  #10961);
#11025 = PRESENTATION_STYLE_ASSIGNMENT((#11026));
#11026 = SURFACE_STYLE_USAGE(.BOTH.,#11027);
#11027 = SURFACE_SIDE_STYLE('',(#11028));
#11028 = SURFACE_STYLE_FILL_AREA(#11029);
#11029 = FILL_AREA_STYLE('',(#11030));
#11030 = FILL_AREA_STYLE_COLOUR('',#10238);
#11031 = OVER_RIDING_STYLED_ITEM('overriding color',(#11032),#5283,
  #10961);
#11032 = PRESENTATION_STYLE_ASSIGNMENT((#11033));
#11033 = SURFACE_STYLE_USAGE(.BOTH.,#11034);
#11034 = SURFACE_SIDE_STYLE('',(#11035));
#11035 = SURFACE_STYLE_FILL_AREA(#11036);
#11036 = FILL_AREA_STYLE('',(#11037));
#11037 = FILL_AREA_STYLE_COLOUR('',#10238);
#11038 = OVER_RIDING_STYLED_ITEM('overriding color',(#11039),#5303,
  #10961);
#11039 = PRESENTATION_STYLE_ASSIGNMENT((#11040));
#11040 = SURFACE_STYLE_USAGE(.BOTH.,#11041);
#11041 = SURFACE_SIDE_STYLE('',(#11042));
#11042 = SURFACE_STYLE_FILL_AREA(#11043);
#11043 = FILL_AREA_STYLE('',(#11044));
#11044 = FILL_AREA_STYLE_COLOUR('',#10238);
#11045 = OVER_RIDING_STYLED_ITEM('overriding color',(#11046),#5323,
  #10961);
#11046 = PRESENTATION_STYLE_ASSIGNMENT((#11047));
#11047 = SURFACE_STYLE_USAGE(.BOTH.,#11048);
#11048 = SURFACE_SIDE_STYLE('',(#11049));
#11049 = SURFACE_STYLE_FILL_AREA(#11050);
#11050 = FILL_AREA_STYLE('',(#11051));
#11051 = FILL_AREA_STYLE_COLOUR('',#10238);
#11052 = OVER_RIDING_STYLED_ITEM('overriding color',(#11053),#5339,
  #10961);
#11053 = PRESENTATION_STYLE_ASSIGNMENT((#11054));
#11054 = SURFACE_STYLE_USAGE(.BOTH.,#11055);
#11055 = SURFACE_SIDE_STYLE('',(#11056));
#11056 = SURFACE_STYLE_FILL_AREA(#11057);
#11057 = FILL_AREA_STYLE('',(#11058));
#11058 = FILL_AREA_STYLE_COLOUR('',#10238);
#11059 = OVER_RIDING_STYLED_ITEM('overriding color',(#11060),#5355,
  #10961);
#11060 = PRESENTATION_STYLE_ASSIGNMENT((#11061));
#11061 = SURFACE_STYLE_USAGE(.BOTH.,#11062);
#11062 = SURFACE_SIDE_STYLE('',(#11063));
#11063 = SURFACE_STYLE_FILL_AREA(#11064);
#11064 = FILL_AREA_STYLE('',(#11065));
#11065 = FILL_AREA_STYLE_COLOUR('',#10238);
#11066 = OVER_RIDING_STYLED_ITEM('overriding color',(#11067),#5371,
  #10961);
#11067 = PRESENTATION_STYLE_ASSIGNMENT((#11068));
#11068 = SURFACE_STYLE_USAGE(.BOTH.,#11069);
#11069 = SURFACE_SIDE_STYLE('',(#11070));
#11070 = SURFACE_STYLE_FILL_AREA(#11071);
#11071 = FILL_AREA_STYLE('',(#11072));
#11072 = FILL_AREA_STYLE_COLOUR('',#10238);
#11073 = OVER_RIDING_STYLED_ITEM('overriding color',(#11074),#5387,
  #10961);
#11074 = PRESENTATION_STYLE_ASSIGNMENT((#11075));
#11075 = SURFACE_STYLE_USAGE(.BOTH.,#11076);
#11076 = SURFACE_SIDE_STYLE('',(#11077));
#11077 = SURFACE_STYLE_FILL_AREA(#11078);
#11078 = FILL_AREA_STYLE('',(#11079));
#11079 = FILL_AREA_STYLE_COLOUR('',#10238);
#11080 = OVER_RIDING_STYLED_ITEM('overriding color',(#11081),#5403,
  #10961);
#11081 = PRESENTATION_STYLE_ASSIGNMENT((#11082));
#11082 = SURFACE_STYLE_USAGE(.BOTH.,#11083);
#11083 = SURFACE_SIDE_STYLE('',(#11084));
#11084 = SURFACE_STYLE_FILL_AREA(#11085);
#11085 = FILL_AREA_STYLE('',(#11086));
#11086 = FILL_AREA_STYLE_COLOUR('',#10238);
#11087 = OVER_RIDING_STYLED_ITEM('overriding color',(#11088),#5427,
  #10961);
#11088 = PRESENTATION_STYLE_ASSIGNMENT((#11089));
#11089 = SURFACE_STYLE_USAGE(.BOTH.,#11090);
#11090 = SURFACE_SIDE_STYLE('',(#11091));
#11091 = SURFACE_STYLE_FILL_AREA(#11092);
#11092 = FILL_AREA_STYLE('',(#11093));
#11093 = FILL_AREA_STYLE_COLOUR('',#10238);
#11094 = OVER_RIDING_STYLED_ITEM('overriding color',(#11095),#5447,
  #10961);
#11095 = PRESENTATION_STYLE_ASSIGNMENT((#11096));
#11096 = SURFACE_STYLE_USAGE(.BOTH.,#11097);
#11097 = SURFACE_SIDE_STYLE('',(#11098));
#11098 = SURFACE_STYLE_FILL_AREA(#11099);
#11099 = FILL_AREA_STYLE('',(#11100));
#11100 = FILL_AREA_STYLE_COLOUR('',#10238);
#11101 = OVER_RIDING_STYLED_ITEM('overriding color',(#11102),#5467,
  #10961);
#11102 = PRESENTATION_STYLE_ASSIGNMENT((#11103));
#11103 = SURFACE_STYLE_USAGE(.BOTH.,#11104);
#11104 = SURFACE_SIDE_STYLE('',(#11105));
#11105 = SURFACE_STYLE_FILL_AREA(#11106);
#11106 = FILL_AREA_STYLE('',(#11107));
#11107 = FILL_AREA_STYLE_COLOUR('',#10238);
#11108 = OVER_RIDING_STYLED_ITEM('overriding color',(#11109),#5487,
  #10961);
#11109 = PRESENTATION_STYLE_ASSIGNMENT((#11110));
#11110 = SURFACE_STYLE_USAGE(.BOTH.,#11111);
#11111 = SURFACE_SIDE_STYLE('',(#11112));
#11112 = SURFACE_STYLE_FILL_AREA(#11113);
#11113 = FILL_AREA_STYLE('',(#11114));
#11114 = FILL_AREA_STYLE_COLOUR('',#10238);
#11115 = OVER_RIDING_STYLED_ITEM('overriding color',(#11116),#5507,
  #10961);
#11116 = PRESENTATION_STYLE_ASSIGNMENT((#11117));
#11117 = SURFACE_STYLE_USAGE(.BOTH.,#11118);
#11118 = SURFACE_SIDE_STYLE('',(#11119));
#11119 = SURFACE_STYLE_FILL_AREA(#11120);
#11120 = FILL_AREA_STYLE('',(#11121));
#11121 = FILL_AREA_STYLE_COLOUR('',#10238);
#11122 = OVER_RIDING_STYLED_ITEM('overriding color',(#11123),#5527,
  #10961);
#11123 = PRESENTATION_STYLE_ASSIGNMENT((#11124));
#11124 = SURFACE_STYLE_USAGE(.BOTH.,#11125);
#11125 = SURFACE_SIDE_STYLE('',(#11126));
#11126 = SURFACE_STYLE_FILL_AREA(#11127);
#11127 = FILL_AREA_STYLE('',(#11128));
#11128 = FILL_AREA_STYLE_COLOUR('',#10238);
#11129 = OVER_RIDING_STYLED_ITEM('overriding color',(#11130),#5543,
  #10961);
#11130 = PRESENTATION_STYLE_ASSIGNMENT((#11131));
#11131 = SURFACE_STYLE_USAGE(.BOTH.,#11132);
#11132 = SURFACE_SIDE_STYLE('',(#11133));
#11133 = SURFACE_STYLE_FILL_AREA(#11134);
#11134 = FILL_AREA_STYLE('',(#11135));
#11135 = FILL_AREA_STYLE_COLOUR('',#10238);
#11136 = STYLED_ITEM('color',(#11137),#5555);
#11137 = PRESENTATION_STYLE_ASSIGNMENT((#11138));
#11138 = SURFACE_STYLE_USAGE(.BOTH.,#11139);
#11139 = SURFACE_SIDE_STYLE('',(#11140));
#11140 = SURFACE_STYLE_FILL_AREA(#11141);
#11141 = FILL_AREA_STYLE('',(#11142));
#11142 = FILL_AREA_STYLE_COLOUR('',#9543);
#11143 = OVER_RIDING_STYLED_ITEM('overriding color',(#11144),#5557,
  #11136);
#11144 = PRESENTATION_STYLE_ASSIGNMENT((#11145));
#11145 = SURFACE_STYLE_USAGE(.BOTH.,#11146);
#11146 = SURFACE_SIDE_STYLE('',(#11147));
#11147 = SURFACE_STYLE_FILL_AREA(#11148);
#11148 = FILL_AREA_STYLE('',(#11149));
#11149 = FILL_AREA_STYLE_COLOUR('',#10238);
#11150 = OVER_RIDING_STYLED_ITEM('overriding color',(#11151),#5601,
  #11136);
#11151 = PRESENTATION_STYLE_ASSIGNMENT((#11152));
#11152 = SURFACE_STYLE_USAGE(.BOTH.,#11153);
#11153 = SURFACE_SIDE_STYLE('',(#11154));
#11154 = SURFACE_STYLE_FILL_AREA(#11155);
#11155 = FILL_AREA_STYLE('',(#11156));
#11156 = FILL_AREA_STYLE_COLOUR('',#10238);
#11157 = OVER_RIDING_STYLED_ITEM('overriding color',(#11158),#5629,
  #11136);
#11158 = PRESENTATION_STYLE_ASSIGNMENT((#11159));
#11159 = SURFACE_STYLE_USAGE(.BOTH.,#11160);
#11160 = SURFACE_SIDE_STYLE('',(#11161));
#11161 = SURFACE_STYLE_FILL_AREA(#11162);
#11162 = FILL_AREA_STYLE('',(#11163));
#11163 = FILL_AREA_STYLE_COLOUR('',#10238);
#11164 = OVER_RIDING_STYLED_ITEM('overriding color',(#11165),#5665,
  #11136);
#11165 = PRESENTATION_STYLE_ASSIGNMENT((#11166));
#11166 = SURFACE_STYLE_USAGE(.BOTH.,#11167);
#11167 = SURFACE_SIDE_STYLE('',(#11168));
#11168 = SURFACE_STYLE_FILL_AREA(#11169);
#11169 = FILL_AREA_STYLE('',(#11170));
#11170 = FILL_AREA_STYLE_COLOUR('',#10238);
#11171 = OVER_RIDING_STYLED_ITEM('overriding color',(#11172),#5701,
  #11136);
#11172 = PRESENTATION_STYLE_ASSIGNMENT((#11173));
#11173 = SURFACE_STYLE_USAGE(.BOTH.,#11174);
#11174 = SURFACE_SIDE_STYLE('',(#11175));
#11175 = SURFACE_STYLE_FILL_AREA(#11176);
#11176 = FILL_AREA_STYLE('',(#11177));
#11177 = FILL_AREA_STYLE_COLOUR('',#10238);
#11178 = OVER_RIDING_STYLED_ITEM('overriding color',(#11179),#5737,
  #11136);
#11179 = PRESENTATION_STYLE_ASSIGNMENT((#11180));
#11180 = SURFACE_STYLE_USAGE(.BOTH.,#11181);
#11181 = SURFACE_SIDE_STYLE('',(#11182));
#11182 = SURFACE_STYLE_FILL_AREA(#11183);
#11183 = FILL_AREA_STYLE('',(#11184));
#11184 = FILL_AREA_STYLE_COLOUR('',#10238);
#11185 = OVER_RIDING_STYLED_ITEM('overriding color',(#11186),#5773,
  #11136);
#11186 = PRESENTATION_STYLE_ASSIGNMENT((#11187));
#11187 = SURFACE_STYLE_USAGE(.BOTH.,#11188);
#11188 = SURFACE_SIDE_STYLE('',(#11189));
#11189 = SURFACE_STYLE_FILL_AREA(#11190);
#11190 = FILL_AREA_STYLE('',(#11191));
#11191 = FILL_AREA_STYLE_COLOUR('',#10238);
#11192 = OVER_RIDING_STYLED_ITEM('overriding color',(#11193),#5809,
  #11136);
#11193 = PRESENTATION_STYLE_ASSIGNMENT((#11194));
#11194 = SURFACE_STYLE_USAGE(.BOTH.,#11195);
#11195 = SURFACE_SIDE_STYLE('',(#11196));
#11196 = SURFACE_STYLE_FILL_AREA(#11197);
#11197 = FILL_AREA_STYLE('',(#11198));
#11198 = FILL_AREA_STYLE_COLOUR('',#10238);
#11199 = OVER_RIDING_STYLED_ITEM('overriding color',(#11200),#5845,
  #11136);
#11200 = PRESENTATION_STYLE_ASSIGNMENT((#11201));
#11201 = SURFACE_STYLE_USAGE(.BOTH.,#11202);
#11202 = SURFACE_SIDE_STYLE('',(#11203));
#11203 = SURFACE_STYLE_FILL_AREA(#11204);
#11204 = FILL_AREA_STYLE('',(#11205));
#11205 = FILL_AREA_STYLE_COLOUR('',#10238);
#11206 = OVER_RIDING_STYLED_ITEM('overriding color',(#11207),#5881,
  #11136);
#11207 = PRESENTATION_STYLE_ASSIGNMENT((#11208));
#11208 = SURFACE_STYLE_USAGE(.BOTH.,#11209);
#11209 = SURFACE_SIDE_STYLE('',(#11210));
#11210 = SURFACE_STYLE_FILL_AREA(#11211);
#11211 = FILL_AREA_STYLE('',(#11212));
#11212 = FILL_AREA_STYLE_COLOUR('',#10238);
#11213 = OVER_RIDING_STYLED_ITEM('overriding color',(#11214),#5917,
  #11136);
#11214 = PRESENTATION_STYLE_ASSIGNMENT((#11215));
#11215 = SURFACE_STYLE_USAGE(.BOTH.,#11216);
#11216 = SURFACE_SIDE_STYLE('',(#11217));
#11217 = SURFACE_STYLE_FILL_AREA(#11218);
#11218 = FILL_AREA_STYLE('',(#11219));
#11219 = FILL_AREA_STYLE_COLOUR('',#10238);
#11220 = OVER_RIDING_STYLED_ITEM('overriding color',(#11221),#5953,
  #11136);
#11221 = PRESENTATION_STYLE_ASSIGNMENT((#11222));
#11222 = SURFACE_STYLE_USAGE(.BOTH.,#11223);
#11223 = SURFACE_SIDE_STYLE('',(#11224));
#11224 = SURFACE_STYLE_FILL_AREA(#11225);
#11225 = FILL_AREA_STYLE('',(#11226));
#11226 = FILL_AREA_STYLE_COLOUR('',#10238);
#11227 = OVER_RIDING_STYLED_ITEM('overriding color',(#11228),#5989,
  #11136);
#11228 = PRESENTATION_STYLE_ASSIGNMENT((#11229));
#11229 = SURFACE_STYLE_USAGE(.BOTH.,#11230);
#11230 = SURFACE_SIDE_STYLE('',(#11231));
#11231 = SURFACE_STYLE_FILL_AREA(#11232);
#11232 = FILL_AREA_STYLE('',(#11233));
#11233 = FILL_AREA_STYLE_COLOUR('',#10238);
#11234 = OVER_RIDING_STYLED_ITEM('overriding color',(#11235),#6017,
  #11136);
#11235 = PRESENTATION_STYLE_ASSIGNMENT((#11236));
#11236 = SURFACE_STYLE_USAGE(.BOTH.,#11237);
#11237 = SURFACE_SIDE_STYLE('',(#11238));
#11238 = SURFACE_STYLE_FILL_AREA(#11239);
#11239 = FILL_AREA_STYLE('',(#11240));
#11240 = FILL_AREA_STYLE_COLOUR('',#10238);
#11241 = OVER_RIDING_STYLED_ITEM('overriding color',(#11242),#6053,
  #11136);
#11242 = PRESENTATION_STYLE_ASSIGNMENT((#11243));
#11243 = SURFACE_STYLE_USAGE(.BOTH.,#11244);
#11244 = SURFACE_SIDE_STYLE('',(#11245));
#11245 = SURFACE_STYLE_FILL_AREA(#11246);
#11246 = FILL_AREA_STYLE('',(#11247));
#11247 = FILL_AREA_STYLE_COLOUR('',#10238);
#11248 = OVER_RIDING_STYLED_ITEM('overriding color',(#11249),#6089,
  #11136);
#11249 = PRESENTATION_STYLE_ASSIGNMENT((#11250));
#11250 = SURFACE_STYLE_USAGE(.BOTH.,#11251);
#11251 = SURFACE_SIDE_STYLE('',(#11252));
#11252 = SURFACE_STYLE_FILL_AREA(#11253);
#11253 = FILL_AREA_STYLE('',(#11254));
#11254 = FILL_AREA_STYLE_COLOUR('',#10238);
#11255 = OVER_RIDING_STYLED_ITEM('overriding color',(#11256),#6125,
  #11136);
#11256 = PRESENTATION_STYLE_ASSIGNMENT((#11257));
#11257 = SURFACE_STYLE_USAGE(.BOTH.,#11258);
#11258 = SURFACE_SIDE_STYLE('',(#11259));
#11259 = SURFACE_STYLE_FILL_AREA(#11260);
#11260 = FILL_AREA_STYLE('',(#11261));
#11261 = FILL_AREA_STYLE_COLOUR('',#10238);
#11262 = OVER_RIDING_STYLED_ITEM('overriding color',(#11263),#6161,
  #11136);
#11263 = PRESENTATION_STYLE_ASSIGNMENT((#11264));
#11264 = SURFACE_STYLE_USAGE(.BOTH.,#11265);
#11265 = SURFACE_SIDE_STYLE('',(#11266));
#11266 = SURFACE_STYLE_FILL_AREA(#11267);
#11267 = FILL_AREA_STYLE('',(#11268));
#11268 = FILL_AREA_STYLE_COLOUR('',#10238);
#11269 = OVER_RIDING_STYLED_ITEM('overriding color',(#11270),#6197,
  #11136);
#11270 = PRESENTATION_STYLE_ASSIGNMENT((#11271));
#11271 = SURFACE_STYLE_USAGE(.BOTH.,#11272);
#11272 = SURFACE_SIDE_STYLE('',(#11273));
#11273 = SURFACE_STYLE_FILL_AREA(#11274);
#11274 = FILL_AREA_STYLE('',(#11275));
#11275 = FILL_AREA_STYLE_COLOUR('',#10238);
#11276 = OVER_RIDING_STYLED_ITEM('overriding color',(#11277),#6233,
  #11136);
#11277 = PRESENTATION_STYLE_ASSIGNMENT((#11278));
#11278 = SURFACE_STYLE_USAGE(.BOTH.,#11279);
#11279 = SURFACE_SIDE_STYLE('',(#11280));
#11280 = SURFACE_STYLE_FILL_AREA(#11281);
#11281 = FILL_AREA_STYLE('',(#11282));
#11282 = FILL_AREA_STYLE_COLOUR('',#10238);
#11283 = OVER_RIDING_STYLED_ITEM('overriding color',(#11284),#6269,
  #11136);
#11284 = PRESENTATION_STYLE_ASSIGNMENT((#11285));
#11285 = SURFACE_STYLE_USAGE(.BOTH.,#11286);
#11286 = SURFACE_SIDE_STYLE('',(#11287));
#11287 = SURFACE_STYLE_FILL_AREA(#11288);
#11288 = FILL_AREA_STYLE('',(#11289));
#11289 = FILL_AREA_STYLE_COLOUR('',#10238);
#11290 = OVER_RIDING_STYLED_ITEM('overriding color',(#11291),#6297,
  #11136);
#11291 = PRESENTATION_STYLE_ASSIGNMENT((#11292));
#11292 = SURFACE_STYLE_USAGE(.BOTH.,#11293);
#11293 = SURFACE_SIDE_STYLE('',(#11294));
#11294 = SURFACE_STYLE_FILL_AREA(#11295);
#11295 = FILL_AREA_STYLE('',(#11296));
#11296 = FILL_AREA_STYLE_COLOUR('',#10238);
#11297 = OVER_RIDING_STYLED_ITEM('overriding color',(#11298),#6326,
  #11136);
#11298 = PRESENTATION_STYLE_ASSIGNMENT((#11299));
#11299 = SURFACE_STYLE_USAGE(.BOTH.,#11300);
#11300 = SURFACE_SIDE_STYLE('',(#11301));
#11301 = SURFACE_STYLE_FILL_AREA(#11302);
#11302 = FILL_AREA_STYLE('',(#11303));
#11303 = FILL_AREA_STYLE_COLOUR('',#10238);
#11304 = STYLED_ITEM('color',(#11305),#6355);
#11305 = PRESENTATION_STYLE_ASSIGNMENT((#11306));
#11306 = SURFACE_STYLE_USAGE(.BOTH.,#11307);
#11307 = SURFACE_SIDE_STYLE('',(#11308));
#11308 = SURFACE_STYLE_FILL_AREA(#11309);
#11309 = FILL_AREA_STYLE('',(#11310));
#11310 = FILL_AREA_STYLE_COLOUR('',#9543);
#11311 = OVER_RIDING_STYLED_ITEM('overriding color',(#11312),#6357,
  #11304);
#11312 = PRESENTATION_STYLE_ASSIGNMENT((#11313));
#11313 = SURFACE_STYLE_USAGE(.BOTH.,#11314);
#11314 = SURFACE_SIDE_STYLE('',(#11315));
#11315 = SURFACE_STYLE_FILL_AREA(#11316);
#11316 = FILL_AREA_STYLE('',(#11317));
#11317 = FILL_AREA_STYLE_COLOUR('',#10238);
#11318 = OVER_RIDING_STYLED_ITEM('overriding color',(#11319),#6393,
  #11304);
#11319 = PRESENTATION_STYLE_ASSIGNMENT((#11320));
#11320 = SURFACE_STYLE_USAGE(.BOTH.,#11321);
#11321 = SURFACE_SIDE_STYLE('',(#11322));
#11322 = SURFACE_STYLE_FILL_AREA(#11323);
#11323 = FILL_AREA_STYLE('',(#11324));
#11324 = FILL_AREA_STYLE_COLOUR('',#10238);
#11325 = OVER_RIDING_STYLED_ITEM('overriding color',(#11326),#6421,
  #11304);
#11326 = PRESENTATION_STYLE_ASSIGNMENT((#11327));
#11327 = SURFACE_STYLE_USAGE(.BOTH.,#11328);
#11328 = SURFACE_SIDE_STYLE('',(#11329));
#11329 = SURFACE_STYLE_FILL_AREA(#11330);
#11330 = FILL_AREA_STYLE('',(#11331));
#11331 = FILL_AREA_STYLE_COLOUR('',#10238);
#11332 = OVER_RIDING_STYLED_ITEM('overriding color',(#11333),#6457,
  #11304);
#11333 = PRESENTATION_STYLE_ASSIGNMENT((#11334));
#11334 = SURFACE_STYLE_USAGE(.BOTH.,#11335);
#11335 = SURFACE_SIDE_STYLE('',(#11336));
#11336 = SURFACE_STYLE_FILL_AREA(#11337);
#11337 = FILL_AREA_STYLE('',(#11338));
#11338 = FILL_AREA_STYLE_COLOUR('',#10238);
#11339 = OVER_RIDING_STYLED_ITEM('overriding color',(#11340),#6485,
  #11304);
#11340 = PRESENTATION_STYLE_ASSIGNMENT((#11341));
#11341 = SURFACE_STYLE_USAGE(.BOTH.,#11342);
#11342 = SURFACE_SIDE_STYLE('',(#11343));
#11343 = SURFACE_STYLE_FILL_AREA(#11344);
#11344 = FILL_AREA_STYLE('',(#11345));
#11345 = FILL_AREA_STYLE_COLOUR('',#10238);
#11346 = OVER_RIDING_STYLED_ITEM('overriding color',(#11347),#6513,
  #11304);
#11347 = PRESENTATION_STYLE_ASSIGNMENT((#11348));
#11348 = SURFACE_STYLE_USAGE(.BOTH.,#11349);
#11349 = SURFACE_SIDE_STYLE('',(#11350));
#11350 = SURFACE_STYLE_FILL_AREA(#11351);
#11351 = FILL_AREA_STYLE('',(#11352));
#11352 = FILL_AREA_STYLE_COLOUR('',#10238);
#11353 = OVER_RIDING_STYLED_ITEM('overriding color',(#11354),#6541,
  #11304);
#11354 = PRESENTATION_STYLE_ASSIGNMENT((#11355));
#11355 = SURFACE_STYLE_USAGE(.BOTH.,#11356);
#11356 = SURFACE_SIDE_STYLE('',(#11357));
#11357 = SURFACE_STYLE_FILL_AREA(#11358);
#11358 = FILL_AREA_STYLE('',(#11359));
#11359 = FILL_AREA_STYLE_COLOUR('',#10238);
#11360 = OVER_RIDING_STYLED_ITEM('overriding color',(#11361),#6569,
  #11304);
#11361 = PRESENTATION_STYLE_ASSIGNMENT((#11362));
#11362 = SURFACE_STYLE_USAGE(.BOTH.,#11363);
#11363 = SURFACE_SIDE_STYLE('',(#11364));
#11364 = SURFACE_STYLE_FILL_AREA(#11365);
#11365 = FILL_AREA_STYLE('',(#11366));
#11366 = FILL_AREA_STYLE_COLOUR('',#10238);
#11367 = OVER_RIDING_STYLED_ITEM('overriding color',(#11368),#6597,
  #11304);
#11368 = PRESENTATION_STYLE_ASSIGNMENT((#11369));
#11369 = SURFACE_STYLE_USAGE(.BOTH.,#11370);
#11370 = SURFACE_SIDE_STYLE('',(#11371));
#11371 = SURFACE_STYLE_FILL_AREA(#11372);
#11372 = FILL_AREA_STYLE('',(#11373));
#11373 = FILL_AREA_STYLE_COLOUR('',#10238);
#11374 = OVER_RIDING_STYLED_ITEM('overriding color',(#11375),#6625,
  #11304);
#11375 = PRESENTATION_STYLE_ASSIGNMENT((#11376));
#11376 = SURFACE_STYLE_USAGE(.BOTH.,#11377);
#11377 = SURFACE_SIDE_STYLE('',(#11378));
#11378 = SURFACE_STYLE_FILL_AREA(#11379);
#11379 = FILL_AREA_STYLE('',(#11380));
#11380 = FILL_AREA_STYLE_COLOUR('',#10238);
#11381 = OVER_RIDING_STYLED_ITEM('overriding color',(#11382),#6661,
  #11304);
#11382 = PRESENTATION_STYLE_ASSIGNMENT((#11383));
#11383 = SURFACE_STYLE_USAGE(.BOTH.,#11384);
#11384 = SURFACE_SIDE_STYLE('',(#11385));
#11385 = SURFACE_STYLE_FILL_AREA(#11386);
#11386 = FILL_AREA_STYLE('',(#11387));
#11387 = FILL_AREA_STYLE_COLOUR('',#10238);
#11388 = OVER_RIDING_STYLED_ITEM('overriding color',(#11389),#6697,
  #11304);
#11389 = PRESENTATION_STYLE_ASSIGNMENT((#11390));
#11390 = SURFACE_STYLE_USAGE(.BOTH.,#11391);
#11391 = SURFACE_SIDE_STYLE('',(#11392));
#11392 = SURFACE_STYLE_FILL_AREA(#11393);
#11393 = FILL_AREA_STYLE('',(#11394));
#11394 = FILL_AREA_STYLE_COLOUR('',#10238);
#11395 = OVER_RIDING_STYLED_ITEM('overriding color',(#11396),#6725,
  #11304);
#11396 = PRESENTATION_STYLE_ASSIGNMENT((#11397));
#11397 = SURFACE_STYLE_USAGE(.BOTH.,#11398);
#11398 = SURFACE_SIDE_STYLE('',(#11399));
#11399 = SURFACE_STYLE_FILL_AREA(#11400);
#11400 = FILL_AREA_STYLE('',(#11401));
#11401 = FILL_AREA_STYLE_COLOUR('',#10238);
#11402 = OVER_RIDING_STYLED_ITEM('overriding color',(#11403),#6761,
  #11304);
#11403 = PRESENTATION_STYLE_ASSIGNMENT((#11404));
#11404 = SURFACE_STYLE_USAGE(.BOTH.,#11405);
#11405 = SURFACE_SIDE_STYLE('',(#11406));
#11406 = SURFACE_STYLE_FILL_AREA(#11407);
#11407 = FILL_AREA_STYLE('',(#11408));
#11408 = FILL_AREA_STYLE_COLOUR('',#10238);
#11409 = OVER_RIDING_STYLED_ITEM('overriding color',(#11410),#6797,
  #11304);
#11410 = PRESENTATION_STYLE_ASSIGNMENT((#11411));
#11411 = SURFACE_STYLE_USAGE(.BOTH.,#11412);
#11412 = SURFACE_SIDE_STYLE('',(#11413));
#11413 = SURFACE_STYLE_FILL_AREA(#11414);
#11414 = FILL_AREA_STYLE('',(#11415));
#11415 = FILL_AREA_STYLE_COLOUR('',#10238);
#11416 = OVER_RIDING_STYLED_ITEM('overriding color',(#11417),#6817,
  #11304);
#11417 = PRESENTATION_STYLE_ASSIGNMENT((#11418));
#11418 = SURFACE_STYLE_USAGE(.BOTH.,#11419);
#11419 = SURFACE_SIDE_STYLE('',(#11420));
#11420 = SURFACE_STYLE_FILL_AREA(#11421);
#11421 = FILL_AREA_STYLE('',(#11422));
#11422 = FILL_AREA_STYLE_COLOUR('',#10238);
#11423 = OVER_RIDING_STYLED_ITEM('overriding color',(#11424),#6840,
  #11304);
#11424 = PRESENTATION_STYLE_ASSIGNMENT((#11425));
#11425 = SURFACE_STYLE_USAGE(.BOTH.,#11426);
#11426 = SURFACE_SIDE_STYLE('',(#11427));
#11427 = SURFACE_STYLE_FILL_AREA(#11428);
#11428 = FILL_AREA_STYLE('',(#11429));
#11429 = FILL_AREA_STYLE_COLOUR('',#10238);
#11430 = STYLED_ITEM('color',(#11431),#6863);
#11431 = PRESENTATION_STYLE_ASSIGNMENT((#11432));
#11432 = SURFACE_STYLE_USAGE(.BOTH.,#11433);
#11433 = SURFACE_SIDE_STYLE('',(#11434));
#11434 = SURFACE_STYLE_FILL_AREA(#11435);
#11435 = FILL_AREA_STYLE('',(#11436));
#11436 = FILL_AREA_STYLE_COLOUR('',#9543);
#11437 = OVER_RIDING_STYLED_ITEM('overriding color',(#11438),#6865,
  #11430);
#11438 = PRESENTATION_STYLE_ASSIGNMENT((#11439));
#11439 = SURFACE_STYLE_USAGE(.BOTH.,#11440);
#11440 = SURFACE_SIDE_STYLE('',(#11441));
#11441 = SURFACE_STYLE_FILL_AREA(#11442);
#11442 = FILL_AREA_STYLE('',(#11443));
#11443 = FILL_AREA_STYLE_COLOUR('',#10238);
#11444 = OVER_RIDING_STYLED_ITEM('overriding color',(#11445),#6901,
  #11430);
#11445 = PRESENTATION_STYLE_ASSIGNMENT((#11446));
#11446 = SURFACE_STYLE_USAGE(.BOTH.,#11447);
#11447 = SURFACE_SIDE_STYLE('',(#11448));
#11448 = SURFACE_STYLE_FILL_AREA(#11449);
#11449 = FILL_AREA_STYLE('',(#11450));
#11450 = FILL_AREA_STYLE_COLOUR('',#10238);
#11451 = OVER_RIDING_STYLED_ITEM('overriding color',(#11452),#6929,
  #11430);
#11452 = PRESENTATION_STYLE_ASSIGNMENT((#11453));
#11453 = SURFACE_STYLE_USAGE(.BOTH.,#11454);
#11454 = SURFACE_SIDE_STYLE('',(#11455));
#11455 = SURFACE_STYLE_FILL_AREA(#11456);
#11456 = FILL_AREA_STYLE('',(#11457));
#11457 = FILL_AREA_STYLE_COLOUR('',#10238);
#11458 = OVER_RIDING_STYLED_ITEM('overriding color',(#11459),#6957,
  #11430);
#11459 = PRESENTATION_STYLE_ASSIGNMENT((#11460));
#11460 = SURFACE_STYLE_USAGE(.BOTH.,#11461);
#11461 = SURFACE_SIDE_STYLE('',(#11462));
#11462 = SURFACE_STYLE_FILL_AREA(#11463);
#11463 = FILL_AREA_STYLE('',(#11464));
#11464 = FILL_AREA_STYLE_COLOUR('',#10238);
#11465 = OVER_RIDING_STYLED_ITEM('overriding color',(#11466),#6985,
  #11430);
#11466 = PRESENTATION_STYLE_ASSIGNMENT((#11467));
#11467 = SURFACE_STYLE_USAGE(.BOTH.,#11468);
#11468 = SURFACE_SIDE_STYLE('',(#11469));
#11469 = SURFACE_STYLE_FILL_AREA(#11470);
#11470 = FILL_AREA_STYLE('',(#11471));
#11471 = FILL_AREA_STYLE_COLOUR('',#10238);
#11472 = OVER_RIDING_STYLED_ITEM('overriding color',(#11473),#7013,
  #11430);
#11473 = PRESENTATION_STYLE_ASSIGNMENT((#11474));
#11474 = SURFACE_STYLE_USAGE(.BOTH.,#11475);
#11475 = SURFACE_SIDE_STYLE('',(#11476));
#11476 = SURFACE_STYLE_FILL_AREA(#11477);
#11477 = FILL_AREA_STYLE('',(#11478));
#11478 = FILL_AREA_STYLE_COLOUR('',#10238);
#11479 = OVER_RIDING_STYLED_ITEM('overriding color',(#11480),#7041,
  #11430);
#11480 = PRESENTATION_STYLE_ASSIGNMENT((#11481));
#11481 = SURFACE_STYLE_USAGE(.BOTH.,#11482);
#11482 = SURFACE_SIDE_STYLE('',(#11483));
#11483 = SURFACE_STYLE_FILL_AREA(#11484);
#11484 = FILL_AREA_STYLE('',(#11485));
#11485 = FILL_AREA_STYLE_COLOUR('',#10238);
#11486 = OVER_RIDING_STYLED_ITEM('overriding color',(#11487),#7069,
  #11430);
#11487 = PRESENTATION_STYLE_ASSIGNMENT((#11488));
#11488 = SURFACE_STYLE_USAGE(.BOTH.,#11489);
#11489 = SURFACE_SIDE_STYLE('',(#11490));
#11490 = SURFACE_STYLE_FILL_AREA(#11491);
#11491 = FILL_AREA_STYLE('',(#11492));
#11492 = FILL_AREA_STYLE_COLOUR('',#10238);
#11493 = OVER_RIDING_STYLED_ITEM('overriding color',(#11494),#7097,
  #11430);
#11494 = PRESENTATION_STYLE_ASSIGNMENT((#11495));
#11495 = SURFACE_STYLE_USAGE(.BOTH.,#11496);
#11496 = SURFACE_SIDE_STYLE('',(#11497));
#11497 = SURFACE_STYLE_FILL_AREA(#11498);
#11498 = FILL_AREA_STYLE('',(#11499));
#11499 = FILL_AREA_STYLE_COLOUR('',#10238);
#11500 = OVER_RIDING_STYLED_ITEM('overriding color',(#11501),#7125,
  #11430);
#11501 = PRESENTATION_STYLE_ASSIGNMENT((#11502));
#11502 = SURFACE_STYLE_USAGE(.BOTH.,#11503);
#11503 = SURFACE_SIDE_STYLE('',(#11504));
#11504 = SURFACE_STYLE_FILL_AREA(#11505);
#11505 = FILL_AREA_STYLE('',(#11506));
#11506 = FILL_AREA_STYLE_COLOUR('',#10238);
#11507 = OVER_RIDING_STYLED_ITEM('overriding color',(#11508),#7153,
  #11430);
#11508 = PRESENTATION_STYLE_ASSIGNMENT((#11509));
#11509 = SURFACE_STYLE_USAGE(.BOTH.,#11510);
#11510 = SURFACE_SIDE_STYLE('',(#11511));
#11511 = SURFACE_STYLE_FILL_AREA(#11512);
#11512 = FILL_AREA_STYLE('',(#11513));
#11513 = FILL_AREA_STYLE_COLOUR('',#10238);
#11514 = OVER_RIDING_STYLED_ITEM('overriding color',(#11515),#7181,
  #11430);
#11515 = PRESENTATION_STYLE_ASSIGNMENT((#11516));
#11516 = SURFACE_STYLE_USAGE(.BOTH.,#11517);
#11517 = SURFACE_SIDE_STYLE('',(#11518));
#11518 = SURFACE_STYLE_FILL_AREA(#11519);
#11519 = FILL_AREA_STYLE('',(#11520));
#11520 = FILL_AREA_STYLE_COLOUR('',#10238);
#11521 = OVER_RIDING_STYLED_ITEM('overriding color',(#11522),#7201,
  #11430);
#11522 = PRESENTATION_STYLE_ASSIGNMENT((#11523));
#11523 = SURFACE_STYLE_USAGE(.BOTH.,#11524);
#11524 = SURFACE_SIDE_STYLE('',(#11525));
#11525 = SURFACE_STYLE_FILL_AREA(#11526);
#11526 = FILL_AREA_STYLE('',(#11527));
#11527 = FILL_AREA_STYLE_COLOUR('',#10238);
#11528 = OVER_RIDING_STYLED_ITEM('overriding color',(#11529),#7221,
  #11430);
#11529 = PRESENTATION_STYLE_ASSIGNMENT((#11530));
#11530 = SURFACE_STYLE_USAGE(.BOTH.,#11531);
#11531 = SURFACE_SIDE_STYLE('',(#11532));
#11532 = SURFACE_STYLE_FILL_AREA(#11533);
#11533 = FILL_AREA_STYLE('',(#11534));
#11534 = FILL_AREA_STYLE_COLOUR('',#10238);
#11535 = STYLED_ITEM('color',(#11536),#7241);
#11536 = PRESENTATION_STYLE_ASSIGNMENT((#11537));
#11537 = SURFACE_STYLE_USAGE(.BOTH.,#11538);
#11538 = SURFACE_SIDE_STYLE('',(#11539));
#11539 = SURFACE_STYLE_FILL_AREA(#11540);
#11540 = FILL_AREA_STYLE('',(#11541));
#11541 = FILL_AREA_STYLE_COLOUR('',#9543);
#11542 = OVER_RIDING_STYLED_ITEM('overriding color',(#11543),#7243,
  #11535);
#11543 = PRESENTATION_STYLE_ASSIGNMENT((#11544));
#11544 = SURFACE_STYLE_USAGE(.BOTH.,#11545);
#11545 = SURFACE_SIDE_STYLE('',(#11546));
#11546 = SURFACE_STYLE_FILL_AREA(#11547);
#11547 = FILL_AREA_STYLE('',(#11548));
#11548 = FILL_AREA_STYLE_COLOUR('',#10238);
#11549 = OVER_RIDING_STYLED_ITEM('overriding color',(#11550),#7367,
  #11535);
#11550 = PRESENTATION_STYLE_ASSIGNMENT((#11551));
#11551 = SURFACE_STYLE_USAGE(.BOTH.,#11552);
#11552 = SURFACE_SIDE_STYLE('',(#11553));
#11553 = SURFACE_STYLE_FILL_AREA(#11554);
#11554 = FILL_AREA_STYLE('',(#11555));
#11555 = FILL_AREA_STYLE_COLOUR('',#10238);
#11556 = OVER_RIDING_STYLED_ITEM('overriding color',(#11557),#7491,
  #11535);
#11557 = PRESENTATION_STYLE_ASSIGNMENT((#11558));
#11558 = SURFACE_STYLE_USAGE(.BOTH.,#11559);
#11559 = SURFACE_SIDE_STYLE('',(#11560));
#11560 = SURFACE_STYLE_FILL_AREA(#11561);
#11561 = FILL_AREA_STYLE('',(#11562));
#11562 = FILL_AREA_STYLE_COLOUR('',#10238);
#11563 = OVER_RIDING_STYLED_ITEM('overriding color',(#11564),#7511,
  #11535);
#11564 = PRESENTATION_STYLE_ASSIGNMENT((#11565));
#11565 = SURFACE_STYLE_USAGE(.BOTH.,#11566);
#11566 = SURFACE_SIDE_STYLE('',(#11567));
#11567 = SURFACE_STYLE_FILL_AREA(#11568);
#11568 = FILL_AREA_STYLE('',(#11569));
#11569 = FILL_AREA_STYLE_COLOUR('',#10238);
#11570 = OVER_RIDING_STYLED_ITEM('overriding color',(#11571),#7531,
  #11535);
#11571 = PRESENTATION_STYLE_ASSIGNMENT((#11572));
#11572 = SURFACE_STYLE_USAGE(.BOTH.,#11573);
#11573 = SURFACE_SIDE_STYLE('',(#11574));
#11574 = SURFACE_STYLE_FILL_AREA(#11575);
#11575 = FILL_AREA_STYLE('',(#11576));
#11576 = FILL_AREA_STYLE_COLOUR('',#10238);
#11577 = OVER_RIDING_STYLED_ITEM('overriding color',(#11578),#7551,
  #11535);
#11578 = PRESENTATION_STYLE_ASSIGNMENT((#11579));
#11579 = SURFACE_STYLE_USAGE(.BOTH.,#11580);
#11580 = SURFACE_SIDE_STYLE('',(#11581));
#11581 = SURFACE_STYLE_FILL_AREA(#11582);
#11582 = FILL_AREA_STYLE('',(#11583));
#11583 = FILL_AREA_STYLE_COLOUR('',#10238);
#11584 = OVER_RIDING_STYLED_ITEM('overriding color',(#11585),#7571,
  #11535);
#11585 = PRESENTATION_STYLE_ASSIGNMENT((#11586));
#11586 = SURFACE_STYLE_USAGE(.BOTH.,#11587);
#11587 = SURFACE_SIDE_STYLE('',(#11588));
#11588 = SURFACE_STYLE_FILL_AREA(#11589);
#11589 = FILL_AREA_STYLE('',(#11590));
#11590 = FILL_AREA_STYLE_COLOUR('',#10238);
#11591 = OVER_RIDING_STYLED_ITEM('overriding color',(#11592),#7591,
  #11535);
#11592 = PRESENTATION_STYLE_ASSIGNMENT((#11593));
#11593 = SURFACE_STYLE_USAGE(.BOTH.,#11594);
#11594 = SURFACE_SIDE_STYLE('',(#11595));
#11595 = SURFACE_STYLE_FILL_AREA(#11596);
#11596 = FILL_AREA_STYLE('',(#11597));
#11597 = FILL_AREA_STYLE_COLOUR('',#10238);
#11598 = OVER_RIDING_STYLED_ITEM('overriding color',(#11599),#7607,
  #11535);
#11599 = PRESENTATION_STYLE_ASSIGNMENT((#11600));
#11600 = SURFACE_STYLE_USAGE(.BOTH.,#11601);
#11601 = SURFACE_SIDE_STYLE('',(#11602));
#11602 = SURFACE_STYLE_FILL_AREA(#11603);
#11603 = FILL_AREA_STYLE('',(#11604));
#11604 = FILL_AREA_STYLE_COLOUR('',#10238);
#11605 = OVER_RIDING_STYLED_ITEM('overriding color',(#11606),#7619,
  #11535);
#11606 = PRESENTATION_STYLE_ASSIGNMENT((#11607));
#11607 = SURFACE_STYLE_USAGE(.BOTH.,#11608);
#11608 = SURFACE_SIDE_STYLE('',(#11609));
#11609 = SURFACE_STYLE_FILL_AREA(#11610);
#11610 = FILL_AREA_STYLE('',(#11611));
#11611 = FILL_AREA_STYLE_COLOUR('',#10238);
#11612 = OVER_RIDING_STYLED_ITEM('overriding color',(#11613),#7639,
  #11535);
#11613 = PRESENTATION_STYLE_ASSIGNMENT((#11614));
#11614 = SURFACE_STYLE_USAGE(.BOTH.,#11615);
#11615 = SURFACE_SIDE_STYLE('',(#11616));
#11616 = SURFACE_STYLE_FILL_AREA(#11617);
#11617 = FILL_AREA_STYLE('',(#11618));
#11618 = FILL_AREA_STYLE_COLOUR('',#10238);
#11619 = OVER_RIDING_STYLED_ITEM('overriding color',(#11620),#7655,
  #11535);
#11620 = PRESENTATION_STYLE_ASSIGNMENT((#11621));
#11621 = SURFACE_STYLE_USAGE(.BOTH.,#11622);
#11622 = SURFACE_SIDE_STYLE('',(#11623));
#11623 = SURFACE_STYLE_FILL_AREA(#11624);
#11624 = FILL_AREA_STYLE('',(#11625));
#11625 = FILL_AREA_STYLE_COLOUR('',#10238);
#11626 = OVER_RIDING_STYLED_ITEM('overriding color',(#11627),#7671,
  #11535);
#11627 = PRESENTATION_STYLE_ASSIGNMENT((#11628));
#11628 = SURFACE_STYLE_USAGE(.BOTH.,#11629);
#11629 = SURFACE_SIDE_STYLE('',(#11630));
#11630 = SURFACE_STYLE_FILL_AREA(#11631);
#11631 = FILL_AREA_STYLE('',(#11632));
#11632 = FILL_AREA_STYLE_COLOUR('',#10238);
#11633 = OVER_RIDING_STYLED_ITEM('overriding color',(#11634),#7691,
  #11535);
#11634 = PRESENTATION_STYLE_ASSIGNMENT((#11635));
#11635 = SURFACE_STYLE_USAGE(.BOTH.,#11636);
#11636 = SURFACE_SIDE_STYLE('',(#11637));
#11637 = SURFACE_STYLE_FILL_AREA(#11638);
#11638 = FILL_AREA_STYLE('',(#11639));
#11639 = FILL_AREA_STYLE_COLOUR('',#10238);
#11640 = OVER_RIDING_STYLED_ITEM('overriding color',(#11641),#7711,
  #11535);
#11641 = PRESENTATION_STYLE_ASSIGNMENT((#11642));
#11642 = SURFACE_STYLE_USAGE(.BOTH.,#11643);
#11643 = SURFACE_SIDE_STYLE('',(#11644));
#11644 = SURFACE_STYLE_FILL_AREA(#11645);
#11645 = FILL_AREA_STYLE('',(#11646));
#11646 = FILL_AREA_STYLE_COLOUR('',#10238);
#11647 = OVER_RIDING_STYLED_ITEM('overriding color',(#11648),#7731,
  #11535);
#11648 = PRESENTATION_STYLE_ASSIGNMENT((#11649));
#11649 = SURFACE_STYLE_USAGE(.BOTH.,#11650);
#11650 = SURFACE_SIDE_STYLE('',(#11651));
#11651 = SURFACE_STYLE_FILL_AREA(#11652);
#11652 = FILL_AREA_STYLE('',(#11653));
#11653 = FILL_AREA_STYLE_COLOUR('',#10238);
#11654 = STYLED_ITEM('color',(#11655),#7747);
#11655 = PRESENTATION_STYLE_ASSIGNMENT((#11656));
#11656 = SURFACE_STYLE_USAGE(.BOTH.,#11657);
#11657 = SURFACE_SIDE_STYLE('',(#11658));
#11658 = SURFACE_STYLE_FILL_AREA(#11659);
#11659 = FILL_AREA_STYLE('',(#11660));
#11660 = FILL_AREA_STYLE_COLOUR('',#9543);
#11661 = OVER_RIDING_STYLED_ITEM('overriding color',(#11662),#7749,
  #11654);
#11662 = PRESENTATION_STYLE_ASSIGNMENT((#11663));
#11663 = SURFACE_STYLE_USAGE(.BOTH.,#11664);
#11664 = SURFACE_SIDE_STYLE('',(#11665));
#11665 = SURFACE_STYLE_FILL_AREA(#11666);
#11666 = FILL_AREA_STYLE('',(#11667));
#11667 = FILL_AREA_STYLE_COLOUR('',#10238);
#11668 = OVER_RIDING_STYLED_ITEM('overriding color',(#11669),#7861,
  #11654);
#11669 = PRESENTATION_STYLE_ASSIGNMENT((#11670));
#11670 = SURFACE_STYLE_USAGE(.BOTH.,#11671);
#11671 = SURFACE_SIDE_STYLE('',(#11672));
#11672 = SURFACE_STYLE_FILL_AREA(#11673);
#11673 = FILL_AREA_STYLE('',(#11674));
#11674 = FILL_AREA_STYLE_COLOUR('',#10238);
#11675 = OVER_RIDING_STYLED_ITEM('overriding color',(#11676),#7973,
  #11654);
#11676 = PRESENTATION_STYLE_ASSIGNMENT((#11677));
#11677 = SURFACE_STYLE_USAGE(.BOTH.,#11678);
#11678 = SURFACE_SIDE_STYLE('',(#11679));
#11679 = SURFACE_STYLE_FILL_AREA(#11680);
#11680 = FILL_AREA_STYLE('',(#11681));
#11681 = FILL_AREA_STYLE_COLOUR('',#10238);
#11682 = OVER_RIDING_STYLED_ITEM('overriding color',(#11683),#7993,
  #11654);
#11683 = PRESENTATION_STYLE_ASSIGNMENT((#11684));
#11684 = SURFACE_STYLE_USAGE(.BOTH.,#11685);
#11685 = SURFACE_SIDE_STYLE('',(#11686));
#11686 = SURFACE_STYLE_FILL_AREA(#11687);
#11687 = FILL_AREA_STYLE('',(#11688));
#11688 = FILL_AREA_STYLE_COLOUR('',#10238);
#11689 = OVER_RIDING_STYLED_ITEM('overriding color',(#11690),#8009,
  #11654);
#11690 = PRESENTATION_STYLE_ASSIGNMENT((#11691));
#11691 = SURFACE_STYLE_USAGE(.BOTH.,#11692);
#11692 = SURFACE_SIDE_STYLE('',(#11693));
#11693 = SURFACE_STYLE_FILL_AREA(#11694);
#11694 = FILL_AREA_STYLE('',(#11695));
#11695 = FILL_AREA_STYLE_COLOUR('',#10238);
#11696 = OVER_RIDING_STYLED_ITEM('overriding color',(#11697),#8025,
  #11654);
#11697 = PRESENTATION_STYLE_ASSIGNMENT((#11698));
#11698 = SURFACE_STYLE_USAGE(.BOTH.,#11699);
#11699 = SURFACE_SIDE_STYLE('',(#11700));
#11700 = SURFACE_STYLE_FILL_AREA(#11701);
#11701 = FILL_AREA_STYLE('',(#11702));
#11702 = FILL_AREA_STYLE_COLOUR('',#10238);
#11703 = OVER_RIDING_STYLED_ITEM('overriding color',(#11704),#8041,
  #11654);
#11704 = PRESENTATION_STYLE_ASSIGNMENT((#11705));
#11705 = SURFACE_STYLE_USAGE(.BOTH.,#11706);
#11706 = SURFACE_SIDE_STYLE('',(#11707));
#11707 = SURFACE_STYLE_FILL_AREA(#11708);
#11708 = FILL_AREA_STYLE('',(#11709));
#11709 = FILL_AREA_STYLE_COLOUR('',#10238);
#11710 = OVER_RIDING_STYLED_ITEM('overriding color',(#11711),#8057,
  #11654);
#11711 = PRESENTATION_STYLE_ASSIGNMENT((#11712));
#11712 = SURFACE_STYLE_USAGE(.BOTH.,#11713);
#11713 = SURFACE_SIDE_STYLE('',(#11714));
#11714 = SURFACE_STYLE_FILL_AREA(#11715);
#11715 = FILL_AREA_STYLE('',(#11716));
#11716 = FILL_AREA_STYLE_COLOUR('',#10238);
#11717 = OVER_RIDING_STYLED_ITEM('overriding color',(#11718),#8073,
  #11654);
#11718 = PRESENTATION_STYLE_ASSIGNMENT((#11719));
#11719 = SURFACE_STYLE_USAGE(.BOTH.,#11720);
#11720 = SURFACE_SIDE_STYLE('',(#11721));
#11721 = SURFACE_STYLE_FILL_AREA(#11722);
#11722 = FILL_AREA_STYLE('',(#11723));
#11723 = FILL_AREA_STYLE_COLOUR('',#10238);
#11724 = OVER_RIDING_STYLED_ITEM('overriding color',(#11725),#8089,
  #11654);
#11725 = PRESENTATION_STYLE_ASSIGNMENT((#11726));
#11726 = SURFACE_STYLE_USAGE(.BOTH.,#11727);
#11727 = SURFACE_SIDE_STYLE('',(#11728));
#11728 = SURFACE_STYLE_FILL_AREA(#11729);
#11729 = FILL_AREA_STYLE('',(#11730));
#11730 = FILL_AREA_STYLE_COLOUR('',#10238);
#11731 = OVER_RIDING_STYLED_ITEM('overriding color',(#11732),#8101,
  #11654);
#11732 = PRESENTATION_STYLE_ASSIGNMENT((#11733));
#11733 = SURFACE_STYLE_USAGE(.BOTH.,#11734);
#11734 = SURFACE_SIDE_STYLE('',(#11735));
#11735 = SURFACE_STYLE_FILL_AREA(#11736);
#11736 = FILL_AREA_STYLE('',(#11737));
#11737 = FILL_AREA_STYLE_COLOUR('',#10238);
#11738 = OVER_RIDING_STYLED_ITEM('overriding color',(#11739),#8121,
  #11654);
#11739 = PRESENTATION_STYLE_ASSIGNMENT((#11740));
#11740 = SURFACE_STYLE_USAGE(.BOTH.,#11741);
#11741 = SURFACE_SIDE_STYLE('',(#11742));
#11742 = SURFACE_STYLE_FILL_AREA(#11743);
#11743 = FILL_AREA_STYLE('',(#11744));
#11744 = FILL_AREA_STYLE_COLOUR('',#10238);
#11745 = OVER_RIDING_STYLED_ITEM('overriding color',(#11746),#8137,
  #11654);
#11746 = PRESENTATION_STYLE_ASSIGNMENT((#11747));
#11747 = SURFACE_STYLE_USAGE(.BOTH.,#11748);
#11748 = SURFACE_SIDE_STYLE('',(#11749));
#11749 = SURFACE_STYLE_FILL_AREA(#11750);
#11750 = FILL_AREA_STYLE('',(#11751));
#11751 = FILL_AREA_STYLE_COLOUR('',#10238);
#11752 = OVER_RIDING_STYLED_ITEM('overriding color',(#11753),#8157,
  #11654);
#11753 = PRESENTATION_STYLE_ASSIGNMENT((#11754));
#11754 = SURFACE_STYLE_USAGE(.BOTH.,#11755);
#11755 = SURFACE_SIDE_STYLE('',(#11756));
#11756 = SURFACE_STYLE_FILL_AREA(#11757);
#11757 = FILL_AREA_STYLE('',(#11758));
#11758 = FILL_AREA_STYLE_COLOUR('',#10238);
#11759 = OVER_RIDING_STYLED_ITEM('overriding color',(#11760),#8173,
  #11654);
#11760 = PRESENTATION_STYLE_ASSIGNMENT((#11761));
#11761 = SURFACE_STYLE_USAGE(.BOTH.,#11762);
#11762 = SURFACE_SIDE_STYLE('',(#11763));
#11763 = SURFACE_STYLE_FILL_AREA(#11764);
#11764 = FILL_AREA_STYLE('',(#11765));
#11765 = FILL_AREA_STYLE_COLOUR('',#10238);
#11766 = OVER_RIDING_STYLED_ITEM('overriding color',(#11767),#8193,
  #11654);
#11767 = PRESENTATION_STYLE_ASSIGNMENT((#11768));
#11768 = SURFACE_STYLE_USAGE(.BOTH.,#11769);
#11769 = SURFACE_SIDE_STYLE('',(#11770));
#11770 = SURFACE_STYLE_FILL_AREA(#11771);
#11771 = FILL_AREA_STYLE('',(#11772));
#11772 = FILL_AREA_STYLE_COLOUR('',#10238);
#11773 = STYLED_ITEM('color',(#11774),#8205);
#11774 = PRESENTATION_STYLE_ASSIGNMENT((#11775));
#11775 = SURFACE_STYLE_USAGE(.BOTH.,#11776);
#11776 = SURFACE_SIDE_STYLE('',(#11777));
#11777 = SURFACE_STYLE_FILL_AREA(#11778);
#11778 = FILL_AREA_STYLE('',(#11779));
#11779 = FILL_AREA_STYLE_COLOUR('',#9543);
#11780 = OVER_RIDING_STYLED_ITEM('overriding color',(#11781),#8207,
  #11773);
#11781 = PRESENTATION_STYLE_ASSIGNMENT((#11782));
#11782 = SURFACE_STYLE_USAGE(.BOTH.,#11783);
#11783 = SURFACE_SIDE_STYLE('',(#11784));
#11784 = SURFACE_STYLE_FILL_AREA(#11785);
#11785 = FILL_AREA_STYLE('',(#11786));
#11786 = FILL_AREA_STYLE_COLOUR('',#10238);
#11787 = OVER_RIDING_STYLED_ITEM('overriding color',(#11788),#8527,
  #11773);
#11788 = PRESENTATION_STYLE_ASSIGNMENT((#11789));
#11789 = SURFACE_STYLE_USAGE(.BOTH.,#11790);
#11790 = SURFACE_SIDE_STYLE('',(#11791));
#11791 = SURFACE_STYLE_FILL_AREA(#11792);
#11792 = FILL_AREA_STYLE('',(#11793));
#11793 = FILL_AREA_STYLE_COLOUR('',#10238);
#11794 = OVER_RIDING_STYLED_ITEM('overriding color',(#11795),#8847,
  #11773);
#11795 = PRESENTATION_STYLE_ASSIGNMENT((#11796));
#11796 = SURFACE_STYLE_USAGE(.BOTH.,#11797);
#11797 = SURFACE_SIDE_STYLE('',(#11798));
#11798 = SURFACE_STYLE_FILL_AREA(#11799);
#11799 = FILL_AREA_STYLE('',(#11800));
#11800 = FILL_AREA_STYLE_COLOUR('',#10238);
#11801 = OVER_RIDING_STYLED_ITEM('overriding color',(#11802),#8871,
  #11773);
#11802 = PRESENTATION_STYLE_ASSIGNMENT((#11803));
#11803 = SURFACE_STYLE_USAGE(.BOTH.,#11804);
#11804 = SURFACE_SIDE_STYLE('',(#11805));
#11805 = SURFACE_STYLE_FILL_AREA(#11806);
#11806 = FILL_AREA_STYLE('',(#11807));
#11807 = FILL_AREA_STYLE_COLOUR('',#10238);
#11808 = OVER_RIDING_STYLED_ITEM('overriding color',(#11809),#8891,
  #11773);
#11809 = PRESENTATION_STYLE_ASSIGNMENT((#11810));
#11810 = SURFACE_STYLE_USAGE(.BOTH.,#11811);
#11811 = SURFACE_SIDE_STYLE('',(#11812));
#11812 = SURFACE_STYLE_FILL_AREA(#11813);
#11813 = FILL_AREA_STYLE('',(#11814));
#11814 = FILL_AREA_STYLE_COLOUR('',#10238);
#11815 = OVER_RIDING_STYLED_ITEM('overriding color',(#11816),#8911,
  #11773);
#11816 = PRESENTATION_STYLE_ASSIGNMENT((#11817));
#11817 = SURFACE_STYLE_USAGE(.BOTH.,#11818);
#11818 = SURFACE_SIDE_STYLE('',(#11819));
#11819 = SURFACE_STYLE_FILL_AREA(#11820);
#11820 = FILL_AREA_STYLE('',(#11821));
#11821 = FILL_AREA_STYLE_COLOUR('',#10238);
#11822 = OVER_RIDING_STYLED_ITEM('overriding color',(#11823),#8931,
  #11773);
#11823 = PRESENTATION_STYLE_ASSIGNMENT((#11824));
#11824 = SURFACE_STYLE_USAGE(.BOTH.,#11825);
#11825 = SURFACE_SIDE_STYLE('',(#11826));
#11826 = SURFACE_STYLE_FILL_AREA(#11827);
#11827 = FILL_AREA_STYLE('',(#11828));
#11828 = FILL_AREA_STYLE_COLOUR('',#10238);
#11829 = OVER_RIDING_STYLED_ITEM('overriding color',(#11830),#8951,
  #11773);
#11830 = PRESENTATION_STYLE_ASSIGNMENT((#11831));
#11831 = SURFACE_STYLE_USAGE(.BOTH.,#11832);
#11832 = SURFACE_SIDE_STYLE('',(#11833));
#11833 = SURFACE_STYLE_FILL_AREA(#11834);
#11834 = FILL_AREA_STYLE('',(#11835));
#11835 = FILL_AREA_STYLE_COLOUR('',#10238);
#11836 = OVER_RIDING_STYLED_ITEM('overriding color',(#11837),#8971,
  #11773);
#11837 = PRESENTATION_STYLE_ASSIGNMENT((#11838));
#11838 = SURFACE_STYLE_USAGE(.BOTH.,#11839);
#11839 = SURFACE_SIDE_STYLE('',(#11840));
#11840 = SURFACE_STYLE_FILL_AREA(#11841);
#11841 = FILL_AREA_STYLE('',(#11842));
#11842 = FILL_AREA_STYLE_COLOUR('',#10238);
#11843 = OVER_RIDING_STYLED_ITEM('overriding color',(#11844),#8991,
  #11773);
#11844 = PRESENTATION_STYLE_ASSIGNMENT((#11845));
#11845 = SURFACE_STYLE_USAGE(.BOTH.,#11846);
#11846 = SURFACE_SIDE_STYLE('',(#11847));
#11847 = SURFACE_STYLE_FILL_AREA(#11848);
#11848 = FILL_AREA_STYLE('',(#11849));
#11849 = FILL_AREA_STYLE_COLOUR('',#10238);
#11850 = OVER_RIDING_STYLED_ITEM('overriding color',(#11851),#9011,
  #11773);
#11851 = PRESENTATION_STYLE_ASSIGNMENT((#11852));
#11852 = SURFACE_STYLE_USAGE(.BOTH.,#11853);
#11853 = SURFACE_SIDE_STYLE('',(#11854));
#11854 = SURFACE_STYLE_FILL_AREA(#11855);
#11855 = FILL_AREA_STYLE('',(#11856));
#11856 = FILL_AREA_STYLE_COLOUR('',#10238);
#11857 = OVER_RIDING_STYLED_ITEM('overriding color',(#11858),#9031,
  #11773);
#11858 = PRESENTATION_STYLE_ASSIGNMENT((#11859));
#11859 = SURFACE_STYLE_USAGE(.BOTH.,#11860);
#11860 = SURFACE_SIDE_STYLE('',(#11861));
#11861 = SURFACE_STYLE_FILL_AREA(#11862);
#11862 = FILL_AREA_STYLE('',(#11863));
#11863 = FILL_AREA_STYLE_COLOUR('',#10238);
#11864 = OVER_RIDING_STYLED_ITEM('overriding color',(#11865),#9051,
  #11773);
#11865 = PRESENTATION_STYLE_ASSIGNMENT((#11866));
#11866 = SURFACE_STYLE_USAGE(.BOTH.,#11867);
#11867 = SURFACE_SIDE_STYLE('',(#11868));
#11868 = SURFACE_STYLE_FILL_AREA(#11869);
#11869 = FILL_AREA_STYLE('',(#11870));
#11870 = FILL_AREA_STYLE_COLOUR('',#10238);
#11871 = OVER_RIDING_STYLED_ITEM('overriding color',(#11872),#9071,
  #11773);
#11872 = PRESENTATION_STYLE_ASSIGNMENT((#11873));
#11873 = SURFACE_STYLE_USAGE(.BOTH.,#11874);
#11874 = SURFACE_SIDE_STYLE('',(#11875));
#11875 = SURFACE_STYLE_FILL_AREA(#11876);
#11876 = FILL_AREA_STYLE('',(#11877));
#11877 = FILL_AREA_STYLE_COLOUR('',#10238);
#11878 = OVER_RIDING_STYLED_ITEM('overriding color',(#11879),#9091,
  #11773);
#11879 = PRESENTATION_STYLE_ASSIGNMENT((#11880));
#11880 = SURFACE_STYLE_USAGE(.BOTH.,#11881);
#11881 = SURFACE_SIDE_STYLE('',(#11882));
#11882 = SURFACE_STYLE_FILL_AREA(#11883);
#11883 = FILL_AREA_STYLE('',(#11884));
#11884 = FILL_AREA_STYLE_COLOUR('',#10238);
#11885 = OVER_RIDING_STYLED_ITEM('overriding color',(#11886),#9107,
  #11773);
#11886 = PRESENTATION_STYLE_ASSIGNMENT((#11887));
#11887 = SURFACE_STYLE_USAGE(.BOTH.,#11888);
#11888 = SURFACE_SIDE_STYLE('',(#11889));
#11889 = SURFACE_STYLE_FILL_AREA(#11890);
#11890 = FILL_AREA_STYLE('',(#11891));
#11891 = FILL_AREA_STYLE_COLOUR('',#10238);
#11892 = OVER_RIDING_STYLED_ITEM('overriding color',(#11893),#9123,
  #11773);
#11893 = PRESENTATION_STYLE_ASSIGNMENT((#11894));
#11894 = SURFACE_STYLE_USAGE(.BOTH.,#11895);
#11895 = SURFACE_SIDE_STYLE('',(#11896));
#11896 = SURFACE_STYLE_FILL_AREA(#11897);
#11897 = FILL_AREA_STYLE('',(#11898));
#11898 = FILL_AREA_STYLE_COLOUR('',#10238);
#11899 = OVER_RIDING_STYLED_ITEM('overriding color',(#11900),#9139,
  #11773);
#11900 = PRESENTATION_STYLE_ASSIGNMENT((#11901));
#11901 = SURFACE_STYLE_USAGE(.BOTH.,#11902);
#11902 = SURFACE_SIDE_STYLE('',(#11903));
#11903 = SURFACE_STYLE_FILL_AREA(#11904);
#11904 = FILL_AREA_STYLE('',(#11905));
#11905 = FILL_AREA_STYLE_COLOUR('',#10238);
#11906 = OVER_RIDING_STYLED_ITEM('overriding color',(#11907),#9155,
  #11773);
#11907 = PRESENTATION_STYLE_ASSIGNMENT((#11908));
#11908 = SURFACE_STYLE_USAGE(.BOTH.,#11909);
#11909 = SURFACE_SIDE_STYLE('',(#11910));
#11910 = SURFACE_STYLE_FILL_AREA(#11911);
#11911 = FILL_AREA_STYLE('',(#11912));
#11912 = FILL_AREA_STYLE_COLOUR('',#10238);
#11913 = OVER_RIDING_STYLED_ITEM('overriding color',(#11914),#9175,
  #11773);
#11914 = PRESENTATION_STYLE_ASSIGNMENT((#11915));
#11915 = SURFACE_STYLE_USAGE(.BOTH.,#11916);
#11916 = SURFACE_SIDE_STYLE('',(#11917));
#11917 = SURFACE_STYLE_FILL_AREA(#11918);
#11918 = FILL_AREA_STYLE('',(#11919));
#11919 = FILL_AREA_STYLE_COLOUR('',#10238);
#11920 = OVER_RIDING_STYLED_ITEM('overriding color',(#11921),#9195,
  #11773);
#11921 = PRESENTATION_STYLE_ASSIGNMENT((#11922));
#11922 = SURFACE_STYLE_USAGE(.BOTH.,#11923);
#11923 = SURFACE_SIDE_STYLE('',(#11924));
#11924 = SURFACE_STYLE_FILL_AREA(#11925);
#11925 = FILL_AREA_STYLE('',(#11926));
#11926 = FILL_AREA_STYLE_COLOUR('',#10238);
#11927 = OVER_RIDING_STYLED_ITEM('overriding color',(#11928),#9215,
  #11773);
#11928 = PRESENTATION_STYLE_ASSIGNMENT((#11929));
#11929 = SURFACE_STYLE_USAGE(.BOTH.,#11930);
#11930 = SURFACE_SIDE_STYLE('',(#11931));
#11931 = SURFACE_STYLE_FILL_AREA(#11932);
#11932 = FILL_AREA_STYLE('',(#11933));
#11933 = FILL_AREA_STYLE_COLOUR('',#10238);
#11934 = OVER_RIDING_STYLED_ITEM('overriding color',(#11935),#9235,
  #11773);
#11935 = PRESENTATION_STYLE_ASSIGNMENT((#11936));
#11936 = SURFACE_STYLE_USAGE(.BOTH.,#11937);
#11937 = SURFACE_SIDE_STYLE('',(#11938));
#11938 = SURFACE_STYLE_FILL_AREA(#11939);
#11939 = FILL_AREA_STYLE('',(#11940));
#11940 = FILL_AREA_STYLE_COLOUR('',#10238);
#11941 = OVER_RIDING_STYLED_ITEM('overriding color',(#11942),#9255,
  #11773);
#11942 = PRESENTATION_STYLE_ASSIGNMENT((#11943));
#11943 = SURFACE_STYLE_USAGE(.BOTH.,#11944);
#11944 = SURFACE_SIDE_STYLE('',(#11945));
#11945 = SURFACE_STYLE_FILL_AREA(#11946);
#11946 = FILL_AREA_STYLE('',(#11947));
#11947 = FILL_AREA_STYLE_COLOUR('',#10238);
#11948 = OVER_RIDING_STYLED_ITEM('overriding color',(#11949),#9275,
  #11773);
#11949 = PRESENTATION_STYLE_ASSIGNMENT((#11950));
#11950 = SURFACE_STYLE_USAGE(.BOTH.,#11951);
#11951 = SURFACE_SIDE_STYLE('',(#11952));
#11952 = SURFACE_STYLE_FILL_AREA(#11953);
#11953 = FILL_AREA_STYLE('',(#11954));
#11954 = FILL_AREA_STYLE_COLOUR('',#10238);
#11955 = OVER_RIDING_STYLED_ITEM('overriding color',(#11956),#9295,
  #11773);
#11956 = PRESENTATION_STYLE_ASSIGNMENT((#11957));
#11957 = SURFACE_STYLE_USAGE(.BOTH.,#11958);
#11958 = SURFACE_SIDE_STYLE('',(#11959));
#11959 = SURFACE_STYLE_FILL_AREA(#11960);
#11960 = FILL_AREA_STYLE('',(#11961));
#11961 = FILL_AREA_STYLE_COLOUR('',#10238);
#11962 = OVER_RIDING_STYLED_ITEM('overriding color',(#11963),#9311,
  #11773);
#11963 = PRESENTATION_STYLE_ASSIGNMENT((#11964));
#11964 = SURFACE_STYLE_USAGE(.BOTH.,#11965);
#11965 = SURFACE_SIDE_STYLE('',(#11966));
#11966 = SURFACE_STYLE_FILL_AREA(#11967);
#11967 = FILL_AREA_STYLE('',(#11968));
#11968 = FILL_AREA_STYLE_COLOUR('',#10238);
#11969 = OVER_RIDING_STYLED_ITEM('overriding color',(#11970),#9331,
  #11773);
#11970 = PRESENTATION_STYLE_ASSIGNMENT((#11971));
#11971 = SURFACE_STYLE_USAGE(.BOTH.,#11972);
#11972 = SURFACE_SIDE_STYLE('',(#11973));
#11973 = SURFACE_STYLE_FILL_AREA(#11974);
#11974 = FILL_AREA_STYLE('',(#11975));
#11975 = FILL_AREA_STYLE_COLOUR('',#10238);
#11976 = OVER_RIDING_STYLED_ITEM('overriding color',(#11977),#9351,
  #11773);
#11977 = PRESENTATION_STYLE_ASSIGNMENT((#11978));
#11978 = SURFACE_STYLE_USAGE(.BOTH.,#11979);
#11979 = SURFACE_SIDE_STYLE('',(#11980));
#11980 = SURFACE_STYLE_FILL_AREA(#11981);
#11981 = FILL_AREA_STYLE('',(#11982));
#11982 = FILL_AREA_STYLE_COLOUR('',#10238);
#11983 = OVER_RIDING_STYLED_ITEM('overriding color',(#11984),#9367,
  #11773);
#11984 = PRESENTATION_STYLE_ASSIGNMENT((#11985));
#11985 = SURFACE_STYLE_USAGE(.BOTH.,#11986);
#11986 = SURFACE_SIDE_STYLE('',(#11987));
#11987 = SURFACE_STYLE_FILL_AREA(#11988);
#11988 = FILL_AREA_STYLE('',(#11989));
#11989 = FILL_AREA_STYLE_COLOUR('',#10238);
#11990 = OVER_RIDING_STYLED_ITEM('overriding color',(#11991),#9387,
  #11773);
#11991 = PRESENTATION_STYLE_ASSIGNMENT((#11992));
#11992 = SURFACE_STYLE_USAGE(.BOTH.,#11993);
#11993 = SURFACE_SIDE_STYLE('',(#11994));
#11994 = SURFACE_STYLE_FILL_AREA(#11995);
#11995 = FILL_AREA_STYLE('',(#11996));
#11996 = FILL_AREA_STYLE_COLOUR('',#10238);
#11997 = OVER_RIDING_STYLED_ITEM('overriding color',(#11998),#9407,
  #11773);
#11998 = PRESENTATION_STYLE_ASSIGNMENT((#11999));
#11999 = SURFACE_STYLE_USAGE(.BOTH.,#12000);
#12000 = SURFACE_SIDE_STYLE('',(#12001));
#12001 = SURFACE_STYLE_FILL_AREA(#12002);
#12002 = FILL_AREA_STYLE('',(#12003));
#12003 = FILL_AREA_STYLE_COLOUR('',#10238);
#12004 = OVER_RIDING_STYLED_ITEM('overriding color',(#12005),#9427,
  #11773);
#12005 = PRESENTATION_STYLE_ASSIGNMENT((#12006));
#12006 = SURFACE_STYLE_USAGE(.BOTH.,#12007);
#12007 = SURFACE_SIDE_STYLE('',(#12008));
#12008 = SURFACE_STYLE_FILL_AREA(#12009);
#12009 = FILL_AREA_STYLE('',(#12010));
#12010 = FILL_AREA_STYLE_COLOUR('',#10238);
#12011 = OVER_RIDING_STYLED_ITEM('overriding color',(#12012),#9443,
  #11773);
#12012 = PRESENTATION_STYLE_ASSIGNMENT((#12013));
#12013 = SURFACE_STYLE_USAGE(.BOTH.,#12014);
#12014 = SURFACE_SIDE_STYLE('',(#12015));
#12015 = SURFACE_STYLE_FILL_AREA(#12016);
#12016 = FILL_AREA_STYLE('',(#12017));
#12017 = FILL_AREA_STYLE_COLOUR('',#10238);
#12018 = OVER_RIDING_STYLED_ITEM('overriding color',(#12019),#9463,
  #11773);
#12019 = PRESENTATION_STYLE_ASSIGNMENT((#12020));
#12020 = SURFACE_STYLE_USAGE(.BOTH.,#12021);
#12021 = SURFACE_SIDE_STYLE('',(#12022));
#12022 = SURFACE_STYLE_FILL_AREA(#12023);
#12023 = FILL_AREA_STYLE('',(#12024));
#12024 = FILL_AREA_STYLE_COLOUR('',#10238);
#12025 = OVER_RIDING_STYLED_ITEM('overriding color',(#12026),#9479,
  #11773);
#12026 = PRESENTATION_STYLE_ASSIGNMENT((#12027));
#12027 = SURFACE_STYLE_USAGE(.BOTH.,#12028);
#12028 = SURFACE_SIDE_STYLE('',(#12029));
#12029 = SURFACE_STYLE_FILL_AREA(#12030);
#12030 = FILL_AREA_STYLE('',(#12031));
#12031 = FILL_AREA_STYLE_COLOUR('',#10238);
#12032 = OVER_RIDING_STYLED_ITEM('overriding color',(#12033),#9509,
  #11773);
#12033 = PRESENTATION_STYLE_ASSIGNMENT((#12034));
#12034 = SURFACE_STYLE_USAGE(.BOTH.,#12035);
#12035 = SURFACE_SIDE_STYLE('',(#12036));
#12036 = SURFACE_STYLE_FILL_AREA(#12037);
#12037 = FILL_AREA_STYLE('',(#12038));
#12038 = FILL_AREA_STYLE_COLOUR('',#10238);
ENDSEC;
END-ISO-10303-21;
